2026-03-13 12:16:11,435 [INFO] __main__: ✅ БД готова
2026-03-13 12:16:11,877 [INFO] apscheduler.scheduler: Adding job tentatively -- it will be properly scheduled when the scheduler starts
2026-03-13 12:16:11,877 [INFO] __main__: 🤖 Бот запущен!
2026-03-13 12:16:14,883 [INFO] httpx: HTTP Request: POST https://api.telegram.org/bot8611683567:AAFcLxkFz7jJSkr7jhzas3Y1KHZI8CN8W8g/getMe "HTTP/1.1 200 OK"
2026-03-13 12:16:14,887 [INFO] apscheduler.scheduler: Added job "main.<locals>.<lambda>" to job store "default"
2026-03-13 12:16:14,887 [INFO] apscheduler.scheduler: Scheduler started
2026-03-13 12:16:14,888 [INFO] __main__: ⏰ Планировщик: каждые 30 мин
2026-03-13 12:16:19,890 [INFO] __main__: ▶️  Проверка [13.03.2026 12:16]
2026-03-13 12:16:23,765 [WARNING] scrapers.teztour: TEZ Tour: туры не найдены
2026-03-13 12:16:25,428 [WARNING] scrapers.coral: Coral Travel: туры не найдены
2026-03-13 12:16:30,749 [WARNING] scrapers.joinup: Join Up: туры не найдены
2026-03-13 12:16:38,727 [WARNING] scrapers.novatours: Novatours: туры не найдены
2026-03-13 12:16:38,728 [INFO] __main__: Итого до фильтра: 0
2026-03-13 12:16:38,729 [INFO] __main__: 🔥 Новых горящих: 0
2026-03-13 12:16:38,837 [INFO] httpx: HTTP Request: POST https://api.telegram.org/bot8611683567:AAFcLxkFz7jJSkr7jhzas3Y1KHZI8CN8W8g/deleteWebhook "HTTP/1.1 200 OK"
2026-03-13 12:16:38,841 [INFO] apscheduler.scheduler: Scheduler started
2026-03-13 12:16:38,841 [INFO] telegram.ext.Application: Application started
2026-03-13 12:16:48,945 [INFO] httpx: HTTP Request: POST https://api.telegram.org/bot8611683567:AAFcLxkFz7jJSkr7jhzas3Y1KHZI8CN8W8g/getUpdates "HTTP/1.1 200 OK"
2026-03-13 12:16:52,939 [INFO] httpx: HTTP Request: POST https://api.telegram.org/bot8611683567:AAFcLxkFz7jJSkr7jhzas3Y1KHZI8CN8W8g/getUpdates "HTTP/1.1 200 OK"
2026-03-13 12:16:53,087 [INFO] httpx: HTTP Request: POST https://api.telegram.org/bot8611683567:AAFcLxkFz7jJSkr7jhzas3Y1KHZI8CN8W8g/sendMessage "HTTP/1.1 200 OK"
2026-03-13 12:17:02,987 [INFO] httpx: HTTP Request: POST https://api.telegram.org/bot8611683567:AAFcLxkFz7jJSkr7jhzas3Y1KHZI8CN8W8g/getUpdates "HTTP/1.1 200 OK"
2026-03-13 12:17:13,032 [INFO] httpx: HTTP Request: POST https://api.telegram.org/bot8611683567:AAFcLxkFz7jJSkr7jhzas3Y1KHZI8CN8W8g/getUpdates "HTTP/1.1 200 OK"
2026-03-13 12:17:23,074 [INFO] httpx: HTTP Request: POST https://api.telegram.org/bot8611683567:AAFcLxkFz7jJSkr7jhzas3Y1KHZI8CN8W8g/getUpdates "HTTP/1.1 200 OK"
2026-03-13 12:17:23,135 [INFO] httpx: HTTP Request: POST https://api.telegram.org/bot8611683567:AAFcLxkFz7jJSkr7jhzas3Y1KHZI8CN8W8g/getUpdates "HTTP/1.1 200 OK"
2026-03-13 12:17:23,292 [INFO] httpx: HTTP Request: POST https://api.telegram.org/bot8611683567:AAFcLxkFz7jJSkr7jhzas3Y1KHZI8CN8W8g/sendMessage "HTTP/1.1 200 OK"
2026-03-13 12:17:23,294 [INFO] __main__: ▶️  Проверка [13.03.2026 12:17]
2026-03-13 12:17:24,919 [WARNING] scrapers.novatours: Novatours: туры не найдены
2026-03-13 12:17:27,387 [WARNING] scrapers.teztour: TEZ Tour: туры не найдены
2026-03-13 12:17:29,176 [WARNING] scrapers.coral: Coral Travel: туры не найдены
2026-03-13 12:17:31,840 [WARNING] scrapers.joinup: Join Up: туры не найдены
2026-03-13 12:17:31,842 [INFO] __main__: Итого до фильтра: 0
2026-03-13 12:17:31,842 [INFO] __main__: 🔥 Новых горящих: 0
2026-03-13 12:17:32,066 [INFO] httpx: HTTP Request: POST https://api.telegram.org/bot8611683567:AAFcLxkFz7jJSkr7jhzas3Y1KHZI8CN8W8g/sendMessage "HTTP/1.1 200 OK"
2026-03-13 12:17:33,181 [INFO] httpx: HTTP Request: POST https://api.telegram.org/bot8611683567:AAFcLxkFz7jJSkr7jhzas3Y1KHZI8CN8W8g/getUpdates "HTTP/1.1 200 OK"
2026-03-13 12:17:43,217 [INFO] httpx: HTTP Request: POST https://api.telegram.org/bot8611683567:AAFcLxkFz7jJSkr7jhzas3Y1KHZI8CN8W8g/getUpdates "HTTP/1.1 200 OK"
2026-03-13 12:17:53,257 [INFO] httpx: HTTP Request: POST https://api.telegram.org/bot8611683567:AAFcLxkFz7jJSkr7jhzas3Y1KHZI8CN8W8g/getUpdates "HTTP/1.1 200 OK"
2026-03-13 12:18:03,296 [INFO] httpx: HTTP Request: POST https://api.telegram.org/bot8611683567:AAFcLxkFz7jJSkr7jhzas3Y1KHZI8CN8W8g/getUpdates "HTTP/1.1 200 OK"
2026-03-13 12:18:13,329 [INFO] httpx: HTTP Request: POST https://api.telegram.org/bot8611683567:AAFcLxkFz7jJSkr7jhzas3Y1KHZI8CN8W8g/getUpdates "HTTP/1.1 200 OK"
2026-03-13 12:18:23,371 [INFO] httpx: HTTP Request: POST https://api.telegram.org/bot8611683567:AAFcLxkFz7jJSkr7jhzas3Y1KHZI8CN8W8g/getUpdates "HTTP/1.1 200 OK"
2026-03-13 12:18:33,411 [INFO] httpx: HTTP Request: POST https://api.telegram.org/bot8611683567:AAFcLxkFz7jJSkr7jhzas3Y1KHZI8CN8W8g/getUpdates "HTTP/1.1 200 OK"
2026-03-13 12:18:43,448 [INFO] httpx: HTTP Request: POST https://api.telegram.org/bot8611683567:AAFcLxkFz7jJSkr7jhzas3Y1KHZI8CN8W8g/getUpdates "HTTP/1.1 200 OK"
2026-03-13 12:18:53,486 [INFO] httpx: HTTP Request: POST https://api.telegram.org/bot8611683567:AAFcLxkFz7jJSkr7jhzas3Y1KHZI8CN8W8g/getUpdates "HTTP/1.1 200 OK"
2026-03-13 12:19:03,525 [INFO] httpx: HTTP Request: POST https://api.telegram.org/bot8611683567:AAFcLxkFz7jJSkr7jhzas3Y1KHZI8CN8W8g/getUpdates "HTTP/1.1 200 OK"
2026-03-13 12:19:13,558 [INFO] httpx: HTTP Request: POST https://api.telegram.org/bot8611683567:AAFcLxkFz7jJSkr7jhzas3Y1KHZI8CN8W8g/getUpdates "HTTP/1.1 200 OK"
2026-03-13 12:19:23,594 [INFO] httpx: HTTP Request: POST https://api.telegram.org/bot8611683567:AAFcLxkFz7jJSkr7jhzas3Y1KHZI8CN8W8g/getUpdates "HTTP/1.1 200 OK"
2026-03-13 12:19:33,632 [INFO] httpx: HTTP Request: POST https://api.telegram.org/bot8611683567:AAFcLxkFz7jJSkr7jhzas3Y1KHZI8CN8W8g/getUpdates "HTTP/1.1 200 OK"
2026-03-13 12:19:43,671 [INFO] httpx: HTTP Request: POST https://api.telegram.org/bot8611683567:AAFcLxkFz7jJSkr7jhzas3Y1KHZI8CN8W8g/getUpdates "HTTP/1.1 200 OK"
2026-03-13 12:19:53,739 [INFO] httpx: HTTP Request: POST https://api.telegram.org/bot8611683567:AAFcLxkFz7jJSkr7jhzas3Y1KHZI8CN8W8g/getUpdates "HTTP/1.1 200 OK"
2026-03-13 12:20:03,779 [INFO] httpx: HTTP Request: POST https://api.telegram.org/bot8611683567:AAFcLxkFz7jJSkr7jhzas3Y1KHZI8CN8W8g/getUpdates "HTTP/1.1 200 OK"
2026-03-13 12:20:13,817 [INFO] httpx: HTTP Request: POST https://api.telegram.org/bot8611683567:AAFcLxkFz7jJSkr7jhzas3Y1KHZI8CN8W8g/getUpdates "HTTP/1.1 200 OK"
2026-03-13 12:20:23,854 [INFO] httpx: HTTP Request: POST https://api.telegram.org/bot8611683567:AAFcLxkFz7jJSkr7jhzas3Y1KHZI8CN8W8g/getUpdates "HTTP/1.1 200 OK"
2026-03-13 12:20:33,890 [INFO] httpx: HTTP Request: POST https://api.telegram.org/bot8611683567:AAFcLxkFz7jJSkr7jhzas3Y1KHZI8CN8W8g/getUpdates "HTTP/1.1 200 OK"
2026-03-13 12:20:43,928 [INFO] httpx: HTTP Request: POST https://api.telegram.org/bot8611683567:AAFcLxkFz7jJSkr7jhzas3Y1KHZI8CN8W8g/getUpdates "HTTP/1.1 200 OK"
2026-03-13 12:20:53,970 [INFO] httpx: HTTP Request: POST https://api.telegram.org/bot8611683567:AAFcLxkFz7jJSkr7jhzas3Y1KHZI8CN8W8g/getUpdates "HTTP/1.1 200 OK"
2026-03-13 12:21:04,009 [INFO] httpx: HTTP Request: POST https://api.telegram.org/bot8611683567:AAFcLxkFz7jJSkr7jhzas3Y1KHZI8CN8W8g/getUpdates "HTTP/1.1 200 OK"
2026-03-13 12:21:14,047 [INFO] httpx: HTTP Request: POST https://api.telegram.org/bot8611683567:AAFcLxkFz7jJSkr7jhzas3Y1KHZI8CN8W8g/getUpdates "HTTP/1.1 200 OK"
2026-03-13 12:21:24,082 [INFO] httpx: HTTP Request: POST https://api.telegram.org/bot8611683567:AAFcLxkFz7jJSkr7jhzas3Y1KHZI8CN8W8g/getUpdates "HTTP/1.1 200 OK"
2026-03-13 12:21:34,128 [INFO] httpx: HTTP Request: POST https://api.telegram.org/bot8611683567:AAFcLxkFz7jJSkr7jhzas3Y1KHZI8CN8W8g/getUpdates "HTTP/1.1 200 OK"
2026-03-13 12:21:44,168 [INFO] httpx: HTTP Request: POST https://api.telegram.org/bot8611683567:AAFcLxkFz7jJSkr7jhzas3Y1KHZI8CN8W8g/getUpdates "HTTP/1.1 200 OK"
2026-03-13 12:21:52,298 [INFO] httpx: HTTP Request: POST https://api.telegram.org/bot8611683567:AAFcLxkFz7jJSkr7jhzas3Y1KHZI8CN8W8g/getUpdates "HTTP/1.1 200 OK"
2026-03-13 12:21:52,301 [INFO] telegram.ext.Application: Application is stopping. This might take a moment.
2026-03-13 12:21:52,301 [INFO] apscheduler.scheduler: Scheduler has been shut down
2026-03-13 12:21:52,318 [INFO] telegram.ext.Application: Application.stop() complete
2026-03-13 12:21:52,320 [INFO] apscheduler.scheduler: Scheduler has been shut down
2026-03-13 12:23:07,068 [INFO] __main__: ✅ БД готова
2026-03-13 12:23:07,497 [INFO] apscheduler.scheduler: Adding job tentatively -- it will be properly scheduled when the scheduler starts
2026-03-13 12:23:07,497 [INFO] __main__: 🤖 Бот запущен!
2026-03-13 12:23:07,658 [INFO] httpx: HTTP Request: POST https://api.telegram.org/bot8611683567:AAFcLxkFz7jJSkr7jhzas3Y1KHZI8CN8W8g/getMe "HTTP/1.1 200 OK"
2026-03-13 12:23:07,661 [INFO] apscheduler.scheduler: Added job "main.<locals>.<lambda>" to job store "default"
2026-03-13 12:23:07,661 [INFO] apscheduler.scheduler: Scheduler started
2026-03-13 12:23:07,662 [INFO] __main__: ⏰ Планировщик: каждые 30 мин
2026-03-13 12:23:12,678 [INFO] __main__: ▶️  Проверка [13.03.2026 12:23]
2026-03-13 12:23:31,368 [WARNING] scrapers.coral: Coral Travel: туры не найдены
2026-03-13 12:23:41,830 [WARNING] scrapers.novatours: Novatours: туры не найдены
2026-03-13 12:23:43,775 [WARNING] scrapers.joinup: Join Up: туры не найдены
2026-03-13 12:23:44,707 [WARNING] scrapers.teztour: TEZ Tour: туры не найдены
2026-03-13 12:23:44,708 [INFO] __main__: Итого до фильтра: 0
2026-03-13 12:23:44,709 [INFO] __main__: 🔥 Новых горящих: 0
2026-03-13 12:23:44,821 [INFO] httpx: HTTP Request: POST https://api.telegram.org/bot8611683567:AAFcLxkFz7jJSkr7jhzas3Y1KHZI8CN8W8g/deleteWebhook "HTTP/1.1 200 OK"
2026-03-13 12:23:44,826 [INFO] apscheduler.scheduler: Scheduler started
2026-03-13 12:23:44,827 [INFO] telegram.ext.Application: Application started
2026-03-13 12:23:54,943 [INFO] httpx: HTTP Request: POST https://api.telegram.org/bot8611683567:AAFcLxkFz7jJSkr7jhzas3Y1KHZI8CN8W8g/getUpdates "HTTP/1.1 200 OK"
2026-03-13 12:24:04,989 [INFO] httpx: HTTP Request: POST https://api.telegram.org/bot8611683567:AAFcLxkFz7jJSkr7jhzas3Y1KHZI8CN8W8g/getUpdates "HTTP/1.1 200 OK"
2026-03-13 12:24:15,029 [INFO] httpx: HTTP Request: POST https://api.telegram.org/bot8611683567:AAFcLxkFz7jJSkr7jhzas3Y1KHZI8CN8W8g/getUpdates "HTTP/1.1 200 OK"
2026-03-13 12:24:25,099 [INFO] httpx: HTTP Request: POST https://api.telegram.org/bot8611683567:AAFcLxkFz7jJSkr7jhzas3Y1KHZI8CN8W8g/getUpdates "HTTP/1.1 200 OK"
2026-03-13 12:24:35,140 [INFO] httpx: HTTP Request: POST https://api.telegram.org/bot8611683567:AAFcLxkFz7jJSkr7jhzas3Y1KHZI8CN8W8g/getUpdates "HTTP/1.1 200 OK"
2026-03-13 12:24:45,195 [INFO] httpx: HTTP Request: POST https://api.telegram.org/bot8611683567:AAFcLxkFz7jJSkr7jhzas3Y1KHZI8CN8W8g/getUpdates "HTTP/1.1 200 OK"
2026-03-13 12:24:55,269 [INFO] httpx: HTTP Request: POST https://api.telegram.org/bot8611683567:AAFcLxkFz7jJSkr7jhzas3Y1KHZI8CN8W8g/getUpdates "HTTP/1.1 200 OK"
2026-03-13 12:25:05,316 [INFO] httpx: HTTP Request: POST https://api.telegram.org/bot8611683567:AAFcLxkFz7jJSkr7jhzas3Y1KHZI8CN8W8g/getUpdates "HTTP/1.1 200 OK"
2026-03-13 12:25:15,354 [INFO] httpx: HTTP Request: POST https://api.telegram.org/bot8611683567:AAFcLxkFz7jJSkr7jhzas3Y1KHZI8CN8W8g/getUpdates "HTTP/1.1 200 OK"
2026-03-13 12:25:25,393 [INFO] httpx: HTTP Request: POST https://api.telegram.org/bot8611683567:AAFcLxkFz7jJSkr7jhzas3Y1KHZI8CN8W8g/getUpdates "HTTP/1.1 200 OK"
2026-03-13 12:25:35,434 [INFO] httpx: HTTP Request: POST https://api.telegram.org/bot8611683567:AAFcLxkFz7jJSkr7jhzas3Y1KHZI8CN8W8g/getUpdates "HTTP/1.1 200 OK"
2026-03-13 12:25:45,474 [INFO] httpx: HTTP Request: POST https://api.telegram.org/bot8611683567:AAFcLxkFz7jJSkr7jhzas3Y1KHZI8CN8W8g/getUpdates "HTTP/1.1 200 OK"
2026-03-13 12:25:55,517 [INFO] httpx: HTTP Request: POST https://api.telegram.org/bot8611683567:AAFcLxkFz7jJSkr7jhzas3Y1KHZI8CN8W8g/getUpdates "HTTP/1.1 200 OK"
2026-03-13 12:26:05,551 [INFO] httpx: HTTP Request: POST https://api.telegram.org/bot8611683567:AAFcLxkFz7jJSkr7jhzas3Y1KHZI8CN8W8g/getUpdates "HTTP/1.1 200 OK"
2026-03-13 12:26:15,597 [INFO] httpx: HTTP Request: POST https://api.telegram.org/bot8611683567:AAFcLxkFz7jJSkr7jhzas3Y1KHZI8CN8W8g/getUpdates "HTTP/1.1 200 OK"
2026-03-13 12:26:25,638 [INFO] httpx: HTTP Request: POST https://api.telegram.org/bot8611683567:AAFcLxkFz7jJSkr7jhzas3Y1KHZI8CN8W8g/getUpdates "HTTP/1.1 200 OK"
2026-03-13 12:26:35,680 [INFO] httpx: HTTP Request: POST https://api.telegram.org/bot8611683567:AAFcLxkFz7jJSkr7jhzas3Y1KHZI8CN8W8g/getUpdates "HTTP/1.1 200 OK"
2026-03-13 12:26:45,721 [INFO] httpx: HTTP Request: POST https://api.telegram.org/bot8611683567:AAFcLxkFz7jJSkr7jhzas3Y1KHZI8CN8W8g/getUpdates "HTTP/1.1 200 OK"
2026-03-13 12:26:55,765 [INFO] httpx: HTTP Request: POST https://api.telegram.org/bot8611683567:AAFcLxkFz7jJSkr7jhzas3Y1KHZI8CN8W8g/getUpdates "HTTP/1.1 200 OK"
2026-03-13 12:27:05,803 [INFO] httpx: HTTP Request: POST https://api.telegram.org/bot8611683567:AAFcLxkFz7jJSkr7jhzas3Y1KHZI8CN8W8g/getUpdates "HTTP/1.1 200 OK"
2026-03-13 12:27:15,849 [INFO] httpx: HTTP Request: POST https://api.telegram.org/bot8611683567:AAFcLxkFz7jJSkr7jhzas3Y1KHZI8CN8W8g/getUpdates "HTTP/1.1 200 OK"
2026-03-13 12:27:25,893 [INFO] httpx: HTTP Request: POST https://api.telegram.org/bot8611683567:AAFcLxkFz7jJSkr7jhzas3Y1KHZI8CN8W8g/getUpdates "HTTP/1.1 200 OK"
2026-03-13 12:27:35,937 [INFO] httpx: HTTP Request: POST https://api.telegram.org/bot8611683567:AAFcLxkFz7jJSkr7jhzas3Y1KHZI8CN8W8g/getUpdates "HTTP/1.1 200 OK"
2026-03-13 12:27:46,002 [INFO] httpx: HTTP Request: POST https://api.telegram.org/bot8611683567:AAFcLxkFz7jJSkr7jhzas3Y1KHZI8CN8W8g/getUpdates "HTTP/1.1 200 OK"
2026-03-13 12:27:56,040 [INFO] httpx: HTTP Request: POST https://api.telegram.org/bot8611683567:AAFcLxkFz7jJSkr7jhzas3Y1KHZI8CN8W8g/getUpdates "HTTP/1.1 200 OK"
2026-03-13 12:28:06,083 [INFO] httpx: HTTP Request: POST https://api.telegram.org/bot8611683567:AAFcLxkFz7jJSkr7jhzas3Y1KHZI8CN8W8g/getUpdates "HTTP/1.1 200 OK"
2026-03-13 12:28:16,123 [INFO] httpx: HTTP Request: POST https://api.telegram.org/bot8611683567:AAFcLxkFz7jJSkr7jhzas3Y1KHZI8CN8W8g/getUpdates "HTTP/1.1 200 OK"
2026-03-13 12:28:26,207 [INFO] httpx: HTTP Request: POST https://api.telegram.org/bot8611683567:AAFcLxkFz7jJSkr7jhzas3Y1KHZI8CN8W8g/getUpdates "HTTP/1.1 200 OK"
2026-03-13 12:28:36,246 [INFO] httpx: HTTP Request: POST https://api.telegram.org/bot8611683567:AAFcLxkFz7jJSkr7jhzas3Y1KHZI8CN8W8g/getUpdates "HTTP/1.1 200 OK"
2026-03-13 12:28:46,285 [INFO] httpx: HTTP Request: POST https://api.telegram.org/bot8611683567:AAFcLxkFz7jJSkr7jhzas3Y1KHZI8CN8W8g/getUpdates "HTTP/1.1 200 OK"
2026-03-13 12:28:56,325 [INFO] httpx: HTTP Request: POST https://api.telegram.org/bot8611683567:AAFcLxkFz7jJSkr7jhzas3Y1KHZI8CN8W8g/getUpdates "HTTP/1.1 200 OK"
2026-03-13 12:29:06,364 [INFO] httpx: HTTP Request: POST https://api.telegram.org/bot8611683567:AAFcLxkFz7jJSkr7jhzas3Y1KHZI8CN8W8g/getUpdates "HTTP/1.1 200 OK"
2026-03-13 12:29:16,419 [INFO] httpx: HTTP Request: POST https://api.telegram.org/bot8611683567:AAFcLxkFz7jJSkr7jhzas3Y1KHZI8CN8W8g/getUpdates "HTTP/1.1 200 OK"
2026-03-13 12:29:26,458 [INFO] httpx: HTTP Request: POST https://api.telegram.org/bot8611683567:AAFcLxkFz7jJSkr7jhzas3Y1KHZI8CN8W8g/getUpdates "HTTP/1.1 200 OK"
2026-03-13 12:29:36,499 [INFO] httpx: HTTP Request: POST https://api.telegram.org/bot8611683567:AAFcLxkFz7jJSkr7jhzas3Y1KHZI8CN8W8g/getUpdates "HTTP/1.1 200 OK"
2026-03-13 12:29:46,539 [INFO] httpx: HTTP Request: POST https://api.telegram.org/bot8611683567:AAFcLxkFz7jJSkr7jhzas3Y1KHZI8CN8W8g/getUpdates "HTTP/1.1 200 OK"
2026-03-13 12:29:56,580 [INFO] httpx: HTTP Request: POST https://api.telegram.org/bot8611683567:AAFcLxkFz7jJSkr7jhzas3Y1KHZI8CN8W8g/getUpdates "HTTP/1.1 200 OK"
2026-03-13 12:30:06,694 [INFO] httpx: HTTP Request: POST https://api.telegram.org/bot8611683567:AAFcLxkFz7jJSkr7jhzas3Y1KHZI8CN8W8g/getUpdates "HTTP/1.1 200 OK"
2026-03-13 12:30:16,737 [INFO] httpx: HTTP Request: POST https://api.telegram.org/bot8611683567:AAFcLxkFz7jJSkr7jhzas3Y1KHZI8CN8W8g/getUpdates "HTTP/1.1 200 OK"
2026-03-13 12:30:26,777 [INFO] httpx: HTTP Request: POST https://api.telegram.org/bot8611683567:AAFcLxkFz7jJSkr7jhzas3Y1KHZI8CN8W8g/getUpdates "HTTP/1.1 200 OK"
2026-03-13 12:30:36,820 [INFO] httpx: HTTP Request: POST https://api.telegram.org/bot8611683567:AAFcLxkFz7jJSkr7jhzas3Y1KHZI8CN8W8g/getUpdates "HTTP/1.1 200 OK"
2026-03-13 12:30:46,867 [INFO] httpx: HTTP Request: POST https://api.telegram.org/bot8611683567:AAFcLxkFz7jJSkr7jhzas3Y1KHZI8CN8W8g/getUpdates "HTTP/1.1 200 OK"
2026-03-13 12:30:56,941 [INFO] httpx: HTTP Request: POST https://api.telegram.org/bot8611683567:AAFcLxkFz7jJSkr7jhzas3Y1KHZI8CN8W8g/getUpdates "HTTP/1.1 200 OK"
2026-03-13 12:31:06,983 [INFO] httpx: HTTP Request: POST https://api.telegram.org/bot8611683567:AAFcLxkFz7jJSkr7jhzas3Y1KHZI8CN8W8g/getUpdates "HTTP/1.1 200 OK"
2026-03-13 12:31:17,027 [INFO] httpx: HTTP Request: POST https://api.telegram.org/bot8611683567:AAFcLxkFz7jJSkr7jhzas3Y1KHZI8CN8W8g/getUpdates "HTTP/1.1 200 OK"
2026-03-13 12:31:27,069 [INFO] httpx: HTTP Request: POST https://api.telegram.org/bot8611683567:AAFcLxkFz7jJSkr7jhzas3Y1KHZI8CN8W8g/getUpdates "HTTP/1.1 200 OK"
2026-03-13 12:31:37,110 [INFO] httpx: HTTP Request: POST https://api.telegram.org/bot8611683567:AAFcLxkFz7jJSkr7jhzas3Y1KHZI8CN8W8g/getUpdates "HTTP/1.1 200 OK"
2026-03-13 12:31:47,151 [INFO] httpx: HTTP Request: POST https://api.telegram.org/bot8611683567:AAFcLxkFz7jJSkr7jhzas3Y1KHZI8CN8W8g/getUpdates "HTTP/1.1 200 OK"
2026-03-13 12:31:57,205 [INFO] httpx: HTTP Request: POST https://api.telegram.org/bot8611683567:AAFcLxkFz7jJSkr7jhzas3Y1KHZI8CN8W8g/getUpdates "HTTP/1.1 200 OK"
2026-03-13 12:32:07,257 [INFO] httpx: HTTP Request: POST https://api.telegram.org/bot8611683567:AAFcLxkFz7jJSkr7jhzas3Y1KHZI8CN8W8g/getUpdates "HTTP/1.1 200 OK"
2026-03-13 12:32:17,306 [INFO] httpx: HTTP Request: POST https://api.telegram.org/bot8611683567:AAFcLxkFz7jJSkr7jhzas3Y1KHZI8CN8W8g/getUpdates "HTTP/1.1 200 OK"
2026-03-13 12:32:27,346 [INFO] httpx: HTTP Request: POST https://api.telegram.org/bot8611683567:AAFcLxkFz7jJSkr7jhzas3Y1KHZI8CN8W8g/getUpdates "HTTP/1.1 200 OK"
2026-03-13 12:32:37,387 [INFO] httpx: HTTP Request: POST https://api.telegram.org/bot8611683567:AAFcLxkFz7jJSkr7jhzas3Y1KHZI8CN8W8g/getUpdates "HTTP/1.1 200 OK"
2026-03-13 12:32:47,429 [INFO] httpx: HTTP Request: POST https://api.telegram.org/bot8611683567:AAFcLxkFz7jJSkr7jhzas3Y1KHZI8CN8W8g/getUpdates "HTTP/1.1 200 OK"
2026-03-13 12:32:57,474 [INFO] httpx: HTTP Request: POST https://api.telegram.org/bot8611683567:AAFcLxkFz7jJSkr7jhzas3Y1KHZI8CN8W8g/getUpdates "HTTP/1.1 200 OK"
2026-03-13 12:33:07,512 [INFO] httpx: HTTP Request: POST https://api.telegram.org/bot8611683567:AAFcLxkFz7jJSkr7jhzas3Y1KHZI8CN8W8g/getUpdates "HTTP/1.1 200 OK"
2026-03-13 12:33:17,551 [INFO] httpx: HTTP Request: POST https://api.telegram.org/bot8611683567:AAFcLxkFz7jJSkr7jhzas3Y1KHZI8CN8W8g/getUpdates "HTTP/1.1 200 OK"
2026-03-13 12:33:27,590 [INFO] httpx: HTTP Request: POST https://api.telegram.org/bot8611683567:AAFcLxkFz7jJSkr7jhzas3Y1KHZI8CN8W8g/getUpdates "HTTP/1.1 200 OK"
2026-03-13 12:33:37,628 [INFO] httpx: HTTP Request: POST https://api.telegram.org/bot8611683567:AAFcLxkFz7jJSkr7jhzas3Y1KHZI8CN8W8g/getUpdates "HTTP/1.1 200 OK"
2026-03-13 12:33:47,680 [INFO] httpx: HTTP Request: POST https://api.telegram.org/bot8611683567:AAFcLxkFz7jJSkr7jhzas3Y1KHZI8CN8W8g/getUpdates "HTTP/1.1 200 OK"
2026-03-13 12:33:57,727 [INFO] httpx: HTTP Request: POST https://api.telegram.org/bot8611683567:AAFcLxkFz7jJSkr7jhzas3Y1KHZI8CN8W8g/getUpdates "HTTP/1.1 200 OK"
2026-03-13 12:34:07,771 [INFO] httpx: HTTP Request: POST https://api.telegram.org/bot8611683567:AAFcLxkFz7jJSkr7jhzas3Y1KHZI8CN8W8g/getUpdates "HTTP/1.1 200 OK"
2026-03-13 12:34:17,819 [INFO] httpx: HTTP Request: POST https://api.telegram.org/bot8611683567:AAFcLxkFz7jJSkr7jhzas3Y1KHZI8CN8W8g/getUpdates "HTTP/1.1 200 OK"
2026-03-13 12:34:27,863 [INFO] httpx: HTTP Request: POST https://api.telegram.org/bot8611683567:AAFcLxkFz7jJSkr7jhzas3Y1KHZI8CN8W8g/getUpdates "HTTP/1.1 200 OK"
2026-03-13 12:34:37,901 [INFO] httpx: HTTP Request: POST https://api.telegram.org/bot8611683567:AAFcLxkFz7jJSkr7jhzas3Y1KHZI8CN8W8g/getUpdates "HTTP/1.1 200 OK"
2026-03-13 12:34:47,940 [INFO] httpx: HTTP Request: POST https://api.telegram.org/bot8611683567:AAFcLxkFz7jJSkr7jhzas3Y1KHZI8CN8W8g/getUpdates "HTTP/1.1 200 OK"
2026-03-13 12:34:57,986 [INFO] httpx: HTTP Request: POST https://api.telegram.org/bot8611683567:AAFcLxkFz7jJSkr7jhzas3Y1KHZI8CN8W8g/getUpdates "HTTP/1.1 200 OK"
2026-03-13 12:35:08,026 [INFO] httpx: HTTP Request: POST https://api.telegram.org/bot8611683567:AAFcLxkFz7jJSkr7jhzas3Y1KHZI8CN8W8g/getUpdates "HTTP/1.1 200 OK"
2026-03-13 12:35:18,062 [INFO] httpx: HTTP Request: POST https://api.telegram.org/bot8611683567:AAFcLxkFz7jJSkr7jhzas3Y1KHZI8CN8W8g/getUpdates "HTTP/1.1 200 OK"
2026-03-13 12:35:28,102 [INFO] httpx: HTTP Request: POST https://api.telegram.org/bot8611683567:AAFcLxkFz7jJSkr7jhzas3Y1KHZI8CN8W8g/getUpdates "HTTP/1.1 200 OK"
2026-03-13 12:35:38,144 [INFO] httpx: HTTP Request: POST https://api.telegram.org/bot8611683567:AAFcLxkFz7jJSkr7jhzas3Y1KHZI8CN8W8g/getUpdates "HTTP/1.1 200 OK"
2026-03-13 12:35:48,188 [INFO] httpx: HTTP Request: POST https://api.telegram.org/bot8611683567:AAFcLxkFz7jJSkr7jhzas3Y1KHZI8CN8W8g/getUpdates "HTTP/1.1 200 OK"
2026-03-13 12:35:58,234 [INFO] httpx: HTTP Request: POST https://api.telegram.org/bot8611683567:AAFcLxkFz7jJSkr7jhzas3Y1KHZI8CN8W8g/getUpdates "HTTP/1.1 200 OK"
2026-03-13 12:36:08,273 [INFO] httpx: HTTP Request: POST https://api.telegram.org/bot8611683567:AAFcLxkFz7jJSkr7jhzas3Y1KHZI8CN8W8g/getUpdates "HTTP/1.1 200 OK"
2026-03-13 12:36:18,314 [INFO] httpx: HTTP Request: POST https://api.telegram.org/bot8611683567:AAFcLxkFz7jJSkr7jhzas3Y1KHZI8CN8W8g/getUpdates "HTTP/1.1 200 OK"
2026-03-13 12:36:28,357 [INFO] httpx: HTTP Request: POST https://api.telegram.org/bot8611683567:AAFcLxkFz7jJSkr7jhzas3Y1KHZI8CN8W8g/getUpdates "HTTP/1.1 200 OK"
2026-03-13 12:36:38,407 [INFO] httpx: HTTP Request: POST https://api.telegram.org/bot8611683567:AAFcLxkFz7jJSkr7jhzas3Y1KHZI8CN8W8g/getUpdates "HTTP/1.1 200 OK"
2026-03-13 12:36:43,517 [INFO] httpx: HTTP Request: POST https://api.telegram.org/bot8611683567:AAFcLxkFz7jJSkr7jhzas3Y1KHZI8CN8W8g/getUpdates "HTTP/1.1 200 OK"
2026-03-13 12:36:43,520 [INFO] telegram.ext.Application: Application is stopping. This might take a moment.
2026-03-13 12:36:43,520 [INFO] apscheduler.scheduler: Scheduler has been shut down
2026-03-13 12:36:43,531 [INFO] telegram.ext.Application: Application.stop() complete
2026-03-13 12:36:43,534 [INFO] apscheduler.scheduler: Scheduler has been shut down
2026-03-13 12:36:47,350 [INFO] __main__: ✅ БД готова
2026-03-13 12:36:47,792 [INFO] apscheduler.scheduler: Adding job tentatively -- it will be properly scheduled when the scheduler starts
2026-03-13 12:36:47,793 [INFO] __main__: 🤖 Бот запущен!
2026-03-13 12:36:48,077 [INFO] httpx: HTTP Request: POST https://api.telegram.org/bot8611683567:AAFcLxkFz7jJSkr7jhzas3Y1KHZI8CN8W8g/getMe "HTTP/1.1 200 OK"
2026-03-13 12:36:48,080 [INFO] apscheduler.scheduler: Added job "main.<locals>.<lambda>" to job store "default"
2026-03-13 12:36:48,080 [INFO] apscheduler.scheduler: Scheduler started
2026-03-13 12:36:48,080 [INFO] __main__: ⏰ Планировщик: каждые 30 мин
2026-03-13 12:36:53,083 [INFO] __main__: ▶️  Проверка [13.03.2026 12:36]
2026-03-13 12:36:56,978 [WARNING] scrapers.coral: Coral Travel: туры не найдены
2026-03-13 12:37:26,316 [WARNING] scrapers.joinup: Join Up: туры не найдены
2026-03-13 12:37:27,414 [WARNING] scrapers.teztour: TEZ Tour: туры не найдены
2026-03-13 12:37:33,012 [WARNING] scrapers.novatours: Novatours: туры не найдены
2026-03-13 12:37:33,012 [INFO] __main__: Итого до фильтра: 0
2026-03-13 12:37:33,012 [INFO] __main__: 🔥 Новых горящих: 0
2026-03-13 12:37:33,116 [INFO] httpx: HTTP Request: POST https://api.telegram.org/bot8611683567:AAFcLxkFz7jJSkr7jhzas3Y1KHZI8CN8W8g/deleteWebhook "HTTP/1.1 200 OK"
2026-03-13 12:37:33,120 [INFO] apscheduler.scheduler: Scheduler started
2026-03-13 12:37:33,121 [INFO] telegram.ext.Application: Application started
2026-03-13 12:37:43,225 [INFO] httpx: HTTP Request: POST https://api.telegram.org/bot8611683567:AAFcLxkFz7jJSkr7jhzas3Y1KHZI8CN8W8g/getUpdates "HTTP/1.1 200 OK"
2026-03-13 12:37:53,267 [INFO] httpx: HTTP Request: POST https://api.telegram.org/bot8611683567:AAFcLxkFz7jJSkr7jhzas3Y1KHZI8CN8W8g/getUpdates "HTTP/1.1 200 OK"
2026-03-13 12:38:03,308 [INFO] httpx: HTTP Request: POST https://api.telegram.org/bot8611683567:AAFcLxkFz7jJSkr7jhzas3Y1KHZI8CN8W8g/getUpdates "HTTP/1.1 200 OK"
2026-03-13 12:38:13,346 [INFO] httpx: HTTP Request: POST https://api.telegram.org/bot8611683567:AAFcLxkFz7jJSkr7jhzas3Y1KHZI8CN8W8g/getUpdates "HTTP/1.1 200 OK"
2026-03-13 12:38:23,386 [INFO] httpx: HTTP Request: POST https://api.telegram.org/bot8611683567:AAFcLxkFz7jJSkr7jhzas3Y1KHZI8CN8W8g/getUpdates "HTTP/1.1 200 OK"
2026-03-13 12:38:33,424 [INFO] httpx: HTTP Request: POST https://api.telegram.org/bot8611683567:AAFcLxkFz7jJSkr7jhzas3Y1KHZI8CN8W8g/getUpdates "HTTP/1.1 200 OK"
2026-03-13 12:38:43,467 [INFO] httpx: HTTP Request: POST https://api.telegram.org/bot8611683567:AAFcLxkFz7jJSkr7jhzas3Y1KHZI8CN8W8g/getUpdates "HTTP/1.1 200 OK"
2026-03-13 12:38:53,507 [INFO] httpx: HTTP Request: POST https://api.telegram.org/bot8611683567:AAFcLxkFz7jJSkr7jhzas3Y1KHZI8CN8W8g/getUpdates "HTTP/1.1 200 OK"
2026-03-13 12:39:03,553 [INFO] httpx: HTTP Request: POST https://api.telegram.org/bot8611683567:AAFcLxkFz7jJSkr7jhzas3Y1KHZI8CN8W8g/getUpdates "HTTP/1.1 200 OK"
2026-03-13 13:17:56,007 [INFO] __main__: ✅ БД готова
2026-03-13 13:17:56,423 [INFO] apscheduler.scheduler: Adding job tentatively -- it will be properly scheduled when the scheduler starts
2026-03-13 13:17:56,424 [INFO] __main__: 🤖 Бот запущен!
2026-03-13 13:17:56,608 [INFO] httpx: HTTP Request: POST https://api.telegram.org/bot8611683567:AAFcLxkFz7jJSkr7jhzas3Y1KHZI8CN8W8g/getMe "HTTP/1.1 200 OK"
2026-03-13 13:17:56,611 [INFO] apscheduler.scheduler: Added job "main.<locals>.<lambda>" to job store "default"
2026-03-13 13:17:56,611 [INFO] apscheduler.scheduler: Scheduler started
2026-03-13 13:17:56,611 [INFO] __main__: ⏰ Планировщик: каждые 30 мин
2026-03-13 13:18:01,617 [INFO] __main__: ▶️  Проверка [13.03.2026 13:18]
2026-03-13 13:18:02,827 [WARNING] scrapers.coral: Coral Travel: туры не найдены
2026-03-13 13:18:05,902 [INFO] scrapers.novatours: Novatours: токен получен (03096e2114...)
2026-03-13 13:18:07,430 [INFO] scrapers.novatours: Novatours: 10 отелей с ценами
2026-03-13 13:18:33,482 [WARNING] scrapers.teztour: TEZ Tour: туры не найдены
2026-03-13 13:18:33,866 [WARNING] scrapers.joinup: Join Up: туры не найдены
2026-03-13 13:18:33,867 [INFO] __main__: Novatours: 10 туров до фильтра
2026-03-13 13:18:33,867 [INFO] __main__: Итого до фильтра: 10
2026-03-13 13:18:33,868 [INFO] __main__: 🔥 Новых горящих: 0
2026-03-13 13:18:33,981 [INFO] httpx: HTTP Request: POST https://api.telegram.org/bot8611683567:AAFcLxkFz7jJSkr7jhzas3Y1KHZI8CN8W8g/deleteWebhook "HTTP/1.1 200 OK"
2026-03-13 13:18:33,986 [INFO] apscheduler.scheduler: Scheduler started
2026-03-13 13:18:33,986 [INFO] telegram.ext.Application: Application started
2026-03-13 13:18:44,089 [INFO] httpx: HTTP Request: POST https://api.telegram.org/bot8611683567:AAFcLxkFz7jJSkr7jhzas3Y1KHZI8CN8W8g/getUpdates "HTTP/1.1 200 OK"
2026-03-13 13:18:54,130 [INFO] httpx: HTTP Request: POST https://api.telegram.org/bot8611683567:AAFcLxkFz7jJSkr7jhzas3Y1KHZI8CN8W8g/getUpdates "HTTP/1.1 200 OK"
2026-03-13 13:19:04,169 [INFO] httpx: HTTP Request: POST https://api.telegram.org/bot8611683567:AAFcLxkFz7jJSkr7jhzas3Y1KHZI8CN8W8g/getUpdates "HTTP/1.1 200 OK"
2026-03-13 13:19:14,248 [INFO] httpx: HTTP Request: POST https://api.telegram.org/bot8611683567:AAFcLxkFz7jJSkr7jhzas3Y1KHZI8CN8W8g/getUpdates "HTTP/1.1 200 OK"
2026-03-13 13:19:24,286 [INFO] httpx: HTTP Request: POST https://api.telegram.org/bot8611683567:AAFcLxkFz7jJSkr7jhzas3Y1KHZI8CN8W8g/getUpdates "HTTP/1.1 200 OK"
2026-03-13 13:19:34,328 [INFO] httpx: HTTP Request: POST https://api.telegram.org/bot8611683567:AAFcLxkFz7jJSkr7jhzas3Y1KHZI8CN8W8g/getUpdates "HTTP/1.1 200 OK"
2026-03-13 13:19:44,370 [INFO] httpx: HTTP Request: POST https://api.telegram.org/bot8611683567:AAFcLxkFz7jJSkr7jhzas3Y1KHZI8CN8W8g/getUpdates "HTTP/1.1 200 OK"
2026-03-13 13:19:54,408 [INFO] httpx: HTTP Request: POST https://api.telegram.org/bot8611683567:AAFcLxkFz7jJSkr7jhzas3Y1KHZI8CN8W8g/getUpdates "HTTP/1.1 200 OK"
2026-03-13 13:20:04,449 [INFO] httpx: HTTP Request: POST https://api.telegram.org/bot8611683567:AAFcLxkFz7jJSkr7jhzas3Y1KHZI8CN8W8g/getUpdates "HTTP/1.1 200 OK"
2026-03-13 13:20:14,485 [INFO] httpx: HTTP Request: POST https://api.telegram.org/bot8611683567:AAFcLxkFz7jJSkr7jhzas3Y1KHZI8CN8W8g/getUpdates "HTTP/1.1 200 OK"
2026-03-13 13:20:24,520 [INFO] httpx: HTTP Request: POST https://api.telegram.org/bot8611683567:AAFcLxkFz7jJSkr7jhzas3Y1KHZI8CN8W8g/getUpdates "HTTP/1.1 200 OK"
2026-03-13 13:20:34,554 [INFO] httpx: HTTP Request: POST https://api.telegram.org/bot8611683567:AAFcLxkFz7jJSkr7jhzas3Y1KHZI8CN8W8g/getUpdates "HTTP/1.1 200 OK"
2026-03-13 13:20:44,616 [INFO] httpx: HTTP Request: POST https://api.telegram.org/bot8611683567:AAFcLxkFz7jJSkr7jhzas3Y1KHZI8CN8W8g/getUpdates "HTTP/1.1 200 OK"
2026-03-13 13:20:54,653 [INFO] httpx: HTTP Request: POST https://api.telegram.org/bot8611683567:AAFcLxkFz7jJSkr7jhzas3Y1KHZI8CN8W8g/getUpdates "HTTP/1.1 200 OK"
2026-03-13 13:21:04,691 [INFO] httpx: HTTP Request: POST https://api.telegram.org/bot8611683567:AAFcLxkFz7jJSkr7jhzas3Y1KHZI8CN8W8g/getUpdates "HTTP/1.1 200 OK"
2026-03-13 13:21:14,741 [INFO] httpx: HTTP Request: POST https://api.telegram.org/bot8611683567:AAFcLxkFz7jJSkr7jhzas3Y1KHZI8CN8W8g/getUpdates "HTTP/1.1 200 OK"
2026-03-13 13:21:24,778 [INFO] httpx: HTTP Request: POST https://api.telegram.org/bot8611683567:AAFcLxkFz7jJSkr7jhzas3Y1KHZI8CN8W8g/getUpdates "HTTP/1.1 200 OK"
2026-03-13 13:21:34,817 [INFO] httpx: HTTP Request: POST https://api.telegram.org/bot8611683567:AAFcLxkFz7jJSkr7jhzas3Y1KHZI8CN8W8g/getUpdates "HTTP/1.1 200 OK"
2026-03-13 13:21:44,857 [INFO] httpx: HTTP Request: POST https://api.telegram.org/bot8611683567:AAFcLxkFz7jJSkr7jhzas3Y1KHZI8CN8W8g/getUpdates "HTTP/1.1 200 OK"
2026-03-13 13:22:18,515 [INFO] __main__: ✅ БД готова
2026-03-13 13:22:18,949 [INFO] apscheduler.scheduler: Adding job tentatively -- it will be properly scheduled when the scheduler starts
2026-03-13 13:22:18,949 [INFO] __main__: 🤖 Бот запущен!
2026-03-13 13:22:19,116 [INFO] httpx: HTTP Request: POST https://api.telegram.org/bot8611683567:AAFcLxkFz7jJSkr7jhzas3Y1KHZI8CN8W8g/getMe "HTTP/1.1 200 OK"
2026-03-13 13:22:19,118 [INFO] apscheduler.scheduler: Added job "main.<locals>.<lambda>" to job store "default"
2026-03-13 13:22:19,119 [INFO] apscheduler.scheduler: Scheduler started
2026-03-13 13:22:19,119 [INFO] __main__: ⏰ Планировщик: каждые 30 мин
2026-03-13 13:22:24,134 [INFO] __main__: ▶️  Проверка [13.03.2026 13:22]
2026-03-13 13:22:25,378 [WARNING] scrapers.coral: Coral Travel: туры не найдены
2026-03-13 13:22:28,553 [INFO] scrapers.novatours: Novatours: токен получен (03096e2114...)
2026-03-13 13:22:28,958 [INFO] scrapers.novatours: Novatours: 10 отелей с ценами
2026-03-13 13:22:54,845 [WARNING] scrapers.joinup: Join Up: туры не найдены
2026-03-13 13:22:55,760 [WARNING] scrapers.teztour: TEZ Tour: туры не найдены
2026-03-13 13:22:55,761 [INFO] __main__: Novatours: 10 туров до фильтра
2026-03-13 13:22:55,761 [INFO] __main__: Итого до фильтра: 10
2026-03-13 13:22:55,791 [INFO] __main__: 🔥 Новых горящих: 4
2026-03-13 13:22:55,905 [INFO] httpx: HTTP Request: POST https://api.telegram.org/bot8611683567:AAFcLxkFz7jJSkr7jhzas3Y1KHZI8CN8W8g/deleteWebhook "HTTP/1.1 200 OK"
2026-03-13 13:22:55,908 [INFO] apscheduler.scheduler: Scheduler started
2026-03-13 13:22:55,908 [INFO] telegram.ext.Application: Application started
2026-03-13 13:23:06,013 [INFO] httpx: HTTP Request: POST https://api.telegram.org/bot8611683567:AAFcLxkFz7jJSkr7jhzas3Y1KHZI8CN8W8g/getUpdates "HTTP/1.1 200 OK"
2026-03-13 13:23:16,075 [INFO] httpx: HTTP Request: POST https://api.telegram.org/bot8611683567:AAFcLxkFz7jJSkr7jhzas3Y1KHZI8CN8W8g/getUpdates "HTTP/1.1 200 OK"
2026-03-13 13:23:26,116 [INFO] httpx: HTTP Request: POST https://api.telegram.org/bot8611683567:AAFcLxkFz7jJSkr7jhzas3Y1KHZI8CN8W8g/getUpdates "HTTP/1.1 200 OK"
2026-03-13 13:23:36,158 [INFO] httpx: HTTP Request: POST https://api.telegram.org/bot8611683567:AAFcLxkFz7jJSkr7jhzas3Y1KHZI8CN8W8g/getUpdates "HTTP/1.1 200 OK"
2026-03-13 13:23:46,220 [INFO] httpx: HTTP Request: POST https://api.telegram.org/bot8611683567:AAFcLxkFz7jJSkr7jhzas3Y1KHZI8CN8W8g/getUpdates "HTTP/1.1 200 OK"
2026-03-13 13:23:56,259 [INFO] httpx: HTTP Request: POST https://api.telegram.org/bot8611683567:AAFcLxkFz7jJSkr7jhzas3Y1KHZI8CN8W8g/getUpdates "HTTP/1.1 200 OK"
2026-03-13 13:24:06,299 [INFO] httpx: HTTP Request: POST https://api.telegram.org/bot8611683567:AAFcLxkFz7jJSkr7jhzas3Y1KHZI8CN8W8g/getUpdates "HTTP/1.1 200 OK"
2026-03-13 13:24:16,336 [INFO] httpx: HTTP Request: POST https://api.telegram.org/bot8611683567:AAFcLxkFz7jJSkr7jhzas3Y1KHZI8CN8W8g/getUpdates "HTTP/1.1 200 OK"
2026-03-13 13:24:26,371 [INFO] httpx: HTTP Request: POST https://api.telegram.org/bot8611683567:AAFcLxkFz7jJSkr7jhzas3Y1KHZI8CN8W8g/getUpdates "HTTP/1.1 200 OK"
2026-03-13 13:24:36,410 [INFO] httpx: HTTP Request: POST https://api.telegram.org/bot8611683567:AAFcLxkFz7jJSkr7jhzas3Y1KHZI8CN8W8g/getUpdates "HTTP/1.1 200 OK"
2026-03-13 13:24:46,456 [INFO] httpx: HTTP Request: POST https://api.telegram.org/bot8611683567:AAFcLxkFz7jJSkr7jhzas3Y1KHZI8CN8W8g/getUpdates "HTTP/1.1 200 OK"
2026-03-13 13:24:52,196 [INFO] httpx: HTTP Request: POST https://api.telegram.org/bot8611683567:AAFcLxkFz7jJSkr7jhzas3Y1KHZI8CN8W8g/getUpdates "HTTP/1.1 200 OK"
2026-03-13 13:24:52,198 [INFO] telegram.ext.Application: Application is stopping. This might take a moment.
2026-03-13 13:24:52,199 [INFO] apscheduler.scheduler: Scheduler has been shut down
2026-03-13 13:24:52,223 [INFO] telegram.ext.Application: Application.stop() complete
2026-03-13 13:24:52,226 [INFO] apscheduler.scheduler: Scheduler has been shut down
2026-03-13 13:24:54,027 [INFO] __main__: ✅ БД готова
2026-03-13 13:24:54,477 [INFO] apscheduler.scheduler: Adding job tentatively -- it will be properly scheduled when the scheduler starts
2026-03-13 13:24:54,477 [INFO] __main__: 🤖 Бот запущен!
2026-03-13 13:24:54,651 [INFO] httpx: HTTP Request: POST https://api.telegram.org/bot8611683567:AAFcLxkFz7jJSkr7jhzas3Y1KHZI8CN8W8g/getMe "HTTP/1.1 200 OK"
2026-03-13 13:24:54,654 [INFO] apscheduler.scheduler: Added job "main.<locals>.<lambda>" to job store "default"
2026-03-13 13:24:54,654 [INFO] apscheduler.scheduler: Scheduler started
2026-03-13 13:24:54,655 [INFO] __main__: ⏰ Планировщик: каждые 30 мин
2026-03-13 13:24:59,658 [INFO] __main__: ▶️  Проверка [13.03.2026 13:24]
2026-03-13 13:25:00,972 [WARNING] scrapers.coral: Coral Travel: туры не найдены
2026-03-13 13:25:03,998 [INFO] scrapers.novatours: Novatours: токен получен (03096e2114...)
2026-03-13 13:25:04,333 [INFO] scrapers.novatours: Novatours: 10 отелей с ценами
2026-03-13 13:25:30,181 [WARNING] scrapers.joinup: Join Up: туры не найдены
2026-03-13 13:25:31,381 [WARNING] scrapers.teztour: TEZ Tour: туры не найдены
2026-03-13 13:25:31,382 [INFO] __main__: Novatours: 10 туров до фильтра
2026-03-13 13:25:31,382 [INFO] __main__: Итого до фильтра: 10
2026-03-13 13:25:31,386 [INFO] __main__: 🔥 Новых горящих: 0
2026-03-13 13:25:31,515 [INFO] httpx: HTTP Request: POST https://api.telegram.org/bot8611683567:AAFcLxkFz7jJSkr7jhzas3Y1KHZI8CN8W8g/deleteWebhook "HTTP/1.1 200 OK"
2026-03-13 13:25:31,521 [INFO] apscheduler.scheduler: Scheduler started
2026-03-13 13:25:31,522 [INFO] telegram.ext.Application: Application started
2026-03-13 13:25:41,628 [INFO] httpx: HTTP Request: POST https://api.telegram.org/bot8611683567:AAFcLxkFz7jJSkr7jhzas3Y1KHZI8CN8W8g/getUpdates "HTTP/1.1 200 OK"
2026-03-13 13:25:51,665 [INFO] httpx: HTTP Request: POST https://api.telegram.org/bot8611683567:AAFcLxkFz7jJSkr7jhzas3Y1KHZI8CN8W8g/getUpdates "HTTP/1.1 200 OK"
2026-03-13 13:26:01,706 [INFO] httpx: HTTP Request: POST https://api.telegram.org/bot8611683567:AAFcLxkFz7jJSkr7jhzas3Y1KHZI8CN8W8g/getUpdates "HTTP/1.1 200 OK"
2026-03-13 13:26:11,743 [INFO] httpx: HTTP Request: POST https://api.telegram.org/bot8611683567:AAFcLxkFz7jJSkr7jhzas3Y1KHZI8CN8W8g/getUpdates "HTTP/1.1 200 OK"
2026-03-13 13:26:21,227 [INFO] httpx: HTTP Request: POST https://api.telegram.org/bot8611683567:AAFcLxkFz7jJSkr7jhzas3Y1KHZI8CN8W8g/getUpdates "HTTP/1.1 200 OK"
2026-03-13 13:26:21,229 [INFO] telegram.ext.Application: Application is stopping. This might take a moment.
2026-03-13 13:26:21,229 [INFO] apscheduler.scheduler: Scheduler has been shut down
2026-03-13 13:26:21,248 [INFO] telegram.ext.Application: Application.stop() complete
2026-03-13 13:26:21,251 [INFO] apscheduler.scheduler: Scheduler has been shut down
2026-03-13 13:26:49,525 [INFO] __main__: ✅ БД готова
2026-03-13 13:26:49,967 [INFO] apscheduler.scheduler: Adding job tentatively -- it will be properly scheduled when the scheduler starts
2026-03-13 13:26:49,968 [INFO] __main__: 🤖 Бот запущен!
2026-03-13 13:26:50,143 [INFO] httpx: HTTP Request: POST https://api.telegram.org/bot8611683567:AAFcLxkFz7jJSkr7jhzas3Y1KHZI8CN8W8g/getMe "HTTP/1.1 200 OK"
2026-03-13 13:26:50,145 [INFO] apscheduler.scheduler: Added job "main.<locals>.<lambda>" to job store "default"
2026-03-13 13:26:50,145 [INFO] apscheduler.scheduler: Scheduler started
2026-03-13 13:26:50,145 [INFO] __main__: ⏰ Планировщик: каждые 30 мин
2026-03-13 13:26:58,158 [INFO] __main__: ▶️  Проверка [13.03.2026 13:26]
2026-03-13 13:26:59,340 [WARNING] scrapers.coral: Coral Travel: туры не найдены
2026-03-13 13:27:02,495 [INFO] scrapers.novatours: Novatours: токен получен (03096e2114...)
2026-03-13 13:27:02,878 [INFO] scrapers.novatours: Novatours: 10 отелей с ценами
2026-03-13 13:27:28,605 [WARNING] scrapers.joinup: Join Up: туры не найдены
2026-03-13 13:27:29,855 [WARNING] scrapers.teztour: TEZ Tour: туры не найдены
2026-03-13 13:27:29,855 [INFO] __main__: Novatours: 10 туров до фильтра
2026-03-13 13:27:29,855 [INFO] __main__: Итого до фильтра: 10
2026-03-13 13:27:29,876 [INFO] __main__: 🔥 Новых горящих: 4
2026-03-13 13:27:29,985 [INFO] httpx: HTTP Request: POST https://api.telegram.org/bot8611683567:AAFcLxkFz7jJSkr7jhzas3Y1KHZI8CN8W8g/deleteWebhook "HTTP/1.1 200 OK"
2026-03-13 13:27:29,989 [INFO] apscheduler.scheduler: Scheduler started
2026-03-13 13:27:29,990 [INFO] telegram.ext.Application: Application started
2026-03-13 13:27:30,091 [INFO] httpx: HTTP Request: POST https://api.telegram.org/bot8611683567:AAFcLxkFz7jJSkr7jhzas3Y1KHZI8CN8W8g/getUpdates "HTTP/1.1 200 OK"
2026-03-13 13:27:30,199 [INFO] httpx: HTTP Request: POST https://api.telegram.org/bot8611683567:AAFcLxkFz7jJSkr7jhzas3Y1KHZI8CN8W8g/sendMessage "HTTP/1.1 200 OK"
2026-03-13 13:27:30,271 [INFO] httpx: HTTP Request: POST https://api.telegram.org/bot8611683567:AAFcLxkFz7jJSkr7jhzas3Y1KHZI8CN8W8g/sendMessage "HTTP/1.1 200 OK"
2026-03-13 13:27:30,273 [INFO] __main__: ▶️  Проверка [13.03.2026 13:27]
2026-03-13 13:27:30,658 [INFO] scrapers.novatours: Novatours: 10 отелей с ценами
2026-03-13 13:27:31,219 [WARNING] scrapers.coral: Coral Travel: туры не найдены
2026-03-13 13:27:40,139 [INFO] httpx: HTTP Request: POST https://api.telegram.org/bot8611683567:AAFcLxkFz7jJSkr7jhzas3Y1KHZI8CN8W8g/getUpdates "HTTP/1.1 200 OK"
2026-03-13 13:27:50,204 [INFO] httpx: HTTP Request: POST https://api.telegram.org/bot8611683567:AAFcLxkFz7jJSkr7jhzas3Y1KHZI8CN8W8g/getUpdates "HTTP/1.1 200 OK"
2026-03-13 13:28:00,245 [INFO] httpx: HTTP Request: POST https://api.telegram.org/bot8611683567:AAFcLxkFz7jJSkr7jhzas3Y1KHZI8CN8W8g/getUpdates "HTTP/1.1 200 OK"
2026-03-13 13:28:00,352 [WARNING] scrapers.joinup: Join Up: туры не найдены
2026-03-13 13:28:01,554 [WARNING] scrapers.teztour: TEZ Tour: туры не найдены
2026-03-13 13:28:01,555 [INFO] __main__: Novatours: 10 туров до фильтра
2026-03-13 13:28:01,555 [INFO] __main__: Итого до фильтра: 10
2026-03-13 13:28:01,560 [INFO] __main__: 🔥 Новых горящих: 0
2026-03-13 13:28:02,061 [INFO] httpx: HTTP Request: POST https://api.telegram.org/bot8611683567:AAFcLxkFz7jJSkr7jhzas3Y1KHZI8CN8W8g/sendMessage "HTTP/1.1 200 OK"
2026-03-13 13:28:10,289 [INFO] httpx: HTTP Request: POST https://api.telegram.org/bot8611683567:AAFcLxkFz7jJSkr7jhzas3Y1KHZI8CN8W8g/getUpdates "HTTP/1.1 200 OK"
2026-03-13 13:28:20,328 [INFO] httpx: HTTP Request: POST https://api.telegram.org/bot8611683567:AAFcLxkFz7jJSkr7jhzas3Y1KHZI8CN8W8g/getUpdates "HTTP/1.1 200 OK"
2026-03-13 13:28:30,368 [INFO] httpx: HTTP Request: POST https://api.telegram.org/bot8611683567:AAFcLxkFz7jJSkr7jhzas3Y1KHZI8CN8W8g/getUpdates "HTTP/1.1 200 OK"
2026-03-13 13:28:40,405 [INFO] httpx: HTTP Request: POST https://api.telegram.org/bot8611683567:AAFcLxkFz7jJSkr7jhzas3Y1KHZI8CN8W8g/getUpdates "HTTP/1.1 200 OK"
2026-03-13 13:28:50,485 [INFO] httpx: HTTP Request: POST https://api.telegram.org/bot8611683567:AAFcLxkFz7jJSkr7jhzas3Y1KHZI8CN8W8g/getUpdates "HTTP/1.1 200 OK"
2026-03-13 13:29:00,525 [INFO] httpx: HTTP Request: POST https://api.telegram.org/bot8611683567:AAFcLxkFz7jJSkr7jhzas3Y1KHZI8CN8W8g/getUpdates "HTTP/1.1 200 OK"
2026-03-13 13:29:10,562 [INFO] httpx: HTTP Request: POST https://api.telegram.org/bot8611683567:AAFcLxkFz7jJSkr7jhzas3Y1KHZI8CN8W8g/getUpdates "HTTP/1.1 200 OK"
2026-03-13 13:29:20,602 [INFO] httpx: HTTP Request: POST https://api.telegram.org/bot8611683567:AAFcLxkFz7jJSkr7jhzas3Y1KHZI8CN8W8g/getUpdates "HTTP/1.1 200 OK"
2026-03-13 13:29:30,644 [INFO] httpx: HTTP Request: POST https://api.telegram.org/bot8611683567:AAFcLxkFz7jJSkr7jhzas3Y1KHZI8CN8W8g/getUpdates "HTTP/1.1 200 OK"
2026-03-13 13:29:38,116 [INFO] __main__: ✅ БД готова
2026-03-13 13:29:38,572 [INFO] apscheduler.scheduler: Adding job tentatively -- it will be properly scheduled when the scheduler starts
2026-03-13 13:29:38,573 [INFO] __main__: 🤖 Бот запущен!
2026-03-13 13:29:38,730 [INFO] httpx: HTTP Request: POST https://api.telegram.org/bot8611683567:AAFcLxkFz7jJSkr7jhzas3Y1KHZI8CN8W8g/getMe "HTTP/1.1 200 OK"
2026-03-13 13:29:38,732 [INFO] apscheduler.scheduler: Added job "main.<locals>.<lambda>" to job store "default"
2026-03-13 13:29:38,732 [INFO] apscheduler.scheduler: Scheduler started
2026-03-13 13:29:38,732 [INFO] __main__: ⏰ Планировщик: каждые 30 мин
2026-03-13 13:29:46,739 [INFO] __main__: ▶️  Проверка [13.03.2026 13:29]
2026-03-13 13:29:47,911 [WARNING] scrapers.coral: Coral Travel: туры не найдены
2026-03-13 13:29:51,000 [INFO] scrapers.novatours: Novatours: токен получен (03096e2114...)
2026-03-13 13:29:51,328 [INFO] scrapers.novatours: Novatours: 10 отелей с ценами
2026-03-13 13:30:17,189 [WARNING] scrapers.joinup: Join Up: туры не найдены
2026-03-13 13:30:18,424 [WARNING] scrapers.teztour: TEZ Tour: туры не найдены
2026-03-13 13:30:18,425 [INFO] __main__: Novatours: 10 туров до фильтра
2026-03-13 13:30:18,425 [INFO] __main__: Итого до фильтра: 10
2026-03-13 13:30:18,446 [INFO] __main__: 🔥 Новых горящих: 4
2026-03-13 13:30:19,136 [INFO] httpx: HTTP Request: POST https://api.telegram.org/bot8611683567:AAFcLxkFz7jJSkr7jhzas3Y1KHZI8CN8W8g/sendPhoto "HTTP/1.1 200 OK"
2026-03-13 13:30:19,634 [INFO] httpx: HTTP Request: POST https://api.telegram.org/bot8611683567:AAFcLxkFz7jJSkr7jhzas3Y1KHZI8CN8W8g/sendPhoto "HTTP/1.1 200 OK"
2026-03-13 13:30:20,104 [INFO] httpx: HTTP Request: POST https://api.telegram.org/bot8611683567:AAFcLxkFz7jJSkr7jhzas3Y1KHZI8CN8W8g/sendPhoto "HTTP/1.1 200 OK"
2026-03-13 13:30:20,545 [INFO] httpx: HTTP Request: POST https://api.telegram.org/bot8611683567:AAFcLxkFz7jJSkr7jhzas3Y1KHZI8CN8W8g/sendPhoto "HTTP/1.1 200 OK"
2026-03-13 13:30:20,650 [INFO] httpx: HTTP Request: POST https://api.telegram.org/bot8611683567:AAFcLxkFz7jJSkr7jhzas3Y1KHZI8CN8W8g/deleteWebhook "HTTP/1.1 200 OK"
2026-03-13 13:30:20,653 [INFO] apscheduler.scheduler: Scheduler started
2026-03-13 13:30:20,653 [INFO] telegram.ext.Application: Application started
2026-03-13 13:30:20,767 [INFO] httpx: HTTP Request: POST https://api.telegram.org/bot8611683567:AAFcLxkFz7jJSkr7jhzas3Y1KHZI8CN8W8g/getUpdates "HTTP/1.1 200 OK"
2026-03-13 13:30:20,844 [INFO] httpx: HTTP Request: POST https://api.telegram.org/bot8611683567:AAFcLxkFz7jJSkr7jhzas3Y1KHZI8CN8W8g/sendMessage "HTTP/1.1 200 OK"
2026-03-13 13:30:20,915 [INFO] httpx: HTTP Request: POST https://api.telegram.org/bot8611683567:AAFcLxkFz7jJSkr7jhzas3Y1KHZI8CN8W8g/sendMessage "HTTP/1.1 200 OK"
2026-03-13 13:30:20,917 [INFO] __main__: ▶️  Проверка [13.03.2026 13:30]
2026-03-13 13:30:21,312 [INFO] scrapers.novatours: Novatours: 10 отелей с ценами
2026-03-13 13:30:21,920 [WARNING] scrapers.coral: Coral Travel: туры не найдены
2026-03-13 13:30:30,837 [INFO] httpx: HTTP Request: POST https://api.telegram.org/bot8611683567:AAFcLxkFz7jJSkr7jhzas3Y1KHZI8CN8W8g/getUpdates "HTTP/1.1 200 OK"
2026-03-13 13:30:40,875 [INFO] httpx: HTTP Request: POST https://api.telegram.org/bot8611683567:AAFcLxkFz7jJSkr7jhzas3Y1KHZI8CN8W8g/getUpdates "HTTP/1.1 200 OK"
2026-03-13 13:30:50,910 [INFO] httpx: HTTP Request: POST https://api.telegram.org/bot8611683567:AAFcLxkFz7jJSkr7jhzas3Y1KHZI8CN8W8g/getUpdates "HTTP/1.1 200 OK"
2026-03-13 13:30:51,267 [WARNING] scrapers.joinup: Join Up: туры не найдены
2026-03-13 13:30:52,506 [WARNING] scrapers.teztour: TEZ Tour: туры не найдены
2026-03-13 13:30:52,507 [INFO] __main__: Novatours: 10 туров до фильтра
2026-03-13 13:30:52,508 [INFO] __main__: Итого до фильтра: 10
2026-03-13 13:30:52,512 [INFO] __main__: 🔥 Новых горящих: 0
2026-03-13 13:30:52,714 [INFO] httpx: HTTP Request: POST https://api.telegram.org/bot8611683567:AAFcLxkFz7jJSkr7jhzas3Y1KHZI8CN8W8g/sendMessage "HTTP/1.1 200 OK"
2026-03-13 13:31:00,947 [INFO] httpx: HTTP Request: POST https://api.telegram.org/bot8611683567:AAFcLxkFz7jJSkr7jhzas3Y1KHZI8CN8W8g/getUpdates "HTTP/1.1 200 OK"
2026-03-13 13:31:10,985 [INFO] httpx: HTTP Request: POST https://api.telegram.org/bot8611683567:AAFcLxkFz7jJSkr7jhzas3Y1KHZI8CN8W8g/getUpdates "HTTP/1.1 200 OK"
2026-03-13 13:31:21,023 [INFO] httpx: HTTP Request: POST https://api.telegram.org/bot8611683567:AAFcLxkFz7jJSkr7jhzas3Y1KHZI8CN8W8g/getUpdates "HTTP/1.1 200 OK"
2026-03-13 13:31:31,064 [INFO] httpx: HTTP Request: POST https://api.telegram.org/bot8611683567:AAFcLxkFz7jJSkr7jhzas3Y1KHZI8CN8W8g/getUpdates "HTTP/1.1 200 OK"
2026-03-13 13:31:41,149 [INFO] httpx: HTTP Request: POST https://api.telegram.org/bot8611683567:AAFcLxkFz7jJSkr7jhzas3Y1KHZI8CN8W8g/getUpdates "HTTP/1.1 200 OK"
2026-03-13 13:31:51,187 [INFO] httpx: HTTP Request: POST https://api.telegram.org/bot8611683567:AAFcLxkFz7jJSkr7jhzas3Y1KHZI8CN8W8g/getUpdates "HTTP/1.1 200 OK"
2026-03-13 13:32:01,223 [INFO] httpx: HTTP Request: POST https://api.telegram.org/bot8611683567:AAFcLxkFz7jJSkr7jhzas3Y1KHZI8CN8W8g/getUpdates "HTTP/1.1 200 OK"
2026-03-13 13:32:11,260 [INFO] httpx: HTTP Request: POST https://api.telegram.org/bot8611683567:AAFcLxkFz7jJSkr7jhzas3Y1KHZI8CN8W8g/getUpdates "HTTP/1.1 200 OK"
2026-03-13 13:32:21,301 [INFO] httpx: HTTP Request: POST https://api.telegram.org/bot8611683567:AAFcLxkFz7jJSkr7jhzas3Y1KHZI8CN8W8g/getUpdates "HTTP/1.1 200 OK"
2026-03-13 13:32:31,341 [INFO] httpx: HTTP Request: POST https://api.telegram.org/bot8611683567:AAFcLxkFz7jJSkr7jhzas3Y1KHZI8CN8W8g/getUpdates "HTTP/1.1 200 OK"
2026-03-13 13:32:41,377 [INFO] httpx: HTTP Request: POST https://api.telegram.org/bot8611683567:AAFcLxkFz7jJSkr7jhzas3Y1KHZI8CN8W8g/getUpdates "HTTP/1.1 200 OK"
2026-03-13 13:32:51,416 [INFO] httpx: HTTP Request: POST https://api.telegram.org/bot8611683567:AAFcLxkFz7jJSkr7jhzas3Y1KHZI8CN8W8g/getUpdates "HTTP/1.1 200 OK"
2026-03-13 13:33:01,457 [INFO] httpx: HTTP Request: POST https://api.telegram.org/bot8611683567:AAFcLxkFz7jJSkr7jhzas3Y1KHZI8CN8W8g/getUpdates "HTTP/1.1 200 OK"
2026-03-13 13:33:11,496 [INFO] httpx: HTTP Request: POST https://api.telegram.org/bot8611683567:AAFcLxkFz7jJSkr7jhzas3Y1KHZI8CN8W8g/getUpdates "HTTP/1.1 200 OK"
2026-03-13 13:33:21,533 [INFO] httpx: HTTP Request: POST https://api.telegram.org/bot8611683567:AAFcLxkFz7jJSkr7jhzas3Y1KHZI8CN8W8g/getUpdates "HTTP/1.1 200 OK"
2026-03-13 13:33:31,573 [INFO] httpx: HTTP Request: POST https://api.telegram.org/bot8611683567:AAFcLxkFz7jJSkr7jhzas3Y1KHZI8CN8W8g/getUpdates "HTTP/1.1 200 OK"
2026-03-13 13:33:41,615 [INFO] httpx: HTTP Request: POST https://api.telegram.org/bot8611683567:AAFcLxkFz7jJSkr7jhzas3Y1KHZI8CN8W8g/getUpdates "HTTP/1.1 200 OK"
2026-03-13 13:33:51,655 [INFO] httpx: HTTP Request: POST https://api.telegram.org/bot8611683567:AAFcLxkFz7jJSkr7jhzas3Y1KHZI8CN8W8g/getUpdates "HTTP/1.1 200 OK"
2026-03-13 13:34:01,694 [INFO] httpx: HTTP Request: POST https://api.telegram.org/bot8611683567:AAFcLxkFz7jJSkr7jhzas3Y1KHZI8CN8W8g/getUpdates "HTTP/1.1 200 OK"
2026-03-13 13:34:06,159 [INFO] httpx: HTTP Request: POST https://api.telegram.org/bot8611683567:AAFcLxkFz7jJSkr7jhzas3Y1KHZI8CN8W8g/getUpdates "HTTP/1.1 200 OK"
2026-03-13 13:34:06,162 [INFO] telegram.ext.Application: Application is stopping. This might take a moment.
2026-03-13 13:34:06,162 [INFO] apscheduler.scheduler: Scheduler has been shut down
2026-03-13 13:34:06,177 [INFO] telegram.ext.Application: Application.stop() complete
2026-03-13 13:34:06,179 [INFO] apscheduler.scheduler: Scheduler has been shut down
2026-03-13 13:39:21,371 [INFO] __main__: ✅ БД готова
2026-03-13 13:39:21,795 [INFO] apscheduler.scheduler: Adding job tentatively -- it will be properly scheduled when the scheduler starts
2026-03-13 13:39:21,795 [INFO] __main__: 🤖 Бот запущен!
2026-03-13 13:39:21,978 [INFO] httpx: HTTP Request: POST https://api.telegram.org/bot8611683567:AAFcLxkFz7jJSkr7jhzas3Y1KHZI8CN8W8g/getMe "HTTP/1.1 200 OK"
2026-03-13 13:39:21,980 [INFO] apscheduler.scheduler: Added job "main.<locals>.<lambda>" to job store "default"
2026-03-13 13:39:21,981 [INFO] apscheduler.scheduler: Scheduler started
2026-03-13 13:39:21,981 [INFO] __main__: ⏰ Планировщик: каждые 30 мин
2026-03-13 13:39:29,996 [INFO] __main__: ▶️  Проверка [13.03.2026 13:39]
2026-03-13 13:39:31,205 [WARNING] scrapers.coral: Coral Travel: туры не найдены
2026-03-13 13:39:34,298 [INFO] scrapers.novatours: Novatours: токен получен (03096e2114...)
2026-03-13 13:39:35,727 [INFO] scrapers.novatours: Novatours: 10 отелей с ценами
2026-03-13 13:40:00,552 [WARNING] scrapers.joinup: Join Up: туры не найдены
2026-03-13 13:40:01,604 [WARNING] scrapers.teztour: TEZ Tour: туры не найдены
2026-03-13 13:40:01,605 [INFO] __main__: Novatours: 10 туров до фильтра
2026-03-13 13:40:01,605 [INFO] __main__: Итого до фильтра: 10
2026-03-13 13:40:01,632 [INFO] __main__: 🔥 Новых горящих: 4
2026-03-13 13:40:01,633 [ERROR] __main__: Ошибка отправки 7308147004: 'dict' object has no attribute 'lower'
2026-03-13 13:40:01,633 [ERROR] __main__: Ошибка отправки 7308147004: 'dict' object has no attribute 'lower'
2026-03-13 13:40:01,634 [ERROR] __main__: Ошибка отправки 7308147004: 'dict' object has no attribute 'lower'
2026-03-13 13:40:01,634 [ERROR] __main__: Ошибка отправки 7308147004: 'dict' object has no attribute 'lower'
2026-03-13 13:40:01,756 [INFO] httpx: HTTP Request: POST https://api.telegram.org/bot8611683567:AAFcLxkFz7jJSkr7jhzas3Y1KHZI8CN8W8g/deleteWebhook "HTTP/1.1 200 OK"
2026-03-13 13:40:01,760 [INFO] apscheduler.scheduler: Scheduler started
2026-03-13 13:40:01,760 [INFO] telegram.ext.Application: Application started
2026-03-13 13:40:05,169 [INFO] httpx: HTTP Request: POST https://api.telegram.org/bot8611683567:AAFcLxkFz7jJSkr7jhzas3Y1KHZI8CN8W8g/getUpdates "HTTP/1.1 200 OK"
2026-03-13 13:40:05,241 [INFO] httpx: HTTP Request: POST https://api.telegram.org/bot8611683567:AAFcLxkFz7jJSkr7jhzas3Y1KHZI8CN8W8g/sendMessage "HTTP/1.1 200 OK"
2026-03-13 13:40:09,208 [INFO] httpx: HTTP Request: POST https://api.telegram.org/bot8611683567:AAFcLxkFz7jJSkr7jhzas3Y1KHZI8CN8W8g/getUpdates "HTTP/1.1 200 OK"
2026-03-13 13:40:09,292 [INFO] httpx: HTTP Request: POST https://api.telegram.org/bot8611683567:AAFcLxkFz7jJSkr7jhzas3Y1KHZI8CN8W8g/sendMessage "HTTP/1.1 200 OK"
2026-03-13 13:40:09,295 [INFO] __main__: ▶️  Проверка [13.03.2026 13:40]
2026-03-13 13:40:09,875 [INFO] scrapers.novatours: Novatours: 10 отелей с ценами
2026-03-13 13:40:10,317 [WARNING] scrapers.coral: Coral Travel: туры не найдены
2026-03-13 13:40:19,250 [INFO] httpx: HTTP Request: POST https://api.telegram.org/bot8611683567:AAFcLxkFz7jJSkr7jhzas3Y1KHZI8CN8W8g/getUpdates "HTTP/1.1 200 OK"
2026-03-13 13:40:29,293 [INFO] httpx: HTTP Request: POST https://api.telegram.org/bot8611683567:AAFcLxkFz7jJSkr7jhzas3Y1KHZI8CN8W8g/getUpdates "HTTP/1.1 200 OK"
2026-03-13 13:40:39,334 [INFO] httpx: HTTP Request: POST https://api.telegram.org/bot8611683567:AAFcLxkFz7jJSkr7jhzas3Y1KHZI8CN8W8g/getUpdates "HTTP/1.1 200 OK"
2026-03-13 13:40:39,582 [WARNING] scrapers.joinup: Join Up: туры не найдены
2026-03-13 13:40:40,632 [WARNING] scrapers.teztour: TEZ Tour: туры не найдены
2026-03-13 13:40:40,633 [INFO] __main__: Novatours: 10 туров до фильтра
2026-03-13 13:40:40,633 [INFO] __main__: Итого до фильтра: 10
2026-03-13 13:40:40,634 [INFO] __main__: 🔥 Новых горящих: 0
2026-03-13 13:40:40,764 [INFO] httpx: HTTP Request: POST https://api.telegram.org/bot8611683567:AAFcLxkFz7jJSkr7jhzas3Y1KHZI8CN8W8g/sendMessage "HTTP/1.1 200 OK"
2026-03-13 13:40:49,378 [INFO] httpx: HTTP Request: POST https://api.telegram.org/bot8611683567:AAFcLxkFz7jJSkr7jhzas3Y1KHZI8CN8W8g/getUpdates "HTTP/1.1 200 OK"
2026-03-13 13:40:59,418 [INFO] httpx: HTTP Request: POST https://api.telegram.org/bot8611683567:AAFcLxkFz7jJSkr7jhzas3Y1KHZI8CN8W8g/getUpdates "HTTP/1.1 200 OK"
2026-03-13 13:41:09,473 [INFO] httpx: HTTP Request: POST https://api.telegram.org/bot8611683567:AAFcLxkFz7jJSkr7jhzas3Y1KHZI8CN8W8g/getUpdates "HTTP/1.1 200 OK"
2026-03-13 13:41:17,521 [INFO] __main__: ✅ БД готова
2026-03-13 13:41:17,981 [INFO] apscheduler.scheduler: Adding job tentatively -- it will be properly scheduled when the scheduler starts
2026-03-13 13:41:17,981 [INFO] __main__: 🤖 Бот запущен!
2026-03-13 13:41:18,138 [INFO] httpx: HTTP Request: POST https://api.telegram.org/bot8611683567:AAFcLxkFz7jJSkr7jhzas3Y1KHZI8CN8W8g/getMe "HTTP/1.1 200 OK"
2026-03-13 13:41:18,140 [INFO] apscheduler.scheduler: Added job "main.<locals>.<lambda>" to job store "default"
2026-03-13 13:41:18,141 [INFO] apscheduler.scheduler: Scheduler started
2026-03-13 13:41:18,141 [INFO] __main__: ⏰ Планировщик: каждые 30 мин
2026-03-13 13:41:26,147 [INFO] __main__: ▶️  Проверка [13.03.2026 13:41]
2026-03-13 13:41:27,424 [WARNING] scrapers.coral: Coral Travel: туры не найдены
2026-03-13 13:41:30,440 [INFO] scrapers.novatours: Novatours: токен получен (03096e2114...)
2026-03-13 13:41:31,912 [INFO] scrapers.novatours: Novatours: 10 отелей с ценами
2026-03-13 13:41:56,470 [WARNING] scrapers.joinup: Join Up: туры не найдены
2026-03-13 13:41:57,721 [WARNING] scrapers.teztour: TEZ Tour: туры не найдены
2026-03-13 13:41:57,722 [INFO] __main__: Novatours: 10 туров до фильтра
2026-03-13 13:41:57,722 [INFO] __main__: Итого до фильтра: 10
2026-03-13 13:41:57,763 [INFO] __main__: 🔥 Новых горящих: 4
2026-03-13 13:41:57,765 [ERROR] __main__: Ошибка отправки 7308147004: 'dict' object has no attribute 'lower'
2026-03-13 13:41:57,765 [ERROR] __main__: Ошибка отправки 7308147004: 'dict' object has no attribute 'lower'
2026-03-13 13:41:57,765 [ERROR] __main__: Ошибка отправки 7308147004: 'dict' object has no attribute 'lower'
2026-03-13 13:41:57,765 [ERROR] __main__: Ошибка отправки 7308147004: 'dict' object has no attribute 'lower'
2026-03-13 13:41:57,872 [INFO] httpx: HTTP Request: POST https://api.telegram.org/bot8611683567:AAFcLxkFz7jJSkr7jhzas3Y1KHZI8CN8W8g/deleteWebhook "HTTP/1.1 200 OK"
2026-03-13 13:41:57,876 [INFO] apscheduler.scheduler: Scheduler started
2026-03-13 13:41:57,877 [INFO] telegram.ext.Application: Application started
2026-03-13 13:41:57,990 [INFO] httpx: HTTP Request: POST https://api.telegram.org/bot8611683567:AAFcLxkFz7jJSkr7jhzas3Y1KHZI8CN8W8g/getUpdates "HTTP/1.1 200 OK"
2026-03-13 13:41:58,055 [INFO] httpx: HTTP Request: POST https://api.telegram.org/bot8611683567:AAFcLxkFz7jJSkr7jhzas3Y1KHZI8CN8W8g/sendMessage "HTTP/1.1 200 OK"
2026-03-13 13:41:58,058 [INFO] __main__: ▶️  Проверка [13.03.2026 13:41]
2026-03-13 13:41:58,532 [INFO] scrapers.novatours: Novatours: 10 отелей с ценами
2026-03-13 13:41:59,053 [WARNING] scrapers.coral: Coral Travel: туры не найдены
2026-03-13 13:42:08,051 [INFO] httpx: HTTP Request: POST https://api.telegram.org/bot8611683567:AAFcLxkFz7jJSkr7jhzas3Y1KHZI8CN8W8g/getUpdates "HTTP/1.1 200 OK"
2026-03-13 13:42:18,089 [INFO] httpx: HTTP Request: POST https://api.telegram.org/bot8611683567:AAFcLxkFz7jJSkr7jhzas3Y1KHZI8CN8W8g/getUpdates "HTTP/1.1 200 OK"
2026-03-13 13:42:28,128 [INFO] httpx: HTTP Request: POST https://api.telegram.org/bot8611683567:AAFcLxkFz7jJSkr7jhzas3Y1KHZI8CN8W8g/getUpdates "HTTP/1.1 200 OK"
2026-03-13 13:42:28,370 [WARNING] scrapers.joinup: Join Up: туры не найдены
2026-03-13 13:42:29,568 [WARNING] scrapers.teztour: TEZ Tour: туры не найдены
2026-03-13 13:42:29,569 [INFO] __main__: Novatours: 10 туров до фильтра
2026-03-13 13:42:29,569 [INFO] __main__: Итого до фильтра: 10
2026-03-13 13:42:29,570 [INFO] __main__: 🔥 Новых горящих: 0
2026-03-13 13:42:29,720 [INFO] httpx: HTTP Request: POST https://api.telegram.org/bot8611683567:AAFcLxkFz7jJSkr7jhzas3Y1KHZI8CN8W8g/sendMessage "HTTP/1.1 200 OK"
2026-03-13 13:42:29,814 [INFO] httpx: HTTP Request: POST https://api.telegram.org/bot8611683567:AAFcLxkFz7jJSkr7jhzas3Y1KHZI8CN8W8g/sendMessage "HTTP/1.1 200 OK"
2026-03-13 13:42:29,894 [INFO] httpx: HTTP Request: POST https://api.telegram.org/bot8611683567:AAFcLxkFz7jJSkr7jhzas3Y1KHZI8CN8W8g/sendMessage "HTTP/1.1 200 OK"
2026-03-13 13:42:29,896 [INFO] __main__: ▶️  Проверка [13.03.2026 13:42]
2026-03-13 13:42:30,427 [INFO] scrapers.novatours: Novatours: 10 отелей с ценами
2026-03-13 13:42:30,890 [WARNING] scrapers.coral: Coral Travel: туры не найдены
2026-03-13 13:42:38,167 [INFO] httpx: HTTP Request: POST https://api.telegram.org/bot8611683567:AAFcLxkFz7jJSkr7jhzas3Y1KHZI8CN8W8g/getUpdates "HTTP/1.1 200 OK"
2026-03-13 13:42:48,205 [INFO] httpx: HTTP Request: POST https://api.telegram.org/bot8611683567:AAFcLxkFz7jJSkr7jhzas3Y1KHZI8CN8W8g/getUpdates "HTTP/1.1 200 OK"
2026-03-13 13:42:58,271 [INFO] httpx: HTTP Request: POST https://api.telegram.org/bot8611683567:AAFcLxkFz7jJSkr7jhzas3Y1KHZI8CN8W8g/getUpdates "HTTP/1.1 200 OK"
2026-03-13 13:43:00,108 [WARNING] scrapers.joinup: Join Up: туры не найдены
2026-03-13 13:43:01,295 [WARNING] scrapers.teztour: TEZ Tour: туры не найдены
2026-03-13 13:43:01,295 [INFO] __main__: Novatours: 10 туров до фильтра
2026-03-13 13:43:01,296 [INFO] __main__: Итого до фильтра: 10
2026-03-13 13:43:01,298 [INFO] __main__: 🔥 Новых горящих: 0
2026-03-13 13:43:01,434 [INFO] httpx: HTTP Request: POST https://api.telegram.org/bot8611683567:AAFcLxkFz7jJSkr7jhzas3Y1KHZI8CN8W8g/sendMessage "HTTP/1.1 200 OK"
2026-03-13 13:43:08,323 [INFO] httpx: HTTP Request: POST https://api.telegram.org/bot8611683567:AAFcLxkFz7jJSkr7jhzas3Y1KHZI8CN8W8g/getUpdates "HTTP/1.1 200 OK"
2026-03-13 13:43:18,367 [INFO] httpx: HTTP Request: POST https://api.telegram.org/bot8611683567:AAFcLxkFz7jJSkr7jhzas3Y1KHZI8CN8W8g/getUpdates "HTTP/1.1 200 OK"
2026-03-13 13:43:28,410 [INFO] httpx: HTTP Request: POST https://api.telegram.org/bot8611683567:AAFcLxkFz7jJSkr7jhzas3Y1KHZI8CN8W8g/getUpdates "HTTP/1.1 200 OK"
2026-03-13 13:43:38,444 [INFO] httpx: HTTP Request: POST https://api.telegram.org/bot8611683567:AAFcLxkFz7jJSkr7jhzas3Y1KHZI8CN8W8g/getUpdates "HTTP/1.1 200 OK"
2026-03-13 13:43:48,485 [INFO] httpx: HTTP Request: POST https://api.telegram.org/bot8611683567:AAFcLxkFz7jJSkr7jhzas3Y1KHZI8CN8W8g/getUpdates "HTTP/1.1 200 OK"
2026-03-13 13:43:58,528 [INFO] httpx: HTTP Request: POST https://api.telegram.org/bot8611683567:AAFcLxkFz7jJSkr7jhzas3Y1KHZI8CN8W8g/getUpdates "HTTP/1.1 200 OK"
2026-03-13 13:44:08,562 [INFO] httpx: HTTP Request: POST https://api.telegram.org/bot8611683567:AAFcLxkFz7jJSkr7jhzas3Y1KHZI8CN8W8g/getUpdates "HTTP/1.1 200 OK"
2026-03-13 13:44:18,600 [INFO] httpx: HTTP Request: POST https://api.telegram.org/bot8611683567:AAFcLxkFz7jJSkr7jhzas3Y1KHZI8CN8W8g/getUpdates "HTTP/1.1 200 OK"
2026-03-13 13:44:28,642 [INFO] httpx: HTTP Request: POST https://api.telegram.org/bot8611683567:AAFcLxkFz7jJSkr7jhzas3Y1KHZI8CN8W8g/getUpdates "HTTP/1.1 200 OK"
2026-03-13 13:44:38,683 [INFO] httpx: HTTP Request: POST https://api.telegram.org/bot8611683567:AAFcLxkFz7jJSkr7jhzas3Y1KHZI8CN8W8g/getUpdates "HTTP/1.1 200 OK"
2026-03-13 13:44:48,744 [INFO] httpx: HTTP Request: POST https://api.telegram.org/bot8611683567:AAFcLxkFz7jJSkr7jhzas3Y1KHZI8CN8W8g/getUpdates "HTTP/1.1 200 OK"
2026-03-13 13:44:58,783 [INFO] httpx: HTTP Request: POST https://api.telegram.org/bot8611683567:AAFcLxkFz7jJSkr7jhzas3Y1KHZI8CN8W8g/getUpdates "HTTP/1.1 200 OK"
2026-03-13 13:45:08,826 [INFO] httpx: HTTP Request: POST https://api.telegram.org/bot8611683567:AAFcLxkFz7jJSkr7jhzas3Y1KHZI8CN8W8g/getUpdates "HTTP/1.1 200 OK"
2026-03-13 13:45:15,002 [INFO] __main__: ✅ БД готова
2026-03-13 13:45:15,460 [INFO] apscheduler.scheduler: Adding job tentatively -- it will be properly scheduled when the scheduler starts
2026-03-13 13:45:15,461 [INFO] __main__: 🤖 Бот запущен!
2026-03-13 13:45:15,643 [INFO] httpx: HTTP Request: POST https://api.telegram.org/bot8611683567:AAFcLxkFz7jJSkr7jhzas3Y1KHZI8CN8W8g/getMe "HTTP/1.1 200 OK"
2026-03-13 13:45:15,646 [INFO] apscheduler.scheduler: Added job "main.<locals>.<lambda>" to job store "default"
2026-03-13 13:45:15,646 [INFO] apscheduler.scheduler: Scheduler started
2026-03-13 13:45:15,647 [INFO] __main__: ⏰ Планировщик: каждые 30 мин
2026-03-13 13:45:23,658 [INFO] __main__: ▶️  Проверка [13.03.2026 13:45]
2026-03-13 13:45:24,913 [WARNING] scrapers.coral: Coral Travel: туры не найдены
2026-03-13 13:45:27,964 [INFO] scrapers.novatours: Novatours: токен получен (03096e2114...)
2026-03-13 13:45:29,426 [INFO] scrapers.novatours: Novatours: 10 отелей с ценами
2026-03-13 13:45:54,262 [WARNING] scrapers.joinup: Join Up: туры не найдены
2026-03-13 13:45:55,282 [WARNING] scrapers.teztour: TEZ Tour: туры не найдены
2026-03-13 13:45:55,282 [INFO] __main__: Novatours: 10 туров до фильтра
2026-03-13 13:45:55,282 [INFO] __main__: Итого до фильтра: 10
2026-03-13 13:45:55,317 [INFO] __main__: 🔥 Новых горящих: 4
2026-03-13 13:45:55,318 [ERROR] __main__: Ошибка отправки 7308147004: 'dict' object has no attribute 'lower'
2026-03-13 13:45:55,318 [ERROR] __main__: Ошибка отправки 7308147004: 'dict' object has no attribute 'lower'
2026-03-13 13:45:55,318 [ERROR] __main__: Ошибка отправки 7308147004: 'dict' object has no attribute 'lower'
2026-03-13 13:45:55,318 [ERROR] __main__: Ошибка отправки 7308147004: 'dict' object has no attribute 'lower'
2026-03-13 13:45:55,429 [INFO] httpx: HTTP Request: POST https://api.telegram.org/bot8611683567:AAFcLxkFz7jJSkr7jhzas3Y1KHZI8CN8W8g/deleteWebhook "HTTP/1.1 200 OK"
2026-03-13 13:45:55,433 [INFO] apscheduler.scheduler: Scheduler started
2026-03-13 13:45:55,434 [INFO] telegram.ext.Application: Application started
2026-03-13 13:45:55,546 [INFO] httpx: HTTP Request: POST https://api.telegram.org/bot8611683567:AAFcLxkFz7jJSkr7jhzas3Y1KHZI8CN8W8g/getUpdates "HTTP/1.1 200 OK"
2026-03-13 13:45:55,620 [INFO] httpx: HTTP Request: POST https://api.telegram.org/bot8611683567:AAFcLxkFz7jJSkr7jhzas3Y1KHZI8CN8W8g/sendMessage "HTTP/1.1 200 OK"
2026-03-13 13:45:55,684 [INFO] httpx: HTTP Request: POST https://api.telegram.org/bot8611683567:AAFcLxkFz7jJSkr7jhzas3Y1KHZI8CN8W8g/sendMessage "HTTP/1.1 200 OK"
2026-03-13 13:45:55,686 [INFO] __main__: ▶️  Проверка [13.03.2026 13:45]
2026-03-13 13:45:56,036 [INFO] scrapers.novatours: Novatours: 10 отелей с ценами
2026-03-13 13:45:56,699 [WARNING] scrapers.coral: Coral Travel: туры не найдены
2026-03-13 13:46:05,586 [INFO] httpx: HTTP Request: POST https://api.telegram.org/bot8611683567:AAFcLxkFz7jJSkr7jhzas3Y1KHZI8CN8W8g/getUpdates "HTTP/1.1 200 OK"
2026-03-13 13:46:15,967 [INFO] httpx: HTTP Request: POST https://api.telegram.org/bot8611683567:AAFcLxkFz7jJSkr7jhzas3Y1KHZI8CN8W8g/getUpdates "HTTP/1.1 200 OK"
2026-03-13 13:46:25,927 [WARNING] scrapers.joinup: Join Up: туры не найдены
2026-03-13 13:46:26,009 [INFO] httpx: HTTP Request: POST https://api.telegram.org/bot8611683567:AAFcLxkFz7jJSkr7jhzas3Y1KHZI8CN8W8g/getUpdates "HTTP/1.1 200 OK"
2026-03-13 13:46:26,902 [WARNING] scrapers.teztour: TEZ Tour: туры не найдены
2026-03-13 13:46:26,902 [INFO] __main__: Novatours: 10 туров до фильтра
2026-03-13 13:46:26,902 [INFO] __main__: Итого до фильтра: 10
2026-03-13 13:46:26,904 [INFO] __main__: 🔥 Новых горящих: 0
2026-03-13 13:46:27,117 [INFO] httpx: HTTP Request: POST https://api.telegram.org/bot8611683567:AAFcLxkFz7jJSkr7jhzas3Y1KHZI8CN8W8g/sendMessage "HTTP/1.1 200 OK"
2026-03-13 13:46:36,050 [INFO] httpx: HTTP Request: POST https://api.telegram.org/bot8611683567:AAFcLxkFz7jJSkr7jhzas3Y1KHZI8CN8W8g/getUpdates "HTTP/1.1 200 OK"
2026-03-13 13:46:46,095 [INFO] httpx: HTTP Request: POST https://api.telegram.org/bot8611683567:AAFcLxkFz7jJSkr7jhzas3Y1KHZI8CN8W8g/getUpdates "HTTP/1.1 200 OK"
2026-03-13 13:46:56,135 [INFO] httpx: HTTP Request: POST https://api.telegram.org/bot8611683567:AAFcLxkFz7jJSkr7jhzas3Y1KHZI8CN8W8g/getUpdates "HTTP/1.1 200 OK"
2026-03-13 13:47:06,170 [INFO] httpx: HTTP Request: POST https://api.telegram.org/bot8611683567:AAFcLxkFz7jJSkr7jhzas3Y1KHZI8CN8W8g/getUpdates "HTTP/1.1 200 OK"
2026-03-13 13:47:16,206 [INFO] httpx: HTTP Request: POST https://api.telegram.org/bot8611683567:AAFcLxkFz7jJSkr7jhzas3Y1KHZI8CN8W8g/getUpdates "HTTP/1.1 200 OK"
2026-03-13 13:47:26,254 [INFO] httpx: HTTP Request: POST https://api.telegram.org/bot8611683567:AAFcLxkFz7jJSkr7jhzas3Y1KHZI8CN8W8g/getUpdates "HTTP/1.1 200 OK"
2026-03-13 13:47:36,296 [INFO] httpx: HTTP Request: POST https://api.telegram.org/bot8611683567:AAFcLxkFz7jJSkr7jhzas3Y1KHZI8CN8W8g/getUpdates "HTTP/1.1 200 OK"
2026-03-13 13:47:54,839 [INFO] __main__: ✅ БД готова
2026-03-13 13:47:55,284 [INFO] apscheduler.scheduler: Adding job tentatively -- it will be properly scheduled when the scheduler starts
2026-03-13 13:47:55,285 [INFO] __main__: 🤖 Бот запущен!
2026-03-13 13:47:55,465 [INFO] httpx: HTTP Request: POST https://api.telegram.org/bot8611683567:AAFcLxkFz7jJSkr7jhzas3Y1KHZI8CN8W8g/getMe "HTTP/1.1 200 OK"
2026-03-13 13:47:55,467 [INFO] apscheduler.scheduler: Added job "main.<locals>.<lambda>" to job store "default"
2026-03-13 13:47:55,467 [INFO] apscheduler.scheduler: Scheduler started
2026-03-13 13:47:55,467 [INFO] __main__: ⏰ Планировщик: каждые 30 мин
2026-03-13 13:48:03,478 [INFO] __main__: ▶️  Проверка [13.03.2026 13:48]
2026-03-13 13:48:04,694 [WARNING] scrapers.coral: Coral Travel: туры не найдены
2026-03-13 13:48:07,745 [INFO] scrapers.novatours: Novatours: токен получен (03096e2114...)
2026-03-13 13:48:08,311 [INFO] scrapers.novatours: Novatours: 10 отелей с ценами
2026-03-13 13:48:34,126 [WARNING] scrapers.joinup: Join Up: туры не найдены
2026-03-13 13:48:35,227 [WARNING] scrapers.teztour: TEZ Tour: туры не найдены
2026-03-13 13:48:35,228 [INFO] __main__: Novatours: 10 туров до фильтра
2026-03-13 13:48:35,228 [INFO] __main__: Итого до фильтра: 10
2026-03-13 13:48:35,258 [INFO] __main__: 🔥 Новых горящих: 4
2026-03-13 13:48:35,259 [ERROR] __main__: Ошибка отправки 7308147004: 'dict' object has no attribute 'lower'
2026-03-13 13:48:35,259 [ERROR] __main__: Ошибка отправки 7308147004: 'dict' object has no attribute 'lower'
2026-03-13 13:48:35,259 [ERROR] __main__: Ошибка отправки 7308147004: 'dict' object has no attribute 'lower'
2026-03-13 13:48:35,259 [ERROR] __main__: Ошибка отправки 7308147004: 'dict' object has no attribute 'lower'
2026-03-13 13:48:35,368 [INFO] httpx: HTTP Request: POST https://api.telegram.org/bot8611683567:AAFcLxkFz7jJSkr7jhzas3Y1KHZI8CN8W8g/deleteWebhook "HTTP/1.1 200 OK"
2026-03-13 13:48:35,371 [INFO] apscheduler.scheduler: Scheduler started
2026-03-13 13:48:35,371 [INFO] telegram.ext.Application: Application started
2026-03-13 13:48:35,472 [INFO] httpx: HTTP Request: POST https://api.telegram.org/bot8611683567:AAFcLxkFz7jJSkr7jhzas3Y1KHZI8CN8W8g/getUpdates "HTTP/1.1 200 OK"
2026-03-13 13:48:35,551 [INFO] httpx: HTTP Request: POST https://api.telegram.org/bot8611683567:AAFcLxkFz7jJSkr7jhzas3Y1KHZI8CN8W8g/sendMessage "HTTP/1.1 200 OK"
2026-03-13 13:48:35,610 [INFO] httpx: HTTP Request: POST https://api.telegram.org/bot8611683567:AAFcLxkFz7jJSkr7jhzas3Y1KHZI8CN8W8g/sendMessage "HTTP/1.1 200 OK"
2026-03-13 13:48:35,612 [INFO] __main__: ▶️  Проверка [13.03.2026 13:48]
2026-03-13 13:48:35,967 [INFO] scrapers.novatours: Novatours: 10 отелей с ценами
2026-03-13 13:48:36,643 [WARNING] scrapers.coral: Coral Travel: туры не найдены
2026-03-13 13:48:45,509 [INFO] httpx: HTTP Request: POST https://api.telegram.org/bot8611683567:AAFcLxkFz7jJSkr7jhzas3Y1KHZI8CN8W8g/getUpdates "HTTP/1.1 200 OK"
2026-03-13 13:48:55,546 [INFO] httpx: HTTP Request: POST https://api.telegram.org/bot8611683567:AAFcLxkFz7jJSkr7jhzas3Y1KHZI8CN8W8g/getUpdates "HTTP/1.1 200 OK"
2026-03-13 13:49:05,584 [INFO] httpx: HTTP Request: POST https://api.telegram.org/bot8611683567:AAFcLxkFz7jJSkr7jhzas3Y1KHZI8CN8W8g/getUpdates "HTTP/1.1 200 OK"
2026-03-13 13:49:05,676 [WARNING] scrapers.joinup: Join Up: туры не найдены
2026-03-13 13:49:07,113 [WARNING] scrapers.teztour: TEZ Tour: туры не найдены
2026-03-13 13:49:07,114 [INFO] __main__: Novatours: 10 туров до фильтра
2026-03-13 13:49:07,114 [INFO] __main__: Итого до фильтра: 10
2026-03-13 13:49:07,118 [INFO] __main__: 🔥 Новых горящих: 0
2026-03-13 13:49:07,270 [INFO] httpx: HTTP Request: POST https://api.telegram.org/bot8611683567:AAFcLxkFz7jJSkr7jhzas3Y1KHZI8CN8W8g/sendMessage "HTTP/1.1 200 OK"
2026-03-13 13:49:15,623 [INFO] httpx: HTTP Request: POST https://api.telegram.org/bot8611683567:AAFcLxkFz7jJSkr7jhzas3Y1KHZI8CN8W8g/getUpdates "HTTP/1.1 200 OK"
2026-03-13 13:49:25,659 [INFO] httpx: HTTP Request: POST https://api.telegram.org/bot8611683567:AAFcLxkFz7jJSkr7jhzas3Y1KHZI8CN8W8g/getUpdates "HTTP/1.1 200 OK"
2026-03-13 13:49:35,698 [INFO] httpx: HTTP Request: POST https://api.telegram.org/bot8611683567:AAFcLxkFz7jJSkr7jhzas3Y1KHZI8CN8W8g/getUpdates "HTTP/1.1 200 OK"
2026-03-13 13:49:45,733 [INFO] httpx: HTTP Request: POST https://api.telegram.org/bot8611683567:AAFcLxkFz7jJSkr7jhzas3Y1KHZI8CN8W8g/getUpdates "HTTP/1.1 200 OK"
2026-03-13 13:49:55,773 [INFO] httpx: HTTP Request: POST https://api.telegram.org/bot8611683567:AAFcLxkFz7jJSkr7jhzas3Y1KHZI8CN8W8g/getUpdates "HTTP/1.1 200 OK"
2026-03-13 13:50:05,814 [INFO] httpx: HTTP Request: POST https://api.telegram.org/bot8611683567:AAFcLxkFz7jJSkr7jhzas3Y1KHZI8CN8W8g/getUpdates "HTTP/1.1 200 OK"
2026-03-13 13:50:15,853 [INFO] httpx: HTTP Request: POST https://api.telegram.org/bot8611683567:AAFcLxkFz7jJSkr7jhzas3Y1KHZI8CN8W8g/getUpdates "HTTP/1.1 200 OK"
2026-03-13 13:50:32,632 [INFO] __main__: ✅ БД готова
2026-03-13 13:50:33,123 [INFO] apscheduler.scheduler: Adding job tentatively -- it will be properly scheduled when the scheduler starts
2026-03-13 13:50:33,123 [INFO] __main__: 🤖 Бот запущен!
2026-03-13 13:50:33,293 [INFO] httpx: HTTP Request: POST https://api.telegram.org/bot8611683567:AAFcLxkFz7jJSkr7jhzas3Y1KHZI8CN8W8g/getMe "HTTP/1.1 200 OK"
2026-03-13 13:50:33,294 [INFO] apscheduler.scheduler: Added job "main.<locals>.<lambda>" to job store "default"
2026-03-13 13:50:33,295 [INFO] apscheduler.scheduler: Scheduler started
2026-03-13 13:50:33,295 [INFO] __main__: ⏰ Планировщик: каждые 30 мин
2026-03-13 13:50:41,300 [INFO] __main__: ▶️  Проверка [13.03.2026 13:50]
2026-03-13 13:50:42,539 [WARNING] scrapers.coral: Coral Travel: туры не найдены
2026-03-13 13:50:45,614 [INFO] scrapers.novatours: Novatours: токен получен (03096e2114...)
2026-03-13 13:50:46,198 [INFO] scrapers.novatours: Novatours: 10 отелей с ценами
2026-03-13 13:51:11,860 [WARNING] scrapers.joinup: Join Up: туры не найдены
2026-03-13 13:51:12,880 [WARNING] scrapers.teztour: TEZ Tour: туры не найдены
2026-03-13 13:51:12,880 [INFO] __main__: Novatours: 10 туров до фильтра
2026-03-13 13:51:12,880 [INFO] __main__: Итого до фильтра: 10
2026-03-13 13:51:12,919 [INFO] __main__: 🔥 Новых горящих: 4
2026-03-13 13:51:12,919 [ERROR] __main__: Ошибка отправки 7308147004: 'dict' object has no attribute 'lower'
2026-03-13 13:51:12,920 [ERROR] __main__: Ошибка отправки 7308147004: 'dict' object has no attribute 'lower'
2026-03-13 13:51:12,920 [ERROR] __main__: Ошибка отправки 7308147004: 'dict' object has no attribute 'lower'
2026-03-13 13:51:12,920 [ERROR] __main__: Ошибка отправки 7308147004: 'dict' object has no attribute 'lower'
2026-03-13 13:51:13,027 [INFO] httpx: HTTP Request: POST https://api.telegram.org/bot8611683567:AAFcLxkFz7jJSkr7jhzas3Y1KHZI8CN8W8g/deleteWebhook "HTTP/1.1 200 OK"
2026-03-13 13:51:13,032 [INFO] apscheduler.scheduler: Scheduler started
2026-03-13 13:51:13,032 [INFO] telegram.ext.Application: Application started
2026-03-13 13:51:13,136 [INFO] httpx: HTTP Request: POST https://api.telegram.org/bot8611683567:AAFcLxkFz7jJSkr7jhzas3Y1KHZI8CN8W8g/getUpdates "HTTP/1.1 200 OK"
2026-03-13 13:51:13,260 [INFO] httpx: HTTP Request: POST https://api.telegram.org/bot8611683567:AAFcLxkFz7jJSkr7jhzas3Y1KHZI8CN8W8g/sendMessage "HTTP/1.1 200 OK"
2026-03-13 13:51:13,366 [INFO] httpx: HTTP Request: POST https://api.telegram.org/bot8611683567:AAFcLxkFz7jJSkr7jhzas3Y1KHZI8CN8W8g/sendMessage "HTTP/1.1 200 OK"
2026-03-13 13:51:13,368 [INFO] __main__: ▶️  Проверка [13.03.2026 13:51]
2026-03-13 13:51:13,693 [INFO] scrapers.novatours: Novatours: 10 отелей с ценами
2026-03-13 13:51:14,326 [WARNING] scrapers.coral: Coral Travel: туры не найдены
2026-03-13 13:51:23,180 [INFO] httpx: HTTP Request: POST https://api.telegram.org/bot8611683567:AAFcLxkFz7jJSkr7jhzas3Y1KHZI8CN8W8g/getUpdates "HTTP/1.1 200 OK"
2026-03-13 13:51:33,220 [INFO] httpx: HTTP Request: POST https://api.telegram.org/bot8611683567:AAFcLxkFz7jJSkr7jhzas3Y1KHZI8CN8W8g/getUpdates "HTTP/1.1 200 OK"
2026-03-13 13:51:43,259 [INFO] httpx: HTTP Request: POST https://api.telegram.org/bot8611683567:AAFcLxkFz7jJSkr7jhzas3Y1KHZI8CN8W8g/getUpdates "HTTP/1.1 200 OK"
2026-03-13 13:51:43,650 [WARNING] scrapers.joinup: Join Up: туры не найдены
2026-03-13 13:51:44,597 [WARNING] scrapers.teztour: TEZ Tour: туры не найдены
2026-03-13 13:51:44,597 [INFO] __main__: Novatours: 10 туров до фильтра
2026-03-13 13:51:44,597 [INFO] __main__: Итого до фильтра: 10
2026-03-13 13:51:44,599 [INFO] __main__: 🔥 Новых горящих: 0
2026-03-13 13:51:44,776 [INFO] httpx: HTTP Request: POST https://api.telegram.org/bot8611683567:AAFcLxkFz7jJSkr7jhzas3Y1KHZI8CN8W8g/sendMessage "HTTP/1.1 200 OK"
2026-03-13 13:51:53,302 [INFO] httpx: HTTP Request: POST https://api.telegram.org/bot8611683567:AAFcLxkFz7jJSkr7jhzas3Y1KHZI8CN8W8g/getUpdates "HTTP/1.1 200 OK"
2026-03-13 13:52:03,342 [INFO] httpx: HTTP Request: POST https://api.telegram.org/bot8611683567:AAFcLxkFz7jJSkr7jhzas3Y1KHZI8CN8W8g/getUpdates "HTTP/1.1 200 OK"
2026-03-13 13:52:13,382 [INFO] httpx: HTTP Request: POST https://api.telegram.org/bot8611683567:AAFcLxkFz7jJSkr7jhzas3Y1KHZI8CN8W8g/getUpdates "HTTP/1.1 200 OK"
2026-03-13 13:52:23,422 [INFO] httpx: HTTP Request: POST https://api.telegram.org/bot8611683567:AAFcLxkFz7jJSkr7jhzas3Y1KHZI8CN8W8g/getUpdates "HTTP/1.1 200 OK"
2026-03-13 13:52:33,465 [INFO] httpx: HTTP Request: POST https://api.telegram.org/bot8611683567:AAFcLxkFz7jJSkr7jhzas3Y1KHZI8CN8W8g/getUpdates "HTTP/1.1 200 OK"
2026-03-13 13:52:43,512 [INFO] httpx: HTTP Request: POST https://api.telegram.org/bot8611683567:AAFcLxkFz7jJSkr7jhzas3Y1KHZI8CN8W8g/getUpdates "HTTP/1.1 200 OK"
2026-03-13 13:52:53,551 [INFO] httpx: HTTP Request: POST https://api.telegram.org/bot8611683567:AAFcLxkFz7jJSkr7jhzas3Y1KHZI8CN8W8g/getUpdates "HTTP/1.1 200 OK"
2026-03-13 13:53:03,593 [INFO] httpx: HTTP Request: POST https://api.telegram.org/bot8611683567:AAFcLxkFz7jJSkr7jhzas3Y1KHZI8CN8W8g/getUpdates "HTTP/1.1 200 OK"
2026-03-13 13:53:13,640 [INFO] httpx: HTTP Request: POST https://api.telegram.org/bot8611683567:AAFcLxkFz7jJSkr7jhzas3Y1KHZI8CN8W8g/getUpdates "HTTP/1.1 200 OK"
2026-03-13 13:53:23,682 [INFO] httpx: HTTP Request: POST https://api.telegram.org/bot8611683567:AAFcLxkFz7jJSkr7jhzas3Y1KHZI8CN8W8g/getUpdates "HTTP/1.1 200 OK"
2026-03-13 13:53:33,720 [INFO] httpx: HTTP Request: POST https://api.telegram.org/bot8611683567:AAFcLxkFz7jJSkr7jhzas3Y1KHZI8CN8W8g/getUpdates "HTTP/1.1 200 OK"
2026-03-13 13:53:43,766 [INFO] httpx: HTTP Request: POST https://api.telegram.org/bot8611683567:AAFcLxkFz7jJSkr7jhzas3Y1KHZI8CN8W8g/getUpdates "HTTP/1.1 200 OK"
2026-03-13 13:53:53,816 [INFO] httpx: HTTP Request: POST https://api.telegram.org/bot8611683567:AAFcLxkFz7jJSkr7jhzas3Y1KHZI8CN8W8g/getUpdates "HTTP/1.1 200 OK"
2026-03-13 13:54:03,854 [INFO] httpx: HTTP Request: POST https://api.telegram.org/bot8611683567:AAFcLxkFz7jJSkr7jhzas3Y1KHZI8CN8W8g/getUpdates "HTTP/1.1 200 OK"
2026-03-13 13:54:13,896 [INFO] httpx: HTTP Request: POST https://api.telegram.org/bot8611683567:AAFcLxkFz7jJSkr7jhzas3Y1KHZI8CN8W8g/getUpdates "HTTP/1.1 200 OK"
2026-03-13 13:54:19,754 [INFO] httpx: HTTP Request: POST https://api.telegram.org/bot8611683567:AAFcLxkFz7jJSkr7jhzas3Y1KHZI8CN8W8g/getUpdates "HTTP/1.1 200 OK"
2026-03-13 13:54:19,905 [INFO] httpx: HTTP Request: POST https://api.telegram.org/bot8611683567:AAFcLxkFz7jJSkr7jhzas3Y1KHZI8CN8W8g/sendMessage "HTTP/1.1 200 OK"
2026-03-13 13:54:24,564 [INFO] httpx: HTTP Request: POST https://api.telegram.org/bot8611683567:AAFcLxkFz7jJSkr7jhzas3Y1KHZI8CN8W8g/getUpdates "HTTP/1.1 200 OK"
2026-03-13 13:54:24,808 [INFO] httpx: HTTP Request: POST https://api.telegram.org/bot8611683567:AAFcLxkFz7jJSkr7jhzas3Y1KHZI8CN8W8g/answerCallbackQuery "HTTP/1.1 200 OK"
2026-03-13 13:54:24,889 [INFO] httpx: HTTP Request: POST https://api.telegram.org/bot8611683567:AAFcLxkFz7jJSkr7jhzas3Y1KHZI8CN8W8g/sendMessage "HTTP/1.1 200 OK"
2026-03-13 13:54:24,892 [INFO] __main__: ▶️  Проверка [13.03.2026 13:54]
2026-03-13 13:54:25,442 [INFO] scrapers.novatours: Novatours: 10 отелей с ценами
2026-03-13 13:54:25,874 [WARNING] scrapers.coral: Coral Travel: туры не найдены
2026-03-13 13:54:34,611 [INFO] httpx: HTTP Request: POST https://api.telegram.org/bot8611683567:AAFcLxkFz7jJSkr7jhzas3Y1KHZI8CN8W8g/getUpdates "HTTP/1.1 200 OK"
2026-03-13 13:54:44,648 [INFO] httpx: HTTP Request: POST https://api.telegram.org/bot8611683567:AAFcLxkFz7jJSkr7jhzas3Y1KHZI8CN8W8g/getUpdates "HTTP/1.1 200 OK"
2026-03-13 13:54:54,688 [INFO] httpx: HTTP Request: POST https://api.telegram.org/bot8611683567:AAFcLxkFz7jJSkr7jhzas3Y1KHZI8CN8W8g/getUpdates "HTTP/1.1 200 OK"
2026-03-13 13:54:55,001 [WARNING] scrapers.joinup: Join Up: туры не найдены
2026-03-13 13:54:56,186 [WARNING] scrapers.teztour: TEZ Tour: туры не найдены
2026-03-13 13:54:56,187 [INFO] __main__: Novatours: 10 туров до фильтра
2026-03-13 13:54:56,187 [INFO] __main__: Итого до фильтра: 10
2026-03-13 13:54:56,190 [INFO] __main__: 🔥 Новых горящих: 0
2026-03-13 13:54:56,383 [INFO] httpx: HTTP Request: POST https://api.telegram.org/bot8611683567:AAFcLxkFz7jJSkr7jhzas3Y1KHZI8CN8W8g/sendMessage "HTTP/1.1 200 OK"
2026-03-13 13:55:04,732 [INFO] httpx: HTTP Request: POST https://api.telegram.org/bot8611683567:AAFcLxkFz7jJSkr7jhzas3Y1KHZI8CN8W8g/getUpdates "HTTP/1.1 200 OK"
2026-03-13 13:55:14,778 [INFO] httpx: HTTP Request: POST https://api.telegram.org/bot8611683567:AAFcLxkFz7jJSkr7jhzas3Y1KHZI8CN8W8g/getUpdates "HTTP/1.1 200 OK"
2026-03-13 13:55:24,824 [INFO] httpx: HTTP Request: POST https://api.telegram.org/bot8611683567:AAFcLxkFz7jJSkr7jhzas3Y1KHZI8CN8W8g/getUpdates "HTTP/1.1 200 OK"
2026-03-13 13:55:34,861 [INFO] httpx: HTTP Request: POST https://api.telegram.org/bot8611683567:AAFcLxkFz7jJSkr7jhzas3Y1KHZI8CN8W8g/getUpdates "HTTP/1.1 200 OK"
2026-03-13 13:55:44,899 [INFO] httpx: HTTP Request: POST https://api.telegram.org/bot8611683567:AAFcLxkFz7jJSkr7jhzas3Y1KHZI8CN8W8g/getUpdates "HTTP/1.1 200 OK"
2026-03-13 13:55:54,956 [INFO] httpx: HTTP Request: POST https://api.telegram.org/bot8611683567:AAFcLxkFz7jJSkr7jhzas3Y1KHZI8CN8W8g/getUpdates "HTTP/1.1 200 OK"
2026-03-13 13:56:04,995 [INFO] httpx: HTTP Request: POST https://api.telegram.org/bot8611683567:AAFcLxkFz7jJSkr7jhzas3Y1KHZI8CN8W8g/getUpdates "HTTP/1.1 200 OK"
2026-03-13 13:56:15,034 [INFO] httpx: HTTP Request: POST https://api.telegram.org/bot8611683567:AAFcLxkFz7jJSkr7jhzas3Y1KHZI8CN8W8g/getUpdates "HTTP/1.1 200 OK"
2026-03-13 13:56:25,074 [INFO] httpx: HTTP Request: POST https://api.telegram.org/bot8611683567:AAFcLxkFz7jJSkr7jhzas3Y1KHZI8CN8W8g/getUpdates "HTTP/1.1 200 OK"
2026-03-13 13:56:35,114 [INFO] httpx: HTTP Request: POST https://api.telegram.org/bot8611683567:AAFcLxkFz7jJSkr7jhzas3Y1KHZI8CN8W8g/getUpdates "HTTP/1.1 200 OK"
2026-03-13 13:56:45,153 [INFO] httpx: HTTP Request: POST https://api.telegram.org/bot8611683567:AAFcLxkFz7jJSkr7jhzas3Y1KHZI8CN8W8g/getUpdates "HTTP/1.1 200 OK"
2026-03-13 13:56:54,295 [INFO] httpx: HTTP Request: POST https://api.telegram.org/bot8611683567:AAFcLxkFz7jJSkr7jhzas3Y1KHZI8CN8W8g/getUpdates "HTTP/1.1 200 OK"
2026-03-13 13:56:54,297 [INFO] telegram.ext.Application: Application is stopping. This might take a moment.
2026-03-13 13:56:54,298 [INFO] apscheduler.scheduler: Scheduler has been shut down
2026-03-13 13:56:54,315 [INFO] telegram.ext.Application: Application.stop() complete
2026-03-13 13:56:54,317 [INFO] apscheduler.scheduler: Scheduler has been shut down
2026-03-13 13:57:01,536 [INFO] __main__: ✅ БД готова
2026-03-13 13:57:02,021 [INFO] apscheduler.scheduler: Adding job tentatively -- it will be properly scheduled when the scheduler starts
2026-03-13 13:57:02,021 [INFO] __main__: 🤖 Бот запущен!
2026-03-13 13:57:02,184 [INFO] httpx: HTTP Request: POST https://api.telegram.org/bot8611683567:AAFcLxkFz7jJSkr7jhzas3Y1KHZI8CN8W8g/getMe "HTTP/1.1 200 OK"
2026-03-13 13:57:02,186 [INFO] apscheduler.scheduler: Added job "main.<locals>.<lambda>" to job store "default"
2026-03-13 13:57:02,187 [INFO] apscheduler.scheduler: Scheduler started
2026-03-13 13:57:02,188 [INFO] __main__: ⏰ Планировщик: каждые 30 мин
2026-03-13 13:57:10,188 [INFO] __main__: ▶️  Проверка [13.03.2026 13:57]
2026-03-13 13:57:11,510 [WARNING] scrapers.coral: Coral Travel: туры не найдены
2026-03-13 13:57:14,576 [INFO] scrapers.novatours: Novatours: токен получен (03096e2114...)
2026-03-13 13:57:15,172 [INFO] scrapers.novatours: Novatours: 10 отелей с ценами
2026-03-13 13:57:40,843 [WARNING] scrapers.joinup: Join Up: туры не найдены
2026-03-13 13:57:42,001 [WARNING] scrapers.teztour: TEZ Tour: туры не найдены
2026-03-13 13:57:42,002 [INFO] __main__: Novatours: 10 туров до фильтра
2026-03-13 13:57:42,003 [INFO] __main__: Итого до фильтра: 10
2026-03-13 13:57:42,047 [INFO] __main__: 🔥 Новых горящих: 4
2026-03-13 13:57:42,049 [ERROR] __main__: Ошибка отправки 7308147004: 'dict' object has no attribute 'lower'
2026-03-13 13:57:42,050 [ERROR] __main__: Ошибка отправки 7308147004: 'dict' object has no attribute 'lower'
2026-03-13 13:57:42,050 [ERROR] __main__: Ошибка отправки 7308147004: 'dict' object has no attribute 'lower'
2026-03-13 13:57:42,051 [ERROR] __main__: Ошибка отправки 7308147004: 'dict' object has no attribute 'lower'
2026-03-13 13:57:42,160 [INFO] httpx: HTTP Request: POST https://api.telegram.org/bot8611683567:AAFcLxkFz7jJSkr7jhzas3Y1KHZI8CN8W8g/deleteWebhook "HTTP/1.1 200 OK"
2026-03-13 13:57:42,165 [INFO] apscheduler.scheduler: Scheduler started
2026-03-13 13:57:42,166 [INFO] telegram.ext.Application: Application started
2026-03-13 13:57:42,274 [INFO] httpx: HTTP Request: POST https://api.telegram.org/bot8611683567:AAFcLxkFz7jJSkr7jhzas3Y1KHZI8CN8W8g/getUpdates "HTTP/1.1 200 OK"
2026-03-13 13:57:42,346 [INFO] httpx: HTTP Request: POST https://api.telegram.org/bot8611683567:AAFcLxkFz7jJSkr7jhzas3Y1KHZI8CN8W8g/sendMessage "HTTP/1.1 200 OK"
2026-03-13 13:57:52,320 [INFO] httpx: HTTP Request: POST https://api.telegram.org/bot8611683567:AAFcLxkFz7jJSkr7jhzas3Y1KHZI8CN8W8g/getUpdates "HTTP/1.1 200 OK"
2026-03-13 13:57:52,938 [INFO] httpx: HTTP Request: POST https://api.telegram.org/bot8611683567:AAFcLxkFz7jJSkr7jhzas3Y1KHZI8CN8W8g/getUpdates "HTTP/1.1 200 OK"
2026-03-13 13:57:53,056 [INFO] httpx: HTTP Request: POST https://api.telegram.org/bot8611683567:AAFcLxkFz7jJSkr7jhzas3Y1KHZI8CN8W8g/answerCallbackQuery "HTTP/1.1 200 OK"
2026-03-13 13:57:53,130 [INFO] httpx: HTTP Request: POST https://api.telegram.org/bot8611683567:AAFcLxkFz7jJSkr7jhzas3Y1KHZI8CN8W8g/sendMessage "HTTP/1.1 200 OK"
2026-03-13 13:57:53,132 [INFO] __main__: ▶️  Проверка [13.03.2026 13:57]
2026-03-13 13:57:53,661 [INFO] scrapers.novatours: Novatours: 10 отелей с ценами
2026-03-13 13:57:54,241 [WARNING] scrapers.coral: Coral Travel: туры не найдены
2026-03-13 13:58:02,979 [INFO] httpx: HTTP Request: POST https://api.telegram.org/bot8611683567:AAFcLxkFz7jJSkr7jhzas3Y1KHZI8CN8W8g/getUpdates "HTTP/1.1 200 OK"
2026-03-13 13:58:13,015 [INFO] httpx: HTTP Request: POST https://api.telegram.org/bot8611683567:AAFcLxkFz7jJSkr7jhzas3Y1KHZI8CN8W8g/getUpdates "HTTP/1.1 200 OK"
2026-03-13 13:58:23,056 [INFO] httpx: HTTP Request: POST https://api.telegram.org/bot8611683567:AAFcLxkFz7jJSkr7jhzas3Y1KHZI8CN8W8g/getUpdates "HTTP/1.1 200 OK"
2026-03-13 13:58:23,315 [WARNING] scrapers.joinup: Join Up: туры не найдены
2026-03-13 13:58:24,691 [WARNING] scrapers.teztour: TEZ Tour: туры не найдены
2026-03-13 13:58:24,692 [INFO] __main__: Novatours: 10 туров до фильтра
2026-03-13 13:58:24,693 [INFO] __main__: Итого до фильтра: 10
2026-03-13 13:58:24,696 [INFO] __main__: 🔥 Новых горящих: 0
2026-03-13 13:58:24,853 [INFO] httpx: HTTP Request: POST https://api.telegram.org/bot8611683567:AAFcLxkFz7jJSkr7jhzas3Y1KHZI8CN8W8g/sendMessage "HTTP/1.1 200 OK"
2026-03-13 13:58:33,093 [INFO] httpx: HTTP Request: POST https://api.telegram.org/bot8611683567:AAFcLxkFz7jJSkr7jhzas3Y1KHZI8CN8W8g/getUpdates "HTTP/1.1 200 OK"
2026-03-13 13:58:43,129 [INFO] httpx: HTTP Request: POST https://api.telegram.org/bot8611683567:AAFcLxkFz7jJSkr7jhzas3Y1KHZI8CN8W8g/getUpdates "HTTP/1.1 200 OK"
2026-03-13 13:58:53,168 [INFO] httpx: HTTP Request: POST https://api.telegram.org/bot8611683567:AAFcLxkFz7jJSkr7jhzas3Y1KHZI8CN8W8g/getUpdates "HTTP/1.1 200 OK"
2026-03-13 13:59:01,326 [INFO] httpx: HTTP Request: POST https://api.telegram.org/bot8611683567:AAFcLxkFz7jJSkr7jhzas3Y1KHZI8CN8W8g/getUpdates "HTTP/1.1 200 OK"
2026-03-13 13:59:01,328 [INFO] telegram.ext.Application: Application is stopping. This might take a moment.
2026-03-13 13:59:01,328 [INFO] apscheduler.scheduler: Scheduler has been shut down
2026-03-13 13:59:01,350 [INFO] telegram.ext.Application: Application.stop() complete
2026-03-13 13:59:01,352 [INFO] apscheduler.scheduler: Scheduler has been shut down
2026-03-13 13:59:06,009 [INFO] __main__: ✅ БД готова
2026-03-13 13:59:06,525 [INFO] apscheduler.scheduler: Adding job tentatively -- it will be properly scheduled when the scheduler starts
2026-03-13 13:59:06,525 [INFO] __main__: 🤖 Бот запущен!
2026-03-13 13:59:06,699 [INFO] httpx: HTTP Request: POST https://api.telegram.org/bot8611683567:AAFcLxkFz7jJSkr7jhzas3Y1KHZI8CN8W8g/getMe "HTTP/1.1 200 OK"
2026-03-13 13:59:06,701 [INFO] apscheduler.scheduler: Added job "main.<locals>.<lambda>" to job store "default"
2026-03-13 13:59:06,702 [INFO] apscheduler.scheduler: Scheduler started
2026-03-13 13:59:06,702 [INFO] __main__: ⏰ Планировщик: каждые 30 мин
2026-03-13 13:59:14,707 [INFO] __main__: ▶️  Проверка [13.03.2026 13:59]
2026-03-13 13:59:16,004 [WARNING] scrapers.coral: Coral Travel: туры не найдены
2026-03-13 13:59:19,068 [INFO] scrapers.novatours: Novatours: токен получен (03096e2114...)
2026-03-13 13:59:19,566 [INFO] scrapers.novatours: Novatours: 10 отелей с ценами
2026-03-13 13:59:45,084 [WARNING] scrapers.joinup: Join Up: туры не найдены
2026-03-13 13:59:46,370 [WARNING] scrapers.teztour: TEZ Tour: туры не найдены
2026-03-13 13:59:46,371 [INFO] __main__: Novatours: 10 туров до фильтра
2026-03-13 13:59:46,371 [INFO] __main__: Итого до фильтра: 10
2026-03-13 13:59:46,413 [INFO] __main__: 🔥 Новых горящих: 4
2026-03-13 13:59:46,414 [ERROR] __main__: Ошибка отправки 7308147004: 'dict' object has no attribute 'lower'
2026-03-13 13:59:46,415 [ERROR] __main__: Ошибка отправки 7308147004: 'dict' object has no attribute 'lower'
2026-03-13 13:59:46,415 [ERROR] __main__: Ошибка отправки 7308147004: 'dict' object has no attribute 'lower'
2026-03-13 13:59:46,415 [ERROR] __main__: Ошибка отправки 7308147004: 'dict' object has no attribute 'lower'
2026-03-13 13:59:46,522 [INFO] httpx: HTTP Request: POST https://api.telegram.org/bot8611683567:AAFcLxkFz7jJSkr7jhzas3Y1KHZI8CN8W8g/deleteWebhook "HTTP/1.1 200 OK"
2026-03-13 13:59:46,524 [INFO] apscheduler.scheduler: Scheduler started
2026-03-13 13:59:46,525 [INFO] telegram.ext.Application: Application started
2026-03-13 13:59:46,627 [INFO] httpx: HTTP Request: POST https://api.telegram.org/bot8611683567:AAFcLxkFz7jJSkr7jhzas3Y1KHZI8CN8W8g/getUpdates "HTTP/1.1 200 OK"
2026-03-13 13:59:46,692 [INFO] httpx: HTTP Request: POST https://api.telegram.org/bot8611683567:AAFcLxkFz7jJSkr7jhzas3Y1KHZI8CN8W8g/sendMessage "HTTP/1.1 200 OK"
2026-03-13 13:59:46,760 [INFO] httpx: HTTP Request: POST https://api.telegram.org/bot8611683567:AAFcLxkFz7jJSkr7jhzas3Y1KHZI8CN8W8g/sendMessage "HTTP/1.1 200 OK"
2026-03-13 13:59:46,763 [INFO] __main__: ▶️  Проверка [13.03.2026 13:59]
2026-03-13 13:59:47,338 [INFO] scrapers.novatours: Novatours: 10 отелей с ценами
2026-03-13 13:59:47,797 [WARNING] scrapers.coral: Coral Travel: туры не найдены
2026-03-13 13:59:56,664 [INFO] httpx: HTTP Request: POST https://api.telegram.org/bot8611683567:AAFcLxkFz7jJSkr7jhzas3Y1KHZI8CN8W8g/getUpdates "HTTP/1.1 200 OK"
2026-03-13 14:00:06,701 [INFO] httpx: HTTP Request: POST https://api.telegram.org/bot8611683567:AAFcLxkFz7jJSkr7jhzas3Y1KHZI8CN8W8g/getUpdates "HTTP/1.1 200 OK"
2026-03-13 14:00:16,740 [INFO] httpx: HTTP Request: POST https://api.telegram.org/bot8611683567:AAFcLxkFz7jJSkr7jhzas3Y1KHZI8CN8W8g/getUpdates "HTTP/1.1 200 OK"
2026-03-13 14:00:16,959 [WARNING] scrapers.joinup: Join Up: туры не найдены
2026-03-13 14:00:18,224 [WARNING] scrapers.teztour: TEZ Tour: туры не найдены
2026-03-13 14:00:18,225 [INFO] __main__: Novatours: 10 туров до фильтра
2026-03-13 14:00:18,226 [INFO] __main__: Итого до фильтра: 10
2026-03-13 14:00:18,229 [INFO] __main__: 🔥 Новых горящих: 0
2026-03-13 14:00:18,384 [INFO] httpx: HTTP Request: POST https://api.telegram.org/bot8611683567:AAFcLxkFz7jJSkr7jhzas3Y1KHZI8CN8W8g/sendMessage "HTTP/1.1 200 OK"
2026-03-13 14:00:26,795 [INFO] httpx: HTTP Request: POST https://api.telegram.org/bot8611683567:AAFcLxkFz7jJSkr7jhzas3Y1KHZI8CN8W8g/getUpdates "HTTP/1.1 200 OK"
2026-03-13 14:00:36,839 [INFO] httpx: HTTP Request: POST https://api.telegram.org/bot8611683567:AAFcLxkFz7jJSkr7jhzas3Y1KHZI8CN8W8g/getUpdates "HTTP/1.1 200 OK"
2026-03-13 14:00:46,876 [INFO] httpx: HTTP Request: POST https://api.telegram.org/bot8611683567:AAFcLxkFz7jJSkr7jhzas3Y1KHZI8CN8W8g/getUpdates "HTTP/1.1 200 OK"
2026-03-13 14:00:56,912 [INFO] httpx: HTTP Request: POST https://api.telegram.org/bot8611683567:AAFcLxkFz7jJSkr7jhzas3Y1KHZI8CN8W8g/getUpdates "HTTP/1.1 200 OK"
2026-03-13 14:01:06,948 [INFO] httpx: HTTP Request: POST https://api.telegram.org/bot8611683567:AAFcLxkFz7jJSkr7jhzas3Y1KHZI8CN8W8g/getUpdates "HTTP/1.1 200 OK"
2026-03-13 14:01:16,986 [INFO] httpx: HTTP Request: POST https://api.telegram.org/bot8611683567:AAFcLxkFz7jJSkr7jhzas3Y1KHZI8CN8W8g/getUpdates "HTTP/1.1 200 OK"
2026-03-13 14:01:27,026 [INFO] httpx: HTTP Request: POST https://api.telegram.org/bot8611683567:AAFcLxkFz7jJSkr7jhzas3Y1KHZI8CN8W8g/getUpdates "HTTP/1.1 200 OK"
2026-03-13 14:01:37,066 [INFO] httpx: HTTP Request: POST https://api.telegram.org/bot8611683567:AAFcLxkFz7jJSkr7jhzas3Y1KHZI8CN8W8g/getUpdates "HTTP/1.1 200 OK"
2026-03-13 14:01:47,109 [INFO] httpx: HTTP Request: POST https://api.telegram.org/bot8611683567:AAFcLxkFz7jJSkr7jhzas3Y1KHZI8CN8W8g/getUpdates "HTTP/1.1 200 OK"
2026-03-13 14:01:55,478 [INFO] httpx: HTTP Request: POST https://api.telegram.org/bot8611683567:AAFcLxkFz7jJSkr7jhzas3Y1KHZI8CN8W8g/getUpdates "HTTP/1.1 200 OK"
2026-03-13 14:01:55,480 [INFO] telegram.ext.Application: Application is stopping. This might take a moment.
2026-03-13 14:01:55,480 [INFO] apscheduler.scheduler: Scheduler has been shut down
2026-03-13 14:01:55,506 [INFO] telegram.ext.Application: Application.stop() complete
2026-03-13 14:01:55,508 [INFO] apscheduler.scheduler: Scheduler has been shut down
2026-03-13 14:04:00,711 [INFO] __main__: ✅ БД готова
2026-03-13 14:04:01,164 [INFO] apscheduler.scheduler: Adding job tentatively -- it will be properly scheduled when the scheduler starts
2026-03-13 14:04:01,164 [INFO] __main__: 🤖 Бот запущен!
2026-03-13 14:04:01,325 [INFO] httpx: HTTP Request: POST https://api.telegram.org/bot8611683567:AAFcLxkFz7jJSkr7jhzas3Y1KHZI8CN8W8g/getMe "HTTP/1.1 200 OK"
2026-03-13 14:04:01,327 [INFO] apscheduler.scheduler: Added job "main.<locals>.<lambda>" to job store "default"
2026-03-13 14:04:01,327 [INFO] apscheduler.scheduler: Scheduler started
2026-03-13 14:04:01,327 [INFO] __main__: ⏰ Планировщик: каждые 30 мин
2026-03-13 14:04:09,342 [INFO] __main__: ▶️  Проверка [13.03.2026 14:04]
2026-03-13 14:04:10,525 [WARNING] scrapers.coral: Coral Travel: туры не найдены
2026-03-13 14:04:13,572 [INFO] scrapers.novatours: Novatours: токен получен (03096e2114...)
2026-03-13 14:04:14,860 [INFO] scrapers.novatours: Novatours: 10 отелей с ценами
2026-03-13 14:04:39,897 [WARNING] scrapers.joinup: Join Up: туры не найдены
2026-03-13 14:04:40,955 [WARNING] scrapers.teztour: TEZ Tour: туры не найдены
2026-03-13 14:04:40,956 [INFO] __main__: Novatours: 10 туров до фильтра
2026-03-13 14:04:40,956 [INFO] __main__: Итого до фильтра: 10
2026-03-13 14:04:40,958 [INFO] __main__: 🔥 Новых горящих: 0
2026-03-13 14:04:41,067 [INFO] httpx: HTTP Request: POST https://api.telegram.org/bot8611683567:AAFcLxkFz7jJSkr7jhzas3Y1KHZI8CN8W8g/deleteWebhook "HTTP/1.1 200 OK"
2026-03-13 14:04:41,071 [INFO] apscheduler.scheduler: Scheduler started
2026-03-13 14:04:41,072 [INFO] telegram.ext.Application: Application started
2026-03-13 14:04:41,200 [INFO] httpx: HTTP Request: POST https://api.telegram.org/bot8611683567:AAFcLxkFz7jJSkr7jhzas3Y1KHZI8CN8W8g/getUpdates "HTTP/1.1 200 OK"
2026-03-13 14:04:41,277 [INFO] httpx: HTTP Request: POST https://api.telegram.org/bot8611683567:AAFcLxkFz7jJSkr7jhzas3Y1KHZI8CN8W8g/sendMessage "HTTP/1.1 200 OK"
2026-03-13 14:04:41,361 [INFO] httpx: HTTP Request: POST https://api.telegram.org/bot8611683567:AAFcLxkFz7jJSkr7jhzas3Y1KHZI8CN8W8g/sendMessage "HTTP/1.1 200 OK"
2026-03-13 14:04:41,363 [INFO] __main__: ▶️  Проверка [13.03.2026 14:04]
2026-03-13 14:04:41,678 [INFO] scrapers.novatours: Novatours: 10 отелей с ценами
2026-03-13 14:04:42,342 [WARNING] scrapers.coral: Coral Travel: туры не найдены
2026-03-13 14:04:51,243 [INFO] httpx: HTTP Request: POST https://api.telegram.org/bot8611683567:AAFcLxkFz7jJSkr7jhzas3Y1KHZI8CN8W8g/getUpdates "HTTP/1.1 200 OK"
2026-03-13 14:05:01,305 [INFO] httpx: HTTP Request: POST https://api.telegram.org/bot8611683567:AAFcLxkFz7jJSkr7jhzas3Y1KHZI8CN8W8g/getUpdates "HTTP/1.1 200 OK"
2026-03-13 14:05:11,328 [WARNING] scrapers.joinup: Join Up: туры не найдены
2026-03-13 14:05:11,343 [INFO] httpx: HTTP Request: POST https://api.telegram.org/bot8611683567:AAFcLxkFz7jJSkr7jhzas3Y1KHZI8CN8W8g/getUpdates "HTTP/1.1 200 OK"
2026-03-13 14:05:12,853 [WARNING] scrapers.teztour: TEZ Tour: туры не найдены
2026-03-13 14:05:12,853 [INFO] __main__: Novatours: 10 туров до фильтра
2026-03-13 14:05:12,854 [INFO] __main__: Итого до фильтра: 10
2026-03-13 14:05:12,855 [INFO] __main__: 🔥 Новых горящих: 0
2026-03-13 14:05:13,112 [INFO] httpx: HTTP Request: POST https://api.telegram.org/bot8611683567:AAFcLxkFz7jJSkr7jhzas3Y1KHZI8CN8W8g/sendMessage "HTTP/1.1 200 OK"
2026-03-13 14:05:21,389 [INFO] httpx: HTTP Request: POST https://api.telegram.org/bot8611683567:AAFcLxkFz7jJSkr7jhzas3Y1KHZI8CN8W8g/getUpdates "HTTP/1.1 200 OK"
2026-03-13 14:05:31,437 [INFO] httpx: HTTP Request: POST https://api.telegram.org/bot8611683567:AAFcLxkFz7jJSkr7jhzas3Y1KHZI8CN8W8g/getUpdates "HTTP/1.1 200 OK"
2026-03-13 14:05:41,478 [INFO] httpx: HTTP Request: POST https://api.telegram.org/bot8611683567:AAFcLxkFz7jJSkr7jhzas3Y1KHZI8CN8W8g/getUpdates "HTTP/1.1 200 OK"
2026-03-13 14:05:51,518 [INFO] httpx: HTTP Request: POST https://api.telegram.org/bot8611683567:AAFcLxkFz7jJSkr7jhzas3Y1KHZI8CN8W8g/getUpdates "HTTP/1.1 200 OK"
2026-03-13 14:06:02,562 [INFO] __main__: ✅ БД готова
2026-03-13 14:06:03,009 [INFO] apscheduler.scheduler: Adding job tentatively -- it will be properly scheduled when the scheduler starts
2026-03-13 14:06:03,010 [INFO] __main__: 🤖 Бот запущен!
2026-03-13 14:06:03,170 [INFO] httpx: HTTP Request: POST https://api.telegram.org/bot8611683567:AAFcLxkFz7jJSkr7jhzas3Y1KHZI8CN8W8g/getMe "HTTP/1.1 200 OK"
2026-03-13 14:06:03,172 [INFO] apscheduler.scheduler: Added job "main.<locals>.<lambda>" to job store "default"
2026-03-13 14:06:03,172 [INFO] apscheduler.scheduler: Scheduler started
2026-03-13 14:06:03,173 [INFO] __main__: ⏰ Планировщик: каждые 30 мин
2026-03-13 14:06:11,187 [INFO] __main__: ▶️  Проверка [13.03.2026 14:06]
2026-03-13 14:06:12,368 [WARNING] scrapers.coral: Coral Travel: туры не найдены
2026-03-13 14:06:15,439 [INFO] scrapers.novatours: Novatours: токен получен (03096e2114...)
2026-03-13 14:06:15,818 [INFO] scrapers.novatours: Novatours: 10 отелей с ценами
2026-03-13 14:06:41,650 [WARNING] scrapers.joinup: Join Up: туры не найдены
2026-03-13 14:06:42,833 [WARNING] scrapers.teztour: TEZ Tour: туры не найдены
2026-03-13 14:06:42,833 [INFO] __main__: Novatours: 10 туров до фильтра
2026-03-13 14:06:42,834 [INFO] __main__: Итого до фильтра: 10
2026-03-13 14:06:42,873 [INFO] __main__: 🔥 Новых горящих: 4
2026-03-13 14:06:42,876 [ERROR] __main__: Ошибка отправки 7308147004: 'dict' object has no attribute 'lower' | Traceback (most recent call last):
  File "C:\Egypt\bot.py", line 189, in run_check
    await _send_tour(app.bot, chat_id, tour)
  File "C:\Egypt\bot.py", line 124, in _send_tour
    text, image = format_tour(tour)
                  ~~~~~~~~~~~^^^^^^
  File "C:\Egypt\formatter.py", line 78, in format_tour
    meal        = _fmt_meal(tour.get("meal_plan", ""))
  File "C:\Egypt\formatter.py", line 30, in _fmt_meal
    m = (" " + meal.lower() + " ")
               ^^^^^^^^^^
AttributeError: 'dict' object has no attribute 'lower'

2026-03-13 14:06:42,877 [ERROR] __main__: Ошибка отправки 7308147004: 'dict' object has no attribute 'lower' | Traceback (most recent call last):
  File "C:\Egypt\bot.py", line 189, in run_check
    await _send_tour(app.bot, chat_id, tour)
  File "C:\Egypt\bot.py", line 124, in _send_tour
    text, image = format_tour(tour)
                  ~~~~~~~~~~~^^^^^^
  File "C:\Egypt\formatter.py", line 78, in format_tour
    meal        = _fmt_meal(tour.get("meal_plan", ""))
  File "C:\Egypt\formatter.py", line 30, in _fmt_meal
    m = (" " + meal.lower() + " ")
               ^^^^^^^^^^
AttributeError: 'dict' object has no attribute 'lower'

2026-03-13 14:06:42,878 [ERROR] __main__: Ошибка отправки 7308147004: 'dict' object has no attribute 'lower' | Traceback (most recent call last):
  File "C:\Egypt\bot.py", line 189, in run_check
    await _send_tour(app.bot, chat_id, tour)
  File "C:\Egypt\bot.py", line 124, in _send_tour
    text, image = format_tour(tour)
                  ~~~~~~~~~~~^^^^^^
  File "C:\Egypt\formatter.py", line 78, in format_tour
    meal        = _fmt_meal(tour.get("meal_plan", ""))
  File "C:\Egypt\formatter.py", line 30, in _fmt_meal
    m = (" " + meal.lower() + " ")
               ^^^^^^^^^^
AttributeError: 'dict' object has no attribute 'lower'

2026-03-13 14:06:42,879 [ERROR] __main__: Ошибка отправки 7308147004: 'dict' object has no attribute 'lower' | Traceback (most recent call last):
  File "C:\Egypt\bot.py", line 189, in run_check
    await _send_tour(app.bot, chat_id, tour)
  File "C:\Egypt\bot.py", line 124, in _send_tour
    text, image = format_tour(tour)
                  ~~~~~~~~~~~^^^^^^
  File "C:\Egypt\formatter.py", line 78, in format_tour
    meal        = _fmt_meal(tour.get("meal_plan", ""))
  File "C:\Egypt\formatter.py", line 30, in _fmt_meal
    m = (" " + meal.lower() + " ")
               ^^^^^^^^^^
AttributeError: 'dict' object has no attribute 'lower'

2026-03-13 14:06:42,985 [INFO] httpx: HTTP Request: POST https://api.telegram.org/bot8611683567:AAFcLxkFz7jJSkr7jhzas3Y1KHZI8CN8W8g/deleteWebhook "HTTP/1.1 200 OK"
2026-03-13 14:06:42,990 [INFO] apscheduler.scheduler: Scheduler started
2026-03-13 14:06:42,991 [INFO] telegram.ext.Application: Application started
2026-03-13 14:06:43,093 [INFO] httpx: HTTP Request: POST https://api.telegram.org/bot8611683567:AAFcLxkFz7jJSkr7jhzas3Y1KHZI8CN8W8g/getUpdates "HTTP/1.1 200 OK"
2026-03-13 14:06:43,168 [INFO] httpx: HTTP Request: POST https://api.telegram.org/bot8611683567:AAFcLxkFz7jJSkr7jhzas3Y1KHZI8CN8W8g/sendMessage "HTTP/1.1 200 OK"
2026-03-13 14:06:43,240 [INFO] httpx: HTTP Request: POST https://api.telegram.org/bot8611683567:AAFcLxkFz7jJSkr7jhzas3Y1KHZI8CN8W8g/sendMessage "HTTP/1.1 200 OK"
2026-03-13 14:06:43,243 [INFO] __main__: ▶️  Проверка [13.03.2026 14:06]
2026-03-13 14:06:43,785 [INFO] scrapers.novatours: Novatours: 10 отелей с ценами
2026-03-13 14:06:44,404 [WARNING] scrapers.coral: Coral Travel: туры не найдены
2026-03-13 14:06:53,135 [INFO] httpx: HTTP Request: POST https://api.telegram.org/bot8611683567:AAFcLxkFz7jJSkr7jhzas3Y1KHZI8CN8W8g/getUpdates "HTTP/1.1 200 OK"
2026-03-13 14:07:03,175 [INFO] httpx: HTTP Request: POST https://api.telegram.org/bot8611683567:AAFcLxkFz7jJSkr7jhzas3Y1KHZI8CN8W8g/getUpdates "HTTP/1.1 200 OK"
2026-03-13 14:07:13,228 [INFO] httpx: HTTP Request: POST https://api.telegram.org/bot8611683567:AAFcLxkFz7jJSkr7jhzas3Y1KHZI8CN8W8g/getUpdates "HTTP/1.1 200 OK"
2026-03-13 14:07:13,673 [WARNING] scrapers.joinup: Join Up: туры не найдены
2026-03-13 14:07:14,801 [WARNING] scrapers.teztour: TEZ Tour: туры не найдены
2026-03-13 14:07:14,801 [INFO] __main__: Novatours: 10 туров до фильтра
2026-03-13 14:07:14,801 [INFO] __main__: Итого до фильтра: 10
2026-03-13 14:07:14,803 [INFO] __main__: 🔥 Новых горящих: 0
2026-03-13 14:07:14,948 [INFO] httpx: HTTP Request: POST https://api.telegram.org/bot8611683567:AAFcLxkFz7jJSkr7jhzas3Y1KHZI8CN8W8g/sendMessage "HTTP/1.1 200 OK"
2026-03-13 14:07:23,263 [INFO] httpx: HTTP Request: POST https://api.telegram.org/bot8611683567:AAFcLxkFz7jJSkr7jhzas3Y1KHZI8CN8W8g/getUpdates "HTTP/1.1 200 OK"
2026-03-13 14:07:33,310 [INFO] httpx: HTTP Request: POST https://api.telegram.org/bot8611683567:AAFcLxkFz7jJSkr7jhzas3Y1KHZI8CN8W8g/getUpdates "HTTP/1.1 200 OK"
2026-03-13 14:07:43,350 [INFO] httpx: HTTP Request: POST https://api.telegram.org/bot8611683567:AAFcLxkFz7jJSkr7jhzas3Y1KHZI8CN8W8g/getUpdates "HTTP/1.1 200 OK"
2026-03-13 14:07:53,448 [INFO] httpx: HTTP Request: POST https://api.telegram.org/bot8611683567:AAFcLxkFz7jJSkr7jhzas3Y1KHZI8CN8W8g/getUpdates "HTTP/1.1 200 OK"
2026-03-13 14:07:59,507 [INFO] __main__: ✅ БД готова
2026-03-13 14:07:59,948 [INFO] apscheduler.scheduler: Adding job tentatively -- it will be properly scheduled when the scheduler starts
2026-03-13 14:07:59,948 [INFO] __main__: 🤖 Бот запущен!
2026-03-13 14:08:00,108 [INFO] httpx: HTTP Request: POST https://api.telegram.org/bot8611683567:AAFcLxkFz7jJSkr7jhzas3Y1KHZI8CN8W8g/getMe "HTTP/1.1 200 OK"
2026-03-13 14:08:00,111 [INFO] apscheduler.scheduler: Added job "main.<locals>.<lambda>" to job store "default"
2026-03-13 14:08:00,112 [INFO] apscheduler.scheduler: Scheduler started
2026-03-13 14:08:00,112 [INFO] __main__: ⏰ Планировщик: каждые 30 мин
2026-03-13 14:08:08,125 [INFO] __main__: ▶️  Проверка [13.03.2026 14:08]
2026-03-13 14:08:12,080 [INFO] scrapers.novatours: Novatours: токен получен (03096e2114...)
2026-03-13 14:08:12,475 [INFO] scrapers.novatours: Novatours: 10 отелей с ценами
2026-03-13 14:08:13,050 [INFO] __main__: Novatours: 10 туров до фильтра
2026-03-13 14:08:13,050 [INFO] __main__: Итого до фильтра: 10
2026-03-13 14:08:13,085 [INFO] __main__: 🔥 Новых горящих: 4
2026-03-13 14:08:13,087 [ERROR] __main__: Ошибка отправки 7308147004: 'dict' object has no attribute 'lower' | Traceback (most recent call last):
  File "C:\Egypt\bot.py", line 190, in run_check
    await _send_tour(app.bot, chat_id, tour)
  File "C:\Egypt\bot.py", line 124, in _send_tour
    text, image = format_tour(tour)
                  ~~~~~~~~~~~^^^^^^
  File "C:\Egypt\formatter.py", line 78, in format_tour
    meal        = _fmt_meal(tour.get("meal_plan", ""))
  File "C:\Egypt\formatter.py", line 30, in _fmt_meal
    m = (" " + meal.lower() + " ")
               ^^^^^^^^^^
AttributeError: 'dict' object has no attribute 'lower'

2026-03-13 14:08:13,088 [ERROR] __main__: Ошибка отправки 7308147004: 'dict' object has no attribute 'lower' | Traceback (most recent call last):
  File "C:\Egypt\bot.py", line 190, in run_check
    await _send_tour(app.bot, chat_id, tour)
  File "C:\Egypt\bot.py", line 124, in _send_tour
    text, image = format_tour(tour)
                  ~~~~~~~~~~~^^^^^^
  File "C:\Egypt\formatter.py", line 78, in format_tour
    meal        = _fmt_meal(tour.get("meal_plan", ""))
  File "C:\Egypt\formatter.py", line 30, in _fmt_meal
    m = (" " + meal.lower() + " ")
               ^^^^^^^^^^
AttributeError: 'dict' object has no attribute 'lower'

2026-03-13 14:08:13,089 [ERROR] __main__: Ошибка отправки 7308147004: 'dict' object has no attribute 'lower' | Traceback (most recent call last):
  File "C:\Egypt\bot.py", line 190, in run_check
    await _send_tour(app.bot, chat_id, tour)
  File "C:\Egypt\bot.py", line 124, in _send_tour
    text, image = format_tour(tour)
                  ~~~~~~~~~~~^^^^^^
  File "C:\Egypt\formatter.py", line 78, in format_tour
    meal        = _fmt_meal(tour.get("meal_plan", ""))
  File "C:\Egypt\formatter.py", line 30, in _fmt_meal
    m = (" " + meal.lower() + " ")
               ^^^^^^^^^^
AttributeError: 'dict' object has no attribute 'lower'

2026-03-13 14:08:13,090 [ERROR] __main__: Ошибка отправки 7308147004: 'dict' object has no attribute 'lower' | Traceback (most recent call last):
  File "C:\Egypt\bot.py", line 190, in run_check
    await _send_tour(app.bot, chat_id, tour)
  File "C:\Egypt\bot.py", line 124, in _send_tour
    text, image = format_tour(tour)
                  ~~~~~~~~~~~^^^^^^
  File "C:\Egypt\formatter.py", line 78, in format_tour
    meal        = _fmt_meal(tour.get("meal_plan", ""))
  File "C:\Egypt\formatter.py", line 30, in _fmt_meal
    m = (" " + meal.lower() + " ")
               ^^^^^^^^^^
AttributeError: 'dict' object has no attribute 'lower'

2026-03-13 14:08:13,201 [INFO] httpx: HTTP Request: POST https://api.telegram.org/bot8611683567:AAFcLxkFz7jJSkr7jhzas3Y1KHZI8CN8W8g/deleteWebhook "HTTP/1.1 200 OK"
2026-03-13 14:08:13,205 [INFO] apscheduler.scheduler: Scheduler started
2026-03-13 14:08:13,205 [INFO] telegram.ext.Application: Application started
2026-03-13 14:08:13,308 [INFO] httpx: HTTP Request: POST https://api.telegram.org/bot8611683567:AAFcLxkFz7jJSkr7jhzas3Y1KHZI8CN8W8g/getUpdates "HTTP/1.1 200 OK"
2026-03-13 14:08:13,384 [INFO] httpx: HTTP Request: POST https://api.telegram.org/bot8611683567:AAFcLxkFz7jJSkr7jhzas3Y1KHZI8CN8W8g/sendMessage "HTTP/1.1 200 OK"
2026-03-13 14:08:13,469 [INFO] httpx: HTTP Request: POST https://api.telegram.org/bot8611683567:AAFcLxkFz7jJSkr7jhzas3Y1KHZI8CN8W8g/sendMessage "HTTP/1.1 200 OK"
2026-03-13 14:08:13,472 [INFO] __main__: ▶️  Проверка [13.03.2026 14:08]
2026-03-13 14:08:13,831 [INFO] scrapers.novatours: Novatours: 10 отелей с ценами
2026-03-13 14:08:14,437 [INFO] __main__: Novatours: 10 туров до фильтра
2026-03-13 14:08:14,438 [INFO] __main__: Итого до фильтра: 10
2026-03-13 14:08:14,441 [INFO] __main__: 🔥 Новых горящих: 0
2026-03-13 14:08:14,507 [INFO] httpx: HTTP Request: POST https://api.telegram.org/bot8611683567:AAFcLxkFz7jJSkr7jhzas3Y1KHZI8CN8W8g/sendMessage "HTTP/1.1 200 OK"
2026-03-13 14:08:23,363 [INFO] httpx: HTTP Request: POST https://api.telegram.org/bot8611683567:AAFcLxkFz7jJSkr7jhzas3Y1KHZI8CN8W8g/getUpdates "HTTP/1.1 200 OK"
2026-03-13 14:08:33,403 [INFO] httpx: HTTP Request: POST https://api.telegram.org/bot8611683567:AAFcLxkFz7jJSkr7jhzas3Y1KHZI8CN8W8g/getUpdates "HTTP/1.1 200 OK"
2026-03-13 14:08:43,444 [INFO] httpx: HTTP Request: POST https://api.telegram.org/bot8611683567:AAFcLxkFz7jJSkr7jhzas3Y1KHZI8CN8W8g/getUpdates "HTTP/1.1 200 OK"
2026-03-13 14:08:53,479 [INFO] httpx: HTTP Request: POST https://api.telegram.org/bot8611683567:AAFcLxkFz7jJSkr7jhzas3Y1KHZI8CN8W8g/getUpdates "HTTP/1.1 200 OK"
2026-03-13 14:09:03,516 [INFO] httpx: HTTP Request: POST https://api.telegram.org/bot8611683567:AAFcLxkFz7jJSkr7jhzas3Y1KHZI8CN8W8g/getUpdates "HTTP/1.1 200 OK"
2026-03-13 14:09:13,554 [INFO] httpx: HTTP Request: POST https://api.telegram.org/bot8611683567:AAFcLxkFz7jJSkr7jhzas3Y1KHZI8CN8W8g/getUpdates "HTTP/1.1 200 OK"
2026-03-13 14:09:23,594 [INFO] httpx: HTTP Request: POST https://api.telegram.org/bot8611683567:AAFcLxkFz7jJSkr7jhzas3Y1KHZI8CN8W8g/getUpdates "HTTP/1.1 200 OK"
2026-03-13 14:09:29,522 [INFO] httpx: HTTP Request: POST https://api.telegram.org/bot8611683567:AAFcLxkFz7jJSkr7jhzas3Y1KHZI8CN8W8g/getUpdates "HTTP/1.1 200 OK"
2026-03-13 14:09:29,524 [INFO] telegram.ext.Application: Application is stopping. This might take a moment.
2026-03-13 14:09:29,525 [INFO] apscheduler.scheduler: Scheduler has been shut down
2026-03-13 14:09:29,541 [INFO] telegram.ext.Application: Application.stop() complete
2026-03-13 14:09:29,544 [INFO] apscheduler.scheduler: Scheduler has been shut down
2026-03-13 14:09:33,914 [INFO] __main__: ✅ БД готова
2026-03-13 14:09:34,368 [INFO] apscheduler.scheduler: Adding job tentatively -- it will be properly scheduled when the scheduler starts
2026-03-13 14:09:34,368 [INFO] __main__: 🤖 Бот запущен!
2026-03-13 14:09:34,545 [INFO] httpx: HTTP Request: POST https://api.telegram.org/bot8611683567:AAFcLxkFz7jJSkr7jhzas3Y1KHZI8CN8W8g/getMe "HTTP/1.1 200 OK"
2026-03-13 14:09:34,548 [INFO] apscheduler.scheduler: Added job "main.<locals>.<lambda>" to job store "default"
2026-03-13 14:09:34,548 [INFO] apscheduler.scheduler: Scheduler started
2026-03-13 14:09:34,548 [INFO] __main__: ⏰ Планировщик: каждые 30 мин
2026-03-13 14:09:42,550 [INFO] __main__: ▶️  Проверка [13.03.2026 14:09]
2026-03-13 14:09:46,619 [INFO] scrapers.novatours: Novatours: токен получен (03096e2114...)
2026-03-13 14:09:47,225 [INFO] scrapers.novatours: Novatours: 10 отелей с ценами
2026-03-13 14:09:47,775 [INFO] __main__: Novatours: 10 туров до фильтра
2026-03-13 14:09:47,776 [INFO] __main__: Итого до фильтра: 10
2026-03-13 14:09:47,821 [INFO] __main__: 🔥 Новых горящих: 4
2026-03-13 14:09:48,005 [INFO] httpx: HTTP Request: POST https://api.telegram.org/bot8611683567:AAFcLxkFz7jJSkr7jhzas3Y1KHZI8CN8W8g/sendPhoto "HTTP/1.1 200 OK"
2026-03-13 14:09:48,189 [INFO] httpx: HTTP Request: POST https://api.telegram.org/bot8611683567:AAFcLxkFz7jJSkr7jhzas3Y1KHZI8CN8W8g/sendPhoto "HTTP/1.1 200 OK"
2026-03-13 14:09:48,364 [INFO] httpx: HTTP Request: POST https://api.telegram.org/bot8611683567:AAFcLxkFz7jJSkr7jhzas3Y1KHZI8CN8W8g/sendPhoto "HTTP/1.1 200 OK"
2026-03-13 14:09:48,511 [INFO] httpx: HTTP Request: POST https://api.telegram.org/bot8611683567:AAFcLxkFz7jJSkr7jhzas3Y1KHZI8CN8W8g/sendPhoto "HTTP/1.1 200 OK"
2026-03-13 14:09:48,606 [INFO] httpx: HTTP Request: POST https://api.telegram.org/bot8611683567:AAFcLxkFz7jJSkr7jhzas3Y1KHZI8CN8W8g/deleteWebhook "HTTP/1.1 200 OK"
2026-03-13 14:09:48,613 [INFO] apscheduler.scheduler: Scheduler started
2026-03-13 14:09:48,613 [INFO] telegram.ext.Application: Application started
2026-03-13 14:09:48,764 [INFO] httpx: HTTP Request: POST https://api.telegram.org/bot8611683567:AAFcLxkFz7jJSkr7jhzas3Y1KHZI8CN8W8g/getUpdates "HTTP/1.1 200 OK"
2026-03-13 14:09:48,902 [INFO] httpx: HTTP Request: POST https://api.telegram.org/bot8611683567:AAFcLxkFz7jJSkr7jhzas3Y1KHZI8CN8W8g/sendMessage "HTTP/1.1 200 OK"
2026-03-13 14:09:49,040 [INFO] httpx: HTTP Request: POST https://api.telegram.org/bot8611683567:AAFcLxkFz7jJSkr7jhzas3Y1KHZI8CN8W8g/sendMessage "HTTP/1.1 200 OK"
2026-03-13 14:09:49,042 [INFO] __main__: ▶️  Проверка [13.03.2026 14:09]
2026-03-13 14:09:49,520 [INFO] scrapers.novatours: Novatours: 10 отелей с ценами
2026-03-13 14:09:50,278 [INFO] __main__: Novatours: 10 туров до фильтра
2026-03-13 14:09:50,279 [INFO] __main__: Итого до фильтра: 10
2026-03-13 14:09:50,285 [INFO] __main__: 🔥 Новых горящих: 0
2026-03-13 14:09:50,362 [INFO] httpx: HTTP Request: POST https://api.telegram.org/bot8611683567:AAFcLxkFz7jJSkr7jhzas3Y1KHZI8CN8W8g/sendMessage "HTTP/1.1 200 OK"
2026-03-13 14:09:58,804 [INFO] httpx: HTTP Request: POST https://api.telegram.org/bot8611683567:AAFcLxkFz7jJSkr7jhzas3Y1KHZI8CN8W8g/getUpdates "HTTP/1.1 200 OK"
2026-03-13 14:10:08,897 [INFO] httpx: HTTP Request: POST https://api.telegram.org/bot8611683567:AAFcLxkFz7jJSkr7jhzas3Y1KHZI8CN8W8g/getUpdates "HTTP/1.1 200 OK"
2026-03-13 14:10:18,932 [INFO] httpx: HTTP Request: POST https://api.telegram.org/bot8611683567:AAFcLxkFz7jJSkr7jhzas3Y1KHZI8CN8W8g/getUpdates "HTTP/1.1 200 OK"
2026-03-13 14:10:28,965 [INFO] httpx: HTTP Request: POST https://api.telegram.org/bot8611683567:AAFcLxkFz7jJSkr7jhzas3Y1KHZI8CN8W8g/getUpdates "HTTP/1.1 200 OK"
2026-03-13 14:10:39,004 [INFO] httpx: HTTP Request: POST https://api.telegram.org/bot8611683567:AAFcLxkFz7jJSkr7jhzas3Y1KHZI8CN8W8g/getUpdates "HTTP/1.1 200 OK"
2026-03-13 14:10:49,046 [INFO] httpx: HTTP Request: POST https://api.telegram.org/bot8611683567:AAFcLxkFz7jJSkr7jhzas3Y1KHZI8CN8W8g/getUpdates "HTTP/1.1 200 OK"
2026-03-13 14:10:59,081 [INFO] httpx: HTTP Request: POST https://api.telegram.org/bot8611683567:AAFcLxkFz7jJSkr7jhzas3Y1KHZI8CN8W8g/getUpdates "HTTP/1.1 200 OK"
2026-03-13 14:11:09,121 [INFO] httpx: HTTP Request: POST https://api.telegram.org/bot8611683567:AAFcLxkFz7jJSkr7jhzas3Y1KHZI8CN8W8g/getUpdates "HTTP/1.1 200 OK"
2026-03-13 14:11:19,156 [INFO] httpx: HTTP Request: POST https://api.telegram.org/bot8611683567:AAFcLxkFz7jJSkr7jhzas3Y1KHZI8CN8W8g/getUpdates "HTTP/1.1 200 OK"
2026-03-13 14:11:29,193 [INFO] httpx: HTTP Request: POST https://api.telegram.org/bot8611683567:AAFcLxkFz7jJSkr7jhzas3Y1KHZI8CN8W8g/getUpdates "HTTP/1.1 200 OK"
2026-03-13 14:11:39,232 [INFO] httpx: HTTP Request: POST https://api.telegram.org/bot8611683567:AAFcLxkFz7jJSkr7jhzas3Y1KHZI8CN8W8g/getUpdates "HTTP/1.1 200 OK"
2026-03-13 14:11:49,273 [INFO] httpx: HTTP Request: POST https://api.telegram.org/bot8611683567:AAFcLxkFz7jJSkr7jhzas3Y1KHZI8CN8W8g/getUpdates "HTTP/1.1 200 OK"
2026-03-13 14:11:59,316 [INFO] httpx: HTTP Request: POST https://api.telegram.org/bot8611683567:AAFcLxkFz7jJSkr7jhzas3Y1KHZI8CN8W8g/getUpdates "HTTP/1.1 200 OK"
2026-03-13 14:12:06,118 [INFO] httpx: HTTP Request: POST https://api.telegram.org/bot8611683567:AAFcLxkFz7jJSkr7jhzas3Y1KHZI8CN8W8g/getUpdates "HTTP/1.1 200 OK"
2026-03-13 14:12:06,120 [INFO] telegram.ext.Application: Application is stopping. This might take a moment.
2026-03-13 14:12:06,120 [INFO] apscheduler.scheduler: Scheduler has been shut down
2026-03-13 14:12:06,140 [INFO] telegram.ext.Application: Application.stop() complete
2026-03-13 14:12:06,141 [INFO] apscheduler.scheduler: Scheduler has been shut down
2026-03-13 14:13:59,879 [INFO] __main__: ✅ БД готова
2026-03-13 14:14:00,338 [INFO] apscheduler.scheduler: Adding job tentatively -- it will be properly scheduled when the scheduler starts
2026-03-13 14:14:00,339 [INFO] __main__: 🤖 Бот запущен!
2026-03-13 14:14:00,602 [INFO] httpx: HTTP Request: POST https://api.telegram.org/bot8611683567:AAFcLxkFz7jJSkr7jhzas3Y1KHZI8CN8W8g/getMe "HTTP/1.1 200 OK"
2026-03-13 14:14:00,604 [INFO] apscheduler.scheduler: Added job "main.<locals>.<lambda>" to job store "default"
2026-03-13 14:14:00,605 [INFO] apscheduler.scheduler: Scheduler started
2026-03-13 14:14:00,605 [INFO] __main__: ⏰ Планировщик: каждые 30 мин
2026-03-13 14:14:08,611 [INFO] __main__: ▶️  Проверка [13.03.2026 14:14]
2026-03-13 14:14:12,613 [INFO] scrapers.novatours: Novatours: токен получен (03096e2114...)
2026-03-13 14:14:13,168 [INFO] scrapers.novatours: Novatours: 10 отелей с ценами
2026-03-13 14:14:13,710 [INFO] __main__: Novatours: 10 туров до фильтра
2026-03-13 14:14:13,711 [INFO] __main__: Итого до фильтра: 10
2026-03-13 14:14:13,760 [INFO] __main__: 🔥 Новых горящих: 4
2026-03-13 14:14:13,991 [INFO] httpx: HTTP Request: POST https://api.telegram.org/bot8611683567:AAFcLxkFz7jJSkr7jhzas3Y1KHZI8CN8W8g/sendPhoto "HTTP/1.1 200 OK"
2026-03-13 14:14:14,165 [INFO] httpx: HTTP Request: POST https://api.telegram.org/bot8611683567:AAFcLxkFz7jJSkr7jhzas3Y1KHZI8CN8W8g/sendPhoto "HTTP/1.1 200 OK"
2026-03-13 14:14:14,310 [INFO] httpx: HTTP Request: POST https://api.telegram.org/bot8611683567:AAFcLxkFz7jJSkr7jhzas3Y1KHZI8CN8W8g/sendPhoto "HTTP/1.1 200 OK"
2026-03-13 14:14:14,458 [INFO] httpx: HTTP Request: POST https://api.telegram.org/bot8611683567:AAFcLxkFz7jJSkr7jhzas3Y1KHZI8CN8W8g/sendPhoto "HTTP/1.1 200 OK"
2026-03-13 14:14:14,560 [INFO] httpx: HTTP Request: POST https://api.telegram.org/bot8611683567:AAFcLxkFz7jJSkr7jhzas3Y1KHZI8CN8W8g/deleteWebhook "HTTP/1.1 200 OK"
2026-03-13 14:14:14,565 [INFO] apscheduler.scheduler: Scheduler started
2026-03-13 14:14:14,566 [INFO] telegram.ext.Application: Application started
2026-03-13 14:14:14,679 [INFO] httpx: HTTP Request: POST https://api.telegram.org/bot8611683567:AAFcLxkFz7jJSkr7jhzas3Y1KHZI8CN8W8g/getUpdates "HTTP/1.1 200 OK"
2026-03-13 14:14:14,746 [INFO] httpx: HTTP Request: POST https://api.telegram.org/bot8611683567:AAFcLxkFz7jJSkr7jhzas3Y1KHZI8CN8W8g/sendMessage "HTTP/1.1 200 OK"
2026-03-13 14:14:14,826 [INFO] httpx: HTTP Request: POST https://api.telegram.org/bot8611683567:AAFcLxkFz7jJSkr7jhzas3Y1KHZI8CN8W8g/sendMessage "HTTP/1.1 200 OK"
2026-03-13 14:14:14,829 [INFO] __main__: ▶️  Проверка [13.03.2026 14:14]
2026-03-13 14:14:15,349 [INFO] scrapers.novatours: Novatours: 10 отелей с ценами
2026-03-13 14:14:15,908 [INFO] __main__: Novatours: 10 туров до фильтра
2026-03-13 14:14:15,908 [INFO] __main__: Итого до фильтра: 10
2026-03-13 14:14:15,910 [INFO] __main__: 🔥 Новых горящих: 0
2026-03-13 14:14:15,988 [INFO] httpx: HTTP Request: POST https://api.telegram.org/bot8611683567:AAFcLxkFz7jJSkr7jhzas3Y1KHZI8CN8W8g/sendMessage "HTTP/1.1 200 OK"
2026-03-13 14:14:24,720 [INFO] httpx: HTTP Request: POST https://api.telegram.org/bot8611683567:AAFcLxkFz7jJSkr7jhzas3Y1KHZI8CN8W8g/getUpdates "HTTP/1.1 200 OK"
2026-03-13 14:14:34,764 [INFO] httpx: HTTP Request: POST https://api.telegram.org/bot8611683567:AAFcLxkFz7jJSkr7jhzas3Y1KHZI8CN8W8g/getUpdates "HTTP/1.1 200 OK"
2026-03-13 14:14:44,799 [INFO] httpx: HTTP Request: POST https://api.telegram.org/bot8611683567:AAFcLxkFz7jJSkr7jhzas3Y1KHZI8CN8W8g/getUpdates "HTTP/1.1 200 OK"
2026-03-13 14:14:54,836 [INFO] httpx: HTTP Request: POST https://api.telegram.org/bot8611683567:AAFcLxkFz7jJSkr7jhzas3Y1KHZI8CN8W8g/getUpdates "HTTP/1.1 200 OK"
2026-03-13 14:15:04,912 [INFO] httpx: HTTP Request: POST https://api.telegram.org/bot8611683567:AAFcLxkFz7jJSkr7jhzas3Y1KHZI8CN8W8g/getUpdates "HTTP/1.1 200 OK"
2026-03-13 14:15:14,954 [INFO] httpx: HTTP Request: POST https://api.telegram.org/bot8611683567:AAFcLxkFz7jJSkr7jhzas3Y1KHZI8CN8W8g/getUpdates "HTTP/1.1 200 OK"
2026-03-13 14:15:24,995 [INFO] httpx: HTTP Request: POST https://api.telegram.org/bot8611683567:AAFcLxkFz7jJSkr7jhzas3Y1KHZI8CN8W8g/getUpdates "HTTP/1.1 200 OK"
2026-03-13 14:15:35,035 [INFO] httpx: HTTP Request: POST https://api.telegram.org/bot8611683567:AAFcLxkFz7jJSkr7jhzas3Y1KHZI8CN8W8g/getUpdates "HTTP/1.1 200 OK"
2026-03-13 14:15:45,076 [INFO] httpx: HTTP Request: POST https://api.telegram.org/bot8611683567:AAFcLxkFz7jJSkr7jhzas3Y1KHZI8CN8W8g/getUpdates "HTTP/1.1 200 OK"
2026-03-13 14:15:55,155 [INFO] httpx: HTTP Request: POST https://api.telegram.org/bot8611683567:AAFcLxkFz7jJSkr7jhzas3Y1KHZI8CN8W8g/getUpdates "HTTP/1.1 200 OK"
2026-03-13 14:16:05,192 [INFO] httpx: HTTP Request: POST https://api.telegram.org/bot8611683567:AAFcLxkFz7jJSkr7jhzas3Y1KHZI8CN8W8g/getUpdates "HTTP/1.1 200 OK"
2026-03-13 14:16:15,228 [INFO] httpx: HTTP Request: POST https://api.telegram.org/bot8611683567:AAFcLxkFz7jJSkr7jhzas3Y1KHZI8CN8W8g/getUpdates "HTTP/1.1 200 OK"
2026-03-13 14:16:25,264 [INFO] httpx: HTTP Request: POST https://api.telegram.org/bot8611683567:AAFcLxkFz7jJSkr7jhzas3Y1KHZI8CN8W8g/getUpdates "HTTP/1.1 200 OK"
2026-03-13 14:16:35,302 [INFO] httpx: HTTP Request: POST https://api.telegram.org/bot8611683567:AAFcLxkFz7jJSkr7jhzas3Y1KHZI8CN8W8g/getUpdates "HTTP/1.1 200 OK"
2026-03-13 14:16:45,344 [INFO] httpx: HTTP Request: POST https://api.telegram.org/bot8611683567:AAFcLxkFz7jJSkr7jhzas3Y1KHZI8CN8W8g/getUpdates "HTTP/1.1 200 OK"
2026-03-13 14:16:55,378 [INFO] httpx: HTTP Request: POST https://api.telegram.org/bot8611683567:AAFcLxkFz7jJSkr7jhzas3Y1KHZI8CN8W8g/getUpdates "HTTP/1.1 200 OK"
2026-03-13 14:17:05,417 [INFO] httpx: HTTP Request: POST https://api.telegram.org/bot8611683567:AAFcLxkFz7jJSkr7jhzas3Y1KHZI8CN8W8g/getUpdates "HTTP/1.1 200 OK"
2026-03-13 14:17:15,453 [INFO] httpx: HTTP Request: POST https://api.telegram.org/bot8611683567:AAFcLxkFz7jJSkr7jhzas3Y1KHZI8CN8W8g/getUpdates "HTTP/1.1 200 OK"
2026-03-13 14:17:25,497 [INFO] httpx: HTTP Request: POST https://api.telegram.org/bot8611683567:AAFcLxkFz7jJSkr7jhzas3Y1KHZI8CN8W8g/getUpdates "HTTP/1.1 200 OK"
2026-03-13 14:17:35,536 [INFO] httpx: HTTP Request: POST https://api.telegram.org/bot8611683567:AAFcLxkFz7jJSkr7jhzas3Y1KHZI8CN8W8g/getUpdates "HTTP/1.1 200 OK"
2026-03-13 14:17:40,089 [INFO] httpx: HTTP Request: POST https://api.telegram.org/bot8611683567:AAFcLxkFz7jJSkr7jhzas3Y1KHZI8CN8W8g/getUpdates "HTTP/1.1 200 OK"
2026-03-13 14:17:40,090 [INFO] telegram.ext.Application: Application is stopping. This might take a moment.
2026-03-13 14:17:40,091 [INFO] apscheduler.scheduler: Scheduler has been shut down
2026-03-13 14:17:40,111 [INFO] telegram.ext.Application: Application.stop() complete
2026-03-13 14:17:40,113 [INFO] apscheduler.scheduler: Scheduler has been shut down
2026-03-13 14:17:45,677 [INFO] __main__: ✅ БД готова
2026-03-13 14:17:46,152 [INFO] apscheduler.scheduler: Adding job tentatively -- it will be properly scheduled when the scheduler starts
2026-03-13 14:17:46,152 [INFO] __main__: 🤖 Бот запущен!
2026-03-13 14:17:46,313 [INFO] httpx: HTTP Request: POST https://api.telegram.org/bot8611683567:AAFcLxkFz7jJSkr7jhzas3Y1KHZI8CN8W8g/getMe "HTTP/1.1 200 OK"
2026-03-13 14:17:46,316 [INFO] apscheduler.scheduler: Added job "main.<locals>.<lambda>" to job store "default"
2026-03-13 14:17:46,316 [INFO] apscheduler.scheduler: Scheduler started
2026-03-13 14:17:46,316 [INFO] __main__: ⏰ Планировщик: каждые 30 мин
2026-03-13 14:17:54,331 [INFO] __main__: ▶️  Проверка [13.03.2026 14:17]
2026-03-13 14:17:58,408 [INFO] scrapers.novatours: Novatours: токен получен (03096e2114...)
2026-03-13 14:17:59,014 [INFO] scrapers.novatours: Novatours: 10 отелей с ценами
2026-03-13 14:17:59,654 [INFO] __main__: Novatours: 10 туров до фильтра
2026-03-13 14:17:59,654 [INFO] __main__: Итого до фильтра: 10
2026-03-13 14:17:59,694 [INFO] __main__: 🔥 Новых горящих: 4
2026-03-13 14:17:59,853 [INFO] httpx: HTTP Request: POST https://api.telegram.org/bot8611683567:AAFcLxkFz7jJSkr7jhzas3Y1KHZI8CN8W8g/sendPhoto "HTTP/1.1 200 OK"
2026-03-13 14:18:00,011 [INFO] httpx: HTTP Request: POST https://api.telegram.org/bot8611683567:AAFcLxkFz7jJSkr7jhzas3Y1KHZI8CN8W8g/sendPhoto "HTTP/1.1 200 OK"
2026-03-13 14:18:00,148 [INFO] httpx: HTTP Request: POST https://api.telegram.org/bot8611683567:AAFcLxkFz7jJSkr7jhzas3Y1KHZI8CN8W8g/sendPhoto "HTTP/1.1 200 OK"
2026-03-13 14:18:00,289 [INFO] httpx: HTTP Request: POST https://api.telegram.org/bot8611683567:AAFcLxkFz7jJSkr7jhzas3Y1KHZI8CN8W8g/sendPhoto "HTTP/1.1 200 OK"
2026-03-13 14:18:00,384 [INFO] httpx: HTTP Request: POST https://api.telegram.org/bot8611683567:AAFcLxkFz7jJSkr7jhzas3Y1KHZI8CN8W8g/deleteWebhook "HTTP/1.1 200 OK"
2026-03-13 14:18:00,387 [INFO] apscheduler.scheduler: Scheduler started
2026-03-13 14:18:00,387 [INFO] telegram.ext.Application: Application started
2026-03-13 14:18:10,502 [INFO] httpx: HTTP Request: POST https://api.telegram.org/bot8611683567:AAFcLxkFz7jJSkr7jhzas3Y1KHZI8CN8W8g/getUpdates "HTTP/1.1 200 OK"
2026-03-13 14:18:20,541 [INFO] httpx: HTTP Request: POST https://api.telegram.org/bot8611683567:AAFcLxkFz7jJSkr7jhzas3Y1KHZI8CN8W8g/getUpdates "HTTP/1.1 200 OK"
2026-03-13 14:18:30,580 [INFO] httpx: HTTP Request: POST https://api.telegram.org/bot8611683567:AAFcLxkFz7jJSkr7jhzas3Y1KHZI8CN8W8g/getUpdates "HTTP/1.1 200 OK"
2026-03-13 14:18:40,636 [INFO] httpx: HTTP Request: POST https://api.telegram.org/bot8611683567:AAFcLxkFz7jJSkr7jhzas3Y1KHZI8CN8W8g/getUpdates "HTTP/1.1 200 OK"
2026-03-13 14:18:50,747 [INFO] httpx: HTTP Request: POST https://api.telegram.org/bot8611683567:AAFcLxkFz7jJSkr7jhzas3Y1KHZI8CN8W8g/getUpdates "HTTP/1.1 200 OK"
2026-03-13 14:19:00,793 [INFO] httpx: HTTP Request: POST https://api.telegram.org/bot8611683567:AAFcLxkFz7jJSkr7jhzas3Y1KHZI8CN8W8g/getUpdates "HTTP/1.1 200 OK"
2026-03-13 14:19:10,829 [INFO] httpx: HTTP Request: POST https://api.telegram.org/bot8611683567:AAFcLxkFz7jJSkr7jhzas3Y1KHZI8CN8W8g/getUpdates "HTTP/1.1 200 OK"
2026-03-13 14:19:20,868 [INFO] httpx: HTTP Request: POST https://api.telegram.org/bot8611683567:AAFcLxkFz7jJSkr7jhzas3Y1KHZI8CN8W8g/getUpdates "HTTP/1.1 200 OK"
2026-03-13 14:19:30,912 [INFO] httpx: HTTP Request: POST https://api.telegram.org/bot8611683567:AAFcLxkFz7jJSkr7jhzas3Y1KHZI8CN8W8g/getUpdates "HTTP/1.1 200 OK"
2026-03-13 14:19:40,957 [INFO] httpx: HTTP Request: POST https://api.telegram.org/bot8611683567:AAFcLxkFz7jJSkr7jhzas3Y1KHZI8CN8W8g/getUpdates "HTTP/1.1 200 OK"
2026-03-13 14:19:50,996 [INFO] httpx: HTTP Request: POST https://api.telegram.org/bot8611683567:AAFcLxkFz7jJSkr7jhzas3Y1KHZI8CN8W8g/getUpdates "HTTP/1.1 200 OK"
2026-03-13 14:20:01,043 [INFO] httpx: HTTP Request: POST https://api.telegram.org/bot8611683567:AAFcLxkFz7jJSkr7jhzas3Y1KHZI8CN8W8g/getUpdates "HTTP/1.1 200 OK"
2026-03-13 14:20:11,084 [INFO] httpx: HTTP Request: POST https://api.telegram.org/bot8611683567:AAFcLxkFz7jJSkr7jhzas3Y1KHZI8CN8W8g/getUpdates "HTTP/1.1 200 OK"
2026-03-13 14:20:21,123 [INFO] httpx: HTTP Request: POST https://api.telegram.org/bot8611683567:AAFcLxkFz7jJSkr7jhzas3Y1KHZI8CN8W8g/getUpdates "HTTP/1.1 200 OK"
2026-03-13 14:20:31,166 [INFO] httpx: HTTP Request: POST https://api.telegram.org/bot8611683567:AAFcLxkFz7jJSkr7jhzas3Y1KHZI8CN8W8g/getUpdates "HTTP/1.1 200 OK"
2026-03-13 14:20:41,202 [INFO] httpx: HTTP Request: POST https://api.telegram.org/bot8611683567:AAFcLxkFz7jJSkr7jhzas3Y1KHZI8CN8W8g/getUpdates "HTTP/1.1 200 OK"
2026-03-13 14:20:51,247 [INFO] httpx: HTTP Request: POST https://api.telegram.org/bot8611683567:AAFcLxkFz7jJSkr7jhzas3Y1KHZI8CN8W8g/getUpdates "HTTP/1.1 200 OK"
2026-03-13 14:21:01,297 [INFO] httpx: HTTP Request: POST https://api.telegram.org/bot8611683567:AAFcLxkFz7jJSkr7jhzas3Y1KHZI8CN8W8g/getUpdates "HTTP/1.1 200 OK"
2026-03-13 14:21:11,349 [INFO] httpx: HTTP Request: POST https://api.telegram.org/bot8611683567:AAFcLxkFz7jJSkr7jhzas3Y1KHZI8CN8W8g/getUpdates "HTTP/1.1 200 OK"
2026-03-13 14:21:21,391 [INFO] httpx: HTTP Request: POST https://api.telegram.org/bot8611683567:AAFcLxkFz7jJSkr7jhzas3Y1KHZI8CN8W8g/getUpdates "HTTP/1.1 200 OK"
2026-03-13 14:21:31,430 [INFO] httpx: HTTP Request: POST https://api.telegram.org/bot8611683567:AAFcLxkFz7jJSkr7jhzas3Y1KHZI8CN8W8g/getUpdates "HTTP/1.1 200 OK"
2026-03-13 14:21:41,466 [INFO] httpx: HTTP Request: POST https://api.telegram.org/bot8611683567:AAFcLxkFz7jJSkr7jhzas3Y1KHZI8CN8W8g/getUpdates "HTTP/1.1 200 OK"
2026-03-13 14:21:51,215 [INFO] __main__: ✅ БД готова
2026-03-13 14:21:51,680 [INFO] apscheduler.scheduler: Adding job tentatively -- it will be properly scheduled when the scheduler starts
2026-03-13 14:21:51,680 [INFO] __main__: 🤖 Бот запущен!
2026-03-13 14:21:51,852 [INFO] httpx: HTTP Request: POST https://api.telegram.org/bot8611683567:AAFcLxkFz7jJSkr7jhzas3Y1KHZI8CN8W8g/getMe "HTTP/1.1 200 OK"
2026-03-13 14:21:51,855 [INFO] apscheduler.scheduler: Added job "main.<locals>.<lambda>" to job store "default"
2026-03-13 14:21:51,856 [INFO] apscheduler.scheduler: Scheduler started
2026-03-13 14:21:51,856 [INFO] __main__: ⏰ Планировщик: каждые 30 мин
2026-03-13 14:21:59,858 [INFO] __main__: ▶️  Проверка [13.03.2026 14:21]
2026-03-13 14:22:03,865 [INFO] scrapers.novatours: Novatours: токен получен (03096e2114...)
2026-03-13 14:22:05,422 [INFO] scrapers.novatours: Novatours: 10 отелей с ценами
2026-03-13 14:22:11,842 [INFO] __main__: Novatours: 10 туров до фильтра
2026-03-13 14:22:11,851 [INFO] __main__: Итого до фильтра: 10
2026-03-13 14:22:11,891 [INFO] __main__: 🔥 Новых горящих: 4
2026-03-13 14:22:12,097 [INFO] httpx: HTTP Request: POST https://api.telegram.org/bot8611683567:AAFcLxkFz7jJSkr7jhzas3Y1KHZI8CN8W8g/sendPhoto "HTTP/1.1 200 OK"
2026-03-13 14:22:12,240 [INFO] httpx: HTTP Request: POST https://api.telegram.org/bot8611683567:AAFcLxkFz7jJSkr7jhzas3Y1KHZI8CN8W8g/sendPhoto "HTTP/1.1 200 OK"
2026-03-13 14:22:12,373 [INFO] httpx: HTTP Request: POST https://api.telegram.org/bot8611683567:AAFcLxkFz7jJSkr7jhzas3Y1KHZI8CN8W8g/sendPhoto "HTTP/1.1 200 OK"
2026-03-13 14:22:12,508 [INFO] httpx: HTTP Request: POST https://api.telegram.org/bot8611683567:AAFcLxkFz7jJSkr7jhzas3Y1KHZI8CN8W8g/sendPhoto "HTTP/1.1 200 OK"
2026-03-13 14:22:12,606 [INFO] httpx: HTTP Request: POST https://api.telegram.org/bot8611683567:AAFcLxkFz7jJSkr7jhzas3Y1KHZI8CN8W8g/deleteWebhook "HTTP/1.1 200 OK"
2026-03-13 14:22:12,610 [INFO] apscheduler.scheduler: Scheduler started
2026-03-13 14:22:12,610 [INFO] telegram.ext.Application: Application started
2026-03-13 14:22:22,717 [INFO] httpx: HTTP Request: POST https://api.telegram.org/bot8611683567:AAFcLxkFz7jJSkr7jhzas3Y1KHZI8CN8W8g/getUpdates "HTTP/1.1 200 OK"
2026-03-13 14:22:32,757 [INFO] httpx: HTTP Request: POST https://api.telegram.org/bot8611683567:AAFcLxkFz7jJSkr7jhzas3Y1KHZI8CN8W8g/getUpdates "HTTP/1.1 200 OK"
2026-03-13 14:22:42,794 [INFO] httpx: HTTP Request: POST https://api.telegram.org/bot8611683567:AAFcLxkFz7jJSkr7jhzas3Y1KHZI8CN8W8g/getUpdates "HTTP/1.1 200 OK"
2026-03-13 14:22:52,829 [INFO] httpx: HTTP Request: POST https://api.telegram.org/bot8611683567:AAFcLxkFz7jJSkr7jhzas3Y1KHZI8CN8W8g/getUpdates "HTTP/1.1 200 OK"
2026-03-13 14:23:02,870 [INFO] httpx: HTTP Request: POST https://api.telegram.org/bot8611683567:AAFcLxkFz7jJSkr7jhzas3Y1KHZI8CN8W8g/getUpdates "HTTP/1.1 200 OK"
2026-03-13 14:23:12,947 [INFO] httpx: HTTP Request: POST https://api.telegram.org/bot8611683567:AAFcLxkFz7jJSkr7jhzas3Y1KHZI8CN8W8g/getUpdates "HTTP/1.1 200 OK"
2026-03-13 14:23:22,986 [INFO] httpx: HTTP Request: POST https://api.telegram.org/bot8611683567:AAFcLxkFz7jJSkr7jhzas3Y1KHZI8CN8W8g/getUpdates "HTTP/1.1 200 OK"
2026-03-13 14:23:33,023 [INFO] httpx: HTTP Request: POST https://api.telegram.org/bot8611683567:AAFcLxkFz7jJSkr7jhzas3Y1KHZI8CN8W8g/getUpdates "HTTP/1.1 200 OK"
2026-03-13 14:23:43,066 [INFO] httpx: HTTP Request: POST https://api.telegram.org/bot8611683567:AAFcLxkFz7jJSkr7jhzas3Y1KHZI8CN8W8g/getUpdates "HTTP/1.1 200 OK"
2026-03-13 14:23:51,449 [INFO] httpx: HTTP Request: POST https://api.telegram.org/bot8611683567:AAFcLxkFz7jJSkr7jhzas3Y1KHZI8CN8W8g/getUpdates "HTTP/1.1 200 OK"
2026-03-13 14:23:51,451 [INFO] telegram.ext.Application: Application is stopping. This might take a moment.
2026-03-13 14:23:51,452 [INFO] apscheduler.scheduler: Scheduler has been shut down
2026-03-13 14:23:51,466 [INFO] telegram.ext.Application: Application.stop() complete
2026-03-13 14:23:51,468 [INFO] apscheduler.scheduler: Scheduler has been shut down
2026-03-13 14:24:21,104 [INFO] __main__: ✅ БД готова
2026-03-13 14:24:21,581 [INFO] apscheduler.scheduler: Adding job tentatively -- it will be properly scheduled when the scheduler starts
2026-03-13 14:24:21,582 [INFO] __main__: 🤖 Бот запущен!
2026-03-13 14:24:21,752 [INFO] httpx: HTTP Request: POST https://api.telegram.org/bot8611683567:AAFcLxkFz7jJSkr7jhzas3Y1KHZI8CN8W8g/getMe "HTTP/1.1 200 OK"
2026-03-13 14:24:21,754 [INFO] apscheduler.scheduler: Added job "main.<locals>.<lambda>" to job store "default"
2026-03-13 14:24:21,754 [INFO] apscheduler.scheduler: Scheduler started
2026-03-13 14:24:21,754 [INFO] __main__: ⏰ Планировщик: каждые 30 мин
2026-03-13 14:24:29,904 [INFO] httpx: HTTP Request: POST https://api.telegram.org/bot8611683567:AAFcLxkFz7jJSkr7jhzas3Y1KHZI8CN8W8g/sendMessage "HTTP/1.1 200 OK"
2026-03-13 14:24:29,907 [INFO] __main__: ▶️  Проверка [13.03.2026 14:24]
2026-03-13 14:24:33,963 [INFO] scrapers.novatours: Novatours: токен получен (03096e2114...)
2026-03-13 14:24:34,479 [INFO] scrapers.novatours: Novatours: 10 отелей с ценами
2026-03-13 14:24:35,026 [INFO] __main__: Novatours: 10 туров до фильтра
2026-03-13 14:24:35,026 [INFO] __main__: Итого до фильтра: 10
2026-03-13 14:24:35,057 [INFO] __main__: 🔥 Новых горящих: 4
2026-03-13 14:24:35,214 [INFO] httpx: HTTP Request: POST https://api.telegram.org/bot8611683567:AAFcLxkFz7jJSkr7jhzas3Y1KHZI8CN8W8g/sendPhoto "HTTP/1.1 200 OK"
2026-03-13 14:24:35,353 [INFO] httpx: HTTP Request: POST https://api.telegram.org/bot8611683567:AAFcLxkFz7jJSkr7jhzas3Y1KHZI8CN8W8g/sendPhoto "HTTP/1.1 200 OK"
2026-03-13 14:24:35,493 [INFO] httpx: HTTP Request: POST https://api.telegram.org/bot8611683567:AAFcLxkFz7jJSkr7jhzas3Y1KHZI8CN8W8g/sendPhoto "HTTP/1.1 200 OK"
2026-03-13 14:24:35,634 [INFO] httpx: HTTP Request: POST https://api.telegram.org/bot8611683567:AAFcLxkFz7jJSkr7jhzas3Y1KHZI8CN8W8g/sendPhoto "HTTP/1.1 200 OK"
2026-03-13 14:24:35,726 [INFO] httpx: HTTP Request: POST https://api.telegram.org/bot8611683567:AAFcLxkFz7jJSkr7jhzas3Y1KHZI8CN8W8g/deleteWebhook "HTTP/1.1 200 OK"
2026-03-13 14:24:35,731 [INFO] apscheduler.scheduler: Scheduler started
2026-03-13 14:24:35,732 [INFO] telegram.ext.Application: Application started
2026-03-13 14:24:45,841 [INFO] httpx: HTTP Request: POST https://api.telegram.org/bot8611683567:AAFcLxkFz7jJSkr7jhzas3Y1KHZI8CN8W8g/getUpdates "HTTP/1.1 200 OK"
2026-03-13 14:24:55,879 [INFO] httpx: HTTP Request: POST https://api.telegram.org/bot8611683567:AAFcLxkFz7jJSkr7jhzas3Y1KHZI8CN8W8g/getUpdates "HTTP/1.1 200 OK"
2026-03-13 14:25:05,917 [INFO] httpx: HTTP Request: POST https://api.telegram.org/bot8611683567:AAFcLxkFz7jJSkr7jhzas3Y1KHZI8CN8W8g/getUpdates "HTTP/1.1 200 OK"
2026-03-13 14:25:15,966 [INFO] httpx: HTTP Request: POST https://api.telegram.org/bot8611683567:AAFcLxkFz7jJSkr7jhzas3Y1KHZI8CN8W8g/getUpdates "HTTP/1.1 200 OK"
2026-03-13 14:25:26,008 [INFO] httpx: HTTP Request: POST https://api.telegram.org/bot8611683567:AAFcLxkFz7jJSkr7jhzas3Y1KHZI8CN8W8g/getUpdates "HTTP/1.1 200 OK"
2026-03-13 14:25:36,043 [INFO] httpx: HTTP Request: POST https://api.telegram.org/bot8611683567:AAFcLxkFz7jJSkr7jhzas3Y1KHZI8CN8W8g/getUpdates "HTTP/1.1 200 OK"
2026-03-13 14:25:46,084 [INFO] httpx: HTTP Request: POST https://api.telegram.org/bot8611683567:AAFcLxkFz7jJSkr7jhzas3Y1KHZI8CN8W8g/getUpdates "HTTP/1.1 200 OK"
2026-03-13 14:25:56,156 [INFO] httpx: HTTP Request: POST https://api.telegram.org/bot8611683567:AAFcLxkFz7jJSkr7jhzas3Y1KHZI8CN8W8g/getUpdates "HTTP/1.1 200 OK"
2026-03-13 14:26:06,202 [INFO] httpx: HTTP Request: POST https://api.telegram.org/bot8611683567:AAFcLxkFz7jJSkr7jhzas3Y1KHZI8CN8W8g/getUpdates "HTTP/1.1 200 OK"
2026-03-13 14:26:16,240 [INFO] httpx: HTTP Request: POST https://api.telegram.org/bot8611683567:AAFcLxkFz7jJSkr7jhzas3Y1KHZI8CN8W8g/getUpdates "HTTP/1.1 200 OK"
2026-03-13 14:26:26,278 [INFO] httpx: HTTP Request: POST https://api.telegram.org/bot8611683567:AAFcLxkFz7jJSkr7jhzas3Y1KHZI8CN8W8g/getUpdates "HTTP/1.1 200 OK"
2026-03-13 14:26:36,319 [INFO] httpx: HTTP Request: POST https://api.telegram.org/bot8611683567:AAFcLxkFz7jJSkr7jhzas3Y1KHZI8CN8W8g/getUpdates "HTTP/1.1 200 OK"
2026-03-13 14:26:46,357 [INFO] httpx: HTTP Request: POST https://api.telegram.org/bot8611683567:AAFcLxkFz7jJSkr7jhzas3Y1KHZI8CN8W8g/getUpdates "HTTP/1.1 200 OK"
2026-03-13 14:26:56,396 [INFO] httpx: HTTP Request: POST https://api.telegram.org/bot8611683567:AAFcLxkFz7jJSkr7jhzas3Y1KHZI8CN8W8g/getUpdates "HTTP/1.1 200 OK"
2026-03-13 14:27:06,437 [INFO] httpx: HTTP Request: POST https://api.telegram.org/bot8611683567:AAFcLxkFz7jJSkr7jhzas3Y1KHZI8CN8W8g/getUpdates "HTTP/1.1 200 OK"
2026-03-13 14:27:16,473 [INFO] httpx: HTTP Request: POST https://api.telegram.org/bot8611683567:AAFcLxkFz7jJSkr7jhzas3Y1KHZI8CN8W8g/getUpdates "HTTP/1.1 200 OK"
2026-03-13 14:27:26,514 [INFO] httpx: HTTP Request: POST https://api.telegram.org/bot8611683567:AAFcLxkFz7jJSkr7jhzas3Y1KHZI8CN8W8g/getUpdates "HTTP/1.1 200 OK"
2026-03-13 14:27:36,553 [INFO] httpx: HTTP Request: POST https://api.telegram.org/bot8611683567:AAFcLxkFz7jJSkr7jhzas3Y1KHZI8CN8W8g/getUpdates "HTTP/1.1 200 OK"
2026-03-13 14:27:46,633 [INFO] httpx: HTTP Request: POST https://api.telegram.org/bot8611683567:AAFcLxkFz7jJSkr7jhzas3Y1KHZI8CN8W8g/getUpdates "HTTP/1.1 200 OK"
2026-03-13 14:27:56,671 [INFO] httpx: HTTP Request: POST https://api.telegram.org/bot8611683567:AAFcLxkFz7jJSkr7jhzas3Y1KHZI8CN8W8g/getUpdates "HTTP/1.1 200 OK"
2026-03-13 14:28:06,711 [INFO] httpx: HTTP Request: POST https://api.telegram.org/bot8611683567:AAFcLxkFz7jJSkr7jhzas3Y1KHZI8CN8W8g/getUpdates "HTTP/1.1 200 OK"
2026-03-13 14:28:16,749 [INFO] httpx: HTTP Request: POST https://api.telegram.org/bot8611683567:AAFcLxkFz7jJSkr7jhzas3Y1KHZI8CN8W8g/getUpdates "HTTP/1.1 200 OK"
2026-03-13 14:28:26,795 [INFO] httpx: HTTP Request: POST https://api.telegram.org/bot8611683567:AAFcLxkFz7jJSkr7jhzas3Y1KHZI8CN8W8g/getUpdates "HTTP/1.1 200 OK"
2026-03-13 14:28:36,836 [INFO] httpx: HTTP Request: POST https://api.telegram.org/bot8611683567:AAFcLxkFz7jJSkr7jhzas3Y1KHZI8CN8W8g/getUpdates "HTTP/1.1 200 OK"
2026-03-13 14:28:46,874 [INFO] httpx: HTTP Request: POST https://api.telegram.org/bot8611683567:AAFcLxkFz7jJSkr7jhzas3Y1KHZI8CN8W8g/getUpdates "HTTP/1.1 200 OK"
2026-03-13 14:28:56,912 [INFO] httpx: HTTP Request: POST https://api.telegram.org/bot8611683567:AAFcLxkFz7jJSkr7jhzas3Y1KHZI8CN8W8g/getUpdates "HTTP/1.1 200 OK"
2026-03-13 14:29:06,950 [INFO] httpx: HTTP Request: POST https://api.telegram.org/bot8611683567:AAFcLxkFz7jJSkr7jhzas3Y1KHZI8CN8W8g/getUpdates "HTTP/1.1 200 OK"
2026-03-13 14:29:16,990 [INFO] httpx: HTTP Request: POST https://api.telegram.org/bot8611683567:AAFcLxkFz7jJSkr7jhzas3Y1KHZI8CN8W8g/getUpdates "HTTP/1.1 200 OK"
2026-03-13 14:29:27,032 [INFO] httpx: HTTP Request: POST https://api.telegram.org/bot8611683567:AAFcLxkFz7jJSkr7jhzas3Y1KHZI8CN8W8g/getUpdates "HTTP/1.1 200 OK"
2026-03-13 14:29:37,069 [INFO] httpx: HTTP Request: POST https://api.telegram.org/bot8611683567:AAFcLxkFz7jJSkr7jhzas3Y1KHZI8CN8W8g/getUpdates "HTTP/1.1 200 OK"
2026-03-13 14:29:47,109 [INFO] httpx: HTTP Request: POST https://api.telegram.org/bot8611683567:AAFcLxkFz7jJSkr7jhzas3Y1KHZI8CN8W8g/getUpdates "HTTP/1.1 200 OK"
2026-03-13 14:29:57,149 [INFO] httpx: HTTP Request: POST https://api.telegram.org/bot8611683567:AAFcLxkFz7jJSkr7jhzas3Y1KHZI8CN8W8g/getUpdates "HTTP/1.1 200 OK"
2026-03-13 14:30:07,190 [INFO] httpx: HTTP Request: POST https://api.telegram.org/bot8611683567:AAFcLxkFz7jJSkr7jhzas3Y1KHZI8CN8W8g/getUpdates "HTTP/1.1 200 OK"
2026-03-13 14:30:17,227 [INFO] httpx: HTTP Request: POST https://api.telegram.org/bot8611683567:AAFcLxkFz7jJSkr7jhzas3Y1KHZI8CN8W8g/getUpdates "HTTP/1.1 200 OK"
2026-03-13 14:30:27,264 [INFO] httpx: HTTP Request: POST https://api.telegram.org/bot8611683567:AAFcLxkFz7jJSkr7jhzas3Y1KHZI8CN8W8g/getUpdates "HTTP/1.1 200 OK"
2026-03-13 14:30:37,318 [INFO] httpx: HTTP Request: POST https://api.telegram.org/bot8611683567:AAFcLxkFz7jJSkr7jhzas3Y1KHZI8CN8W8g/getUpdates "HTTP/1.1 200 OK"
2026-03-13 14:30:47,358 [INFO] httpx: HTTP Request: POST https://api.telegram.org/bot8611683567:AAFcLxkFz7jJSkr7jhzas3Y1KHZI8CN8W8g/getUpdates "HTTP/1.1 200 OK"
2026-03-13 14:30:57,397 [INFO] httpx: HTTP Request: POST https://api.telegram.org/bot8611683567:AAFcLxkFz7jJSkr7jhzas3Y1KHZI8CN8W8g/getUpdates "HTTP/1.1 200 OK"
2026-03-13 14:31:07,436 [INFO] httpx: HTTP Request: POST https://api.telegram.org/bot8611683567:AAFcLxkFz7jJSkr7jhzas3Y1KHZI8CN8W8g/getUpdates "HTTP/1.1 200 OK"
2026-03-13 14:31:17,474 [INFO] httpx: HTTP Request: POST https://api.telegram.org/bot8611683567:AAFcLxkFz7jJSkr7jhzas3Y1KHZI8CN8W8g/getUpdates "HTTP/1.1 200 OK"
2026-03-13 14:32:33,347 [INFO] __main__: ✅ БД готова
2026-03-13 14:32:33,780 [INFO] apscheduler.scheduler: Adding job tentatively -- it will be properly scheduled when the scheduler starts
2026-03-13 14:32:33,780 [INFO] __main__: 🤖 Бот запущен!
2026-03-13 14:32:33,976 [INFO] httpx: HTTP Request: POST https://api.telegram.org/bot8611683567:AAFcLxkFz7jJSkr7jhzas3Y1KHZI8CN8W8g/getMe "HTTP/1.1 200 OK"
2026-03-13 14:32:33,979 [INFO] apscheduler.scheduler: Added job "main.<locals>.<lambda>" to job store "default"
2026-03-13 14:32:33,980 [INFO] apscheduler.scheduler: Scheduler started
2026-03-13 14:32:33,980 [INFO] __main__: ⏰ Планировщик: каждые 30 мин
2026-03-13 14:32:42,137 [INFO] httpx: HTTP Request: POST https://api.telegram.org/bot8611683567:AAFcLxkFz7jJSkr7jhzas3Y1KHZI8CN8W8g/sendMessage "HTTP/1.1 200 OK"
2026-03-13 14:32:42,140 [INFO] __main__: ▶️  Проверка [13.03.2026 14:32]
2026-03-13 14:32:46,164 [INFO] scrapers.novatours: Novatours: токен получен (03096e2114...)
2026-03-13 14:32:46,693 [INFO] scrapers.novatours: Novatours: 10 отелей с ценами
2026-03-13 14:32:47,237 [INFO] __main__: Novatours: 10 туров до фильтра
2026-03-13 14:32:47,243 [INFO] __main__: Итого до фильтра: 10
2026-03-13 14:32:47,295 [INFO] __main__: 🔥 Новых горящих: 4
2026-03-13 14:32:47,442 [INFO] httpx: HTTP Request: POST https://api.telegram.org/bot8611683567:AAFcLxkFz7jJSkr7jhzas3Y1KHZI8CN8W8g/sendPhoto "HTTP/1.1 200 OK"
2026-03-13 14:32:47,582 [INFO] httpx: HTTP Request: POST https://api.telegram.org/bot8611683567:AAFcLxkFz7jJSkr7jhzas3Y1KHZI8CN8W8g/sendPhoto "HTTP/1.1 200 OK"
2026-03-13 14:32:47,710 [INFO] httpx: HTTP Request: POST https://api.telegram.org/bot8611683567:AAFcLxkFz7jJSkr7jhzas3Y1KHZI8CN8W8g/sendPhoto "HTTP/1.1 200 OK"
2026-03-13 14:32:47,876 [INFO] httpx: HTTP Request: POST https://api.telegram.org/bot8611683567:AAFcLxkFz7jJSkr7jhzas3Y1KHZI8CN8W8g/sendPhoto "HTTP/1.1 200 OK"
2026-03-13 14:32:47,969 [INFO] httpx: HTTP Request: POST https://api.telegram.org/bot8611683567:AAFcLxkFz7jJSkr7jhzas3Y1KHZI8CN8W8g/deleteWebhook "HTTP/1.1 200 OK"
2026-03-13 14:32:47,975 [INFO] apscheduler.scheduler: Scheduler started
2026-03-13 14:32:47,975 [INFO] telegram.ext.Application: Application started
2026-03-13 14:32:58,079 [INFO] httpx: HTTP Request: POST https://api.telegram.org/bot8611683567:AAFcLxkFz7jJSkr7jhzas3Y1KHZI8CN8W8g/getUpdates "HTTP/1.1 200 OK"
2026-03-13 14:33:08,158 [INFO] httpx: HTTP Request: POST https://api.telegram.org/bot8611683567:AAFcLxkFz7jJSkr7jhzas3Y1KHZI8CN8W8g/getUpdates "HTTP/1.1 200 OK"
2026-03-13 14:33:18,193 [INFO] httpx: HTTP Request: POST https://api.telegram.org/bot8611683567:AAFcLxkFz7jJSkr7jhzas3Y1KHZI8CN8W8g/getUpdates "HTTP/1.1 200 OK"
2026-03-13 14:33:28,233 [INFO] httpx: HTTP Request: POST https://api.telegram.org/bot8611683567:AAFcLxkFz7jJSkr7jhzas3Y1KHZI8CN8W8g/getUpdates "HTTP/1.1 200 OK"
2026-03-13 14:33:38,271 [INFO] httpx: HTTP Request: POST https://api.telegram.org/bot8611683567:AAFcLxkFz7jJSkr7jhzas3Y1KHZI8CN8W8g/getUpdates "HTTP/1.1 200 OK"
2026-03-13 14:33:48,309 [INFO] httpx: HTTP Request: POST https://api.telegram.org/bot8611683567:AAFcLxkFz7jJSkr7jhzas3Y1KHZI8CN8W8g/getUpdates "HTTP/1.1 200 OK"
2026-03-13 14:33:58,345 [INFO] httpx: HTTP Request: POST https://api.telegram.org/bot8611683567:AAFcLxkFz7jJSkr7jhzas3Y1KHZI8CN8W8g/getUpdates "HTTP/1.1 200 OK"
2026-03-13 14:34:08,380 [INFO] httpx: HTTP Request: POST https://api.telegram.org/bot8611683567:AAFcLxkFz7jJSkr7jhzas3Y1KHZI8CN8W8g/getUpdates "HTTP/1.1 200 OK"
2026-03-13 14:34:18,415 [INFO] httpx: HTTP Request: POST https://api.telegram.org/bot8611683567:AAFcLxkFz7jJSkr7jhzas3Y1KHZI8CN8W8g/getUpdates "HTTP/1.1 200 OK"
2026-03-13 14:34:28,456 [INFO] httpx: HTTP Request: POST https://api.telegram.org/bot8611683567:AAFcLxkFz7jJSkr7jhzas3Y1KHZI8CN8W8g/getUpdates "HTTP/1.1 200 OK"
2026-03-13 14:34:38,493 [INFO] httpx: HTTP Request: POST https://api.telegram.org/bot8611683567:AAFcLxkFz7jJSkr7jhzas3Y1KHZI8CN8W8g/getUpdates "HTTP/1.1 200 OK"
2026-03-13 14:34:48,530 [INFO] httpx: HTTP Request: POST https://api.telegram.org/bot8611683567:AAFcLxkFz7jJSkr7jhzas3Y1KHZI8CN8W8g/getUpdates "HTTP/1.1 200 OK"
2026-03-13 14:34:58,572 [INFO] httpx: HTTP Request: POST https://api.telegram.org/bot8611683567:AAFcLxkFz7jJSkr7jhzas3Y1KHZI8CN8W8g/getUpdates "HTTP/1.1 200 OK"
2026-03-13 14:35:08,605 [INFO] httpx: HTTP Request: POST https://api.telegram.org/bot8611683567:AAFcLxkFz7jJSkr7jhzas3Y1KHZI8CN8W8g/getUpdates "HTTP/1.1 200 OK"
2026-03-13 14:35:18,640 [INFO] httpx: HTTP Request: POST https://api.telegram.org/bot8611683567:AAFcLxkFz7jJSkr7jhzas3Y1KHZI8CN8W8g/getUpdates "HTTP/1.1 200 OK"
2026-03-13 14:35:28,678 [INFO] httpx: HTTP Request: POST https://api.telegram.org/bot8611683567:AAFcLxkFz7jJSkr7jhzas3Y1KHZI8CN8W8g/getUpdates "HTTP/1.1 200 OK"
2026-03-13 14:35:38,715 [INFO] httpx: HTTP Request: POST https://api.telegram.org/bot8611683567:AAFcLxkFz7jJSkr7jhzas3Y1KHZI8CN8W8g/getUpdates "HTTP/1.1 200 OK"
2026-03-13 14:35:48,758 [INFO] httpx: HTTP Request: POST https://api.telegram.org/bot8611683567:AAFcLxkFz7jJSkr7jhzas3Y1KHZI8CN8W8g/getUpdates "HTTP/1.1 200 OK"
2026-03-13 14:35:58,829 [INFO] httpx: HTTP Request: POST https://api.telegram.org/bot8611683567:AAFcLxkFz7jJSkr7jhzas3Y1KHZI8CN8W8g/getUpdates "HTTP/1.1 200 OK"
2026-03-13 14:36:08,871 [INFO] httpx: HTTP Request: POST https://api.telegram.org/bot8611683567:AAFcLxkFz7jJSkr7jhzas3Y1KHZI8CN8W8g/getUpdates "HTTP/1.1 200 OK"
2026-03-13 14:36:16,785 [INFO] httpx: HTTP Request: POST https://api.telegram.org/bot8611683567:AAFcLxkFz7jJSkr7jhzas3Y1KHZI8CN8W8g/getUpdates "HTTP/1.1 200 OK"
2026-03-13 14:36:16,787 [INFO] telegram.ext.Application: Application is stopping. This might take a moment.
2026-03-13 14:36:16,788 [INFO] apscheduler.scheduler: Scheduler has been shut down
2026-03-13 14:36:16,799 [INFO] telegram.ext.Application: Application.stop() complete
2026-03-13 14:36:16,802 [INFO] apscheduler.scheduler: Scheduler has been shut down
2026-03-13 14:36:20,824 [INFO] __main__: ✅ БД готова
2026-03-13 14:36:21,270 [INFO] apscheduler.scheduler: Adding job tentatively -- it will be properly scheduled when the scheduler starts
2026-03-13 14:36:21,270 [INFO] __main__: 🤖 Бот запущен!
2026-03-13 14:36:21,438 [INFO] httpx: HTTP Request: POST https://api.telegram.org/bot8611683567:AAFcLxkFz7jJSkr7jhzas3Y1KHZI8CN8W8g/getMe "HTTP/1.1 200 OK"
2026-03-13 14:36:21,441 [INFO] apscheduler.scheduler: Added job "main.<locals>.<lambda>" to job store "default"
2026-03-13 14:36:21,442 [INFO] apscheduler.scheduler: Scheduler started
2026-03-13 14:36:21,442 [INFO] __main__: ⏰ Планировщик: каждые 30 мин
2026-03-13 14:36:29,636 [INFO] httpx: HTTP Request: POST https://api.telegram.org/bot8611683567:AAFcLxkFz7jJSkr7jhzas3Y1KHZI8CN8W8g/sendMessage "HTTP/1.1 200 OK"
2026-03-13 14:36:29,639 [INFO] __main__: ▶️  Проверка [13.03.2026 14:36]
2026-03-13 14:36:33,806 [INFO] scrapers.novatours: Novatours: токен получен (03096e2114...)
2026-03-13 14:36:34,388 [INFO] scrapers.novatours: Novatours: 10 отелей с ценами
2026-03-13 14:36:35,039 [INFO] __main__: Novatours: 10 туров до фильтра
2026-03-13 14:36:35,040 [INFO] __main__: Итого до фильтра: 10
2026-03-13 14:36:35,079 [INFO] __main__: 🔥 Новых горящих: 4
2026-03-13 14:36:35,253 [INFO] httpx: HTTP Request: POST https://api.telegram.org/bot8611683567:AAFcLxkFz7jJSkr7jhzas3Y1KHZI8CN8W8g/sendPhoto "HTTP/1.1 200 OK"
2026-03-13 14:36:35,397 [INFO] httpx: HTTP Request: POST https://api.telegram.org/bot8611683567:AAFcLxkFz7jJSkr7jhzas3Y1KHZI8CN8W8g/sendPhoto "HTTP/1.1 200 OK"
2026-03-13 14:36:35,535 [INFO] httpx: HTTP Request: POST https://api.telegram.org/bot8611683567:AAFcLxkFz7jJSkr7jhzas3Y1KHZI8CN8W8g/sendPhoto "HTTP/1.1 200 OK"
2026-03-13 14:36:35,681 [INFO] httpx: HTTP Request: POST https://api.telegram.org/bot8611683567:AAFcLxkFz7jJSkr7jhzas3Y1KHZI8CN8W8g/sendPhoto "HTTP/1.1 200 OK"
2026-03-13 14:36:35,781 [INFO] httpx: HTTP Request: POST https://api.telegram.org/bot8611683567:AAFcLxkFz7jJSkr7jhzas3Y1KHZI8CN8W8g/deleteWebhook "HTTP/1.1 200 OK"
2026-03-13 14:36:35,787 [INFO] apscheduler.scheduler: Scheduler started
2026-03-13 14:36:35,788 [INFO] telegram.ext.Application: Application started
2026-03-13 14:36:45,917 [INFO] httpx: HTTP Request: POST https://api.telegram.org/bot8611683567:AAFcLxkFz7jJSkr7jhzas3Y1KHZI8CN8W8g/getUpdates "HTTP/1.1 200 OK"
2026-03-13 14:36:55,959 [INFO] httpx: HTTP Request: POST https://api.telegram.org/bot8611683567:AAFcLxkFz7jJSkr7jhzas3Y1KHZI8CN8W8g/getUpdates "HTTP/1.1 200 OK"
2026-03-13 14:37:05,999 [INFO] httpx: HTTP Request: POST https://api.telegram.org/bot8611683567:AAFcLxkFz7jJSkr7jhzas3Y1KHZI8CN8W8g/getUpdates "HTTP/1.1 200 OK"
2026-03-13 14:37:16,036 [INFO] httpx: HTTP Request: POST https://api.telegram.org/bot8611683567:AAFcLxkFz7jJSkr7jhzas3Y1KHZI8CN8W8g/getUpdates "HTTP/1.1 200 OK"
2026-03-13 14:37:26,077 [INFO] httpx: HTTP Request: POST https://api.telegram.org/bot8611683567:AAFcLxkFz7jJSkr7jhzas3Y1KHZI8CN8W8g/getUpdates "HTTP/1.1 200 OK"
2026-03-13 14:37:36,116 [INFO] httpx: HTTP Request: POST https://api.telegram.org/bot8611683567:AAFcLxkFz7jJSkr7jhzas3Y1KHZI8CN8W8g/getUpdates "HTTP/1.1 200 OK"
2026-03-13 14:37:46,161 [INFO] httpx: HTTP Request: POST https://api.telegram.org/bot8611683567:AAFcLxkFz7jJSkr7jhzas3Y1KHZI8CN8W8g/getUpdates "HTTP/1.1 200 OK"
2026-03-13 14:37:56,205 [INFO] httpx: HTTP Request: POST https://api.telegram.org/bot8611683567:AAFcLxkFz7jJSkr7jhzas3Y1KHZI8CN8W8g/getUpdates "HTTP/1.1 200 OK"
2026-03-13 14:38:06,244 [INFO] httpx: HTTP Request: POST https://api.telegram.org/bot8611683567:AAFcLxkFz7jJSkr7jhzas3Y1KHZI8CN8W8g/getUpdates "HTTP/1.1 200 OK"
2026-03-13 14:38:16,283 [INFO] httpx: HTTP Request: POST https://api.telegram.org/bot8611683567:AAFcLxkFz7jJSkr7jhzas3Y1KHZI8CN8W8g/getUpdates "HTTP/1.1 200 OK"
2026-03-13 14:38:26,327 [INFO] httpx: HTTP Request: POST https://api.telegram.org/bot8611683567:AAFcLxkFz7jJSkr7jhzas3Y1KHZI8CN8W8g/getUpdates "HTTP/1.1 200 OK"
2026-03-13 14:38:36,367 [INFO] httpx: HTTP Request: POST https://api.telegram.org/bot8611683567:AAFcLxkFz7jJSkr7jhzas3Y1KHZI8CN8W8g/getUpdates "HTTP/1.1 200 OK"
2026-03-13 14:38:46,408 [INFO] httpx: HTTP Request: POST https://api.telegram.org/bot8611683567:AAFcLxkFz7jJSkr7jhzas3Y1KHZI8CN8W8g/getUpdates "HTTP/1.1 200 OK"
2026-03-13 14:38:56,447 [INFO] httpx: HTTP Request: POST https://api.telegram.org/bot8611683567:AAFcLxkFz7jJSkr7jhzas3Y1KHZI8CN8W8g/getUpdates "HTTP/1.1 200 OK"
2026-03-13 14:39:06,487 [INFO] httpx: HTTP Request: POST https://api.telegram.org/bot8611683567:AAFcLxkFz7jJSkr7jhzas3Y1KHZI8CN8W8g/getUpdates "HTTP/1.1 200 OK"
2026-03-13 14:39:16,527 [INFO] httpx: HTTP Request: POST https://api.telegram.org/bot8611683567:AAFcLxkFz7jJSkr7jhzas3Y1KHZI8CN8W8g/getUpdates "HTTP/1.1 200 OK"
2026-03-13 14:39:26,568 [INFO] httpx: HTTP Request: POST https://api.telegram.org/bot8611683567:AAFcLxkFz7jJSkr7jhzas3Y1KHZI8CN8W8g/getUpdates "HTTP/1.1 200 OK"
2026-03-13 14:39:36,608 [INFO] httpx: HTTP Request: POST https://api.telegram.org/bot8611683567:AAFcLxkFz7jJSkr7jhzas3Y1KHZI8CN8W8g/getUpdates "HTTP/1.1 200 OK"
2026-03-13 14:39:46,650 [INFO] httpx: HTTP Request: POST https://api.telegram.org/bot8611683567:AAFcLxkFz7jJSkr7jhzas3Y1KHZI8CN8W8g/getUpdates "HTTP/1.1 200 OK"
2026-03-13 14:39:56,708 [INFO] httpx: HTTP Request: POST https://api.telegram.org/bot8611683567:AAFcLxkFz7jJSkr7jhzas3Y1KHZI8CN8W8g/getUpdates "HTTP/1.1 200 OK"
2026-03-13 14:40:06,772 [INFO] httpx: HTTP Request: POST https://api.telegram.org/bot8611683567:AAFcLxkFz7jJSkr7jhzas3Y1KHZI8CN8W8g/getUpdates "HTTP/1.1 200 OK"
2026-03-13 14:40:16,831 [INFO] httpx: HTTP Request: POST https://api.telegram.org/bot8611683567:AAFcLxkFz7jJSkr7jhzas3Y1KHZI8CN8W8g/getUpdates "HTTP/1.1 200 OK"
2026-03-13 14:40:26,875 [INFO] httpx: HTTP Request: POST https://api.telegram.org/bot8611683567:AAFcLxkFz7jJSkr7jhzas3Y1KHZI8CN8W8g/getUpdates "HTTP/1.1 200 OK"
2026-03-13 14:40:36,911 [INFO] httpx: HTTP Request: POST https://api.telegram.org/bot8611683567:AAFcLxkFz7jJSkr7jhzas3Y1KHZI8CN8W8g/getUpdates "HTTP/1.1 200 OK"
2026-03-13 14:40:46,947 [INFO] httpx: HTTP Request: POST https://api.telegram.org/bot8611683567:AAFcLxkFz7jJSkr7jhzas3Y1KHZI8CN8W8g/getUpdates "HTTP/1.1 200 OK"
2026-03-13 14:40:56,985 [INFO] httpx: HTTP Request: POST https://api.telegram.org/bot8611683567:AAFcLxkFz7jJSkr7jhzas3Y1KHZI8CN8W8g/getUpdates "HTTP/1.1 200 OK"
2026-03-13 14:41:07,023 [INFO] httpx: HTTP Request: POST https://api.telegram.org/bot8611683567:AAFcLxkFz7jJSkr7jhzas3Y1KHZI8CN8W8g/getUpdates "HTTP/1.1 200 OK"
2026-03-13 14:41:17,060 [INFO] httpx: HTTP Request: POST https://api.telegram.org/bot8611683567:AAFcLxkFz7jJSkr7jhzas3Y1KHZI8CN8W8g/getUpdates "HTTP/1.1 200 OK"
2026-03-13 14:41:27,109 [INFO] httpx: HTTP Request: POST https://api.telegram.org/bot8611683567:AAFcLxkFz7jJSkr7jhzas3Y1KHZI8CN8W8g/getUpdates "HTTP/1.1 200 OK"
2026-03-13 14:41:37,150 [INFO] httpx: HTTP Request: POST https://api.telegram.org/bot8611683567:AAFcLxkFz7jJSkr7jhzas3Y1KHZI8CN8W8g/getUpdates "HTTP/1.1 200 OK"
2026-03-13 14:41:47,193 [INFO] httpx: HTTP Request: POST https://api.telegram.org/bot8611683567:AAFcLxkFz7jJSkr7jhzas3Y1KHZI8CN8W8g/getUpdates "HTTP/1.1 200 OK"
2026-03-13 14:41:57,234 [INFO] httpx: HTTP Request: POST https://api.telegram.org/bot8611683567:AAFcLxkFz7jJSkr7jhzas3Y1KHZI8CN8W8g/getUpdates "HTTP/1.1 200 OK"
2026-03-13 14:42:07,273 [INFO] httpx: HTTP Request: POST https://api.telegram.org/bot8611683567:AAFcLxkFz7jJSkr7jhzas3Y1KHZI8CN8W8g/getUpdates "HTTP/1.1 200 OK"
2026-03-13 14:42:17,311 [INFO] httpx: HTTP Request: POST https://api.telegram.org/bot8611683567:AAFcLxkFz7jJSkr7jhzas3Y1KHZI8CN8W8g/getUpdates "HTTP/1.1 200 OK"
2026-03-13 14:42:27,351 [INFO] httpx: HTTP Request: POST https://api.telegram.org/bot8611683567:AAFcLxkFz7jJSkr7jhzas3Y1KHZI8CN8W8g/getUpdates "HTTP/1.1 200 OK"
2026-03-13 14:42:37,398 [INFO] httpx: HTTP Request: POST https://api.telegram.org/bot8611683567:AAFcLxkFz7jJSkr7jhzas3Y1KHZI8CN8W8g/getUpdates "HTTP/1.1 200 OK"
2026-03-13 14:42:47,436 [INFO] httpx: HTTP Request: POST https://api.telegram.org/bot8611683567:AAFcLxkFz7jJSkr7jhzas3Y1KHZI8CN8W8g/getUpdates "HTTP/1.1 200 OK"
2026-03-13 14:42:57,477 [INFO] httpx: HTTP Request: POST https://api.telegram.org/bot8611683567:AAFcLxkFz7jJSkr7jhzas3Y1KHZI8CN8W8g/getUpdates "HTTP/1.1 200 OK"
2026-03-13 14:43:07,516 [INFO] httpx: HTTP Request: POST https://api.telegram.org/bot8611683567:AAFcLxkFz7jJSkr7jhzas3Y1KHZI8CN8W8g/getUpdates "HTTP/1.1 200 OK"
2026-03-13 14:43:17,553 [INFO] httpx: HTTP Request: POST https://api.telegram.org/bot8611683567:AAFcLxkFz7jJSkr7jhzas3Y1KHZI8CN8W8g/getUpdates "HTTP/1.1 200 OK"
2026-03-13 14:43:27,594 [INFO] httpx: HTTP Request: POST https://api.telegram.org/bot8611683567:AAFcLxkFz7jJSkr7jhzas3Y1KHZI8CN8W8g/getUpdates "HTTP/1.1 200 OK"
2026-03-13 14:43:37,633 [INFO] httpx: HTTP Request: POST https://api.telegram.org/bot8611683567:AAFcLxkFz7jJSkr7jhzas3Y1KHZI8CN8W8g/getUpdates "HTTP/1.1 200 OK"
2026-03-13 14:43:47,676 [INFO] httpx: HTTP Request: POST https://api.telegram.org/bot8611683567:AAFcLxkFz7jJSkr7jhzas3Y1KHZI8CN8W8g/getUpdates "HTTP/1.1 200 OK"
2026-03-13 14:43:57,725 [INFO] httpx: HTTP Request: POST https://api.telegram.org/bot8611683567:AAFcLxkFz7jJSkr7jhzas3Y1KHZI8CN8W8g/getUpdates "HTTP/1.1 200 OK"
2026-03-13 14:44:07,763 [INFO] httpx: HTTP Request: POST https://api.telegram.org/bot8611683567:AAFcLxkFz7jJSkr7jhzas3Y1KHZI8CN8W8g/getUpdates "HTTP/1.1 200 OK"
2026-03-13 14:44:17,802 [INFO] httpx: HTTP Request: POST https://api.telegram.org/bot8611683567:AAFcLxkFz7jJSkr7jhzas3Y1KHZI8CN8W8g/getUpdates "HTTP/1.1 200 OK"
2026-03-13 14:44:27,841 [INFO] httpx: HTTP Request: POST https://api.telegram.org/bot8611683567:AAFcLxkFz7jJSkr7jhzas3Y1KHZI8CN8W8g/getUpdates "HTTP/1.1 200 OK"
2026-03-13 14:44:37,879 [INFO] httpx: HTTP Request: POST https://api.telegram.org/bot8611683567:AAFcLxkFz7jJSkr7jhzas3Y1KHZI8CN8W8g/getUpdates "HTTP/1.1 200 OK"
2026-03-13 14:44:47,922 [INFO] httpx: HTTP Request: POST https://api.telegram.org/bot8611683567:AAFcLxkFz7jJSkr7jhzas3Y1KHZI8CN8W8g/getUpdates "HTTP/1.1 200 OK"
2026-03-13 14:44:58,003 [INFO] httpx: HTTP Request: POST https://api.telegram.org/bot8611683567:AAFcLxkFz7jJSkr7jhzas3Y1KHZI8CN8W8g/getUpdates "HTTP/1.1 200 OK"
2026-03-13 14:45:08,043 [INFO] httpx: HTTP Request: POST https://api.telegram.org/bot8611683567:AAFcLxkFz7jJSkr7jhzas3Y1KHZI8CN8W8g/getUpdates "HTTP/1.1 200 OK"
2026-03-13 14:45:18,084 [INFO] httpx: HTTP Request: POST https://api.telegram.org/bot8611683567:AAFcLxkFz7jJSkr7jhzas3Y1KHZI8CN8W8g/getUpdates "HTTP/1.1 200 OK"
2026-03-13 14:45:28,127 [INFO] httpx: HTTP Request: POST https://api.telegram.org/bot8611683567:AAFcLxkFz7jJSkr7jhzas3Y1KHZI8CN8W8g/getUpdates "HTTP/1.1 200 OK"
2026-03-13 14:45:38,162 [INFO] httpx: HTTP Request: POST https://api.telegram.org/bot8611683567:AAFcLxkFz7jJSkr7jhzas3Y1KHZI8CN8W8g/getUpdates "HTTP/1.1 200 OK"
2026-03-13 14:45:48,206 [INFO] httpx: HTTP Request: POST https://api.telegram.org/bot8611683567:AAFcLxkFz7jJSkr7jhzas3Y1KHZI8CN8W8g/getUpdates "HTTP/1.1 200 OK"
2026-03-13 14:45:58,249 [INFO] httpx: HTTP Request: POST https://api.telegram.org/bot8611683567:AAFcLxkFz7jJSkr7jhzas3Y1KHZI8CN8W8g/getUpdates "HTTP/1.1 200 OK"
2026-03-13 14:46:08,293 [INFO] httpx: HTTP Request: POST https://api.telegram.org/bot8611683567:AAFcLxkFz7jJSkr7jhzas3Y1KHZI8CN8W8g/getUpdates "HTTP/1.1 200 OK"
2026-03-13 14:46:18,334 [INFO] httpx: HTTP Request: POST https://api.telegram.org/bot8611683567:AAFcLxkFz7jJSkr7jhzas3Y1KHZI8CN8W8g/getUpdates "HTTP/1.1 200 OK"
2026-03-13 14:46:28,377 [INFO] httpx: HTTP Request: POST https://api.telegram.org/bot8611683567:AAFcLxkFz7jJSkr7jhzas3Y1KHZI8CN8W8g/getUpdates "HTTP/1.1 200 OK"
2026-03-13 14:46:38,423 [INFO] httpx: HTTP Request: POST https://api.telegram.org/bot8611683567:AAFcLxkFz7jJSkr7jhzas3Y1KHZI8CN8W8g/getUpdates "HTTP/1.1 200 OK"
2026-03-13 14:46:48,461 [INFO] httpx: HTTP Request: POST https://api.telegram.org/bot8611683567:AAFcLxkFz7jJSkr7jhzas3Y1KHZI8CN8W8g/getUpdates "HTTP/1.1 200 OK"
2026-03-13 14:46:58,500 [INFO] httpx: HTTP Request: POST https://api.telegram.org/bot8611683567:AAFcLxkFz7jJSkr7jhzas3Y1KHZI8CN8W8g/getUpdates "HTTP/1.1 200 OK"
2026-03-13 14:47:08,539 [INFO] httpx: HTTP Request: POST https://api.telegram.org/bot8611683567:AAFcLxkFz7jJSkr7jhzas3Y1KHZI8CN8W8g/getUpdates "HTTP/1.1 200 OK"
2026-03-13 14:47:18,576 [INFO] httpx: HTTP Request: POST https://api.telegram.org/bot8611683567:AAFcLxkFz7jJSkr7jhzas3Y1KHZI8CN8W8g/getUpdates "HTTP/1.1 200 OK"
2026-03-13 14:47:28,613 [INFO] httpx: HTTP Request: POST https://api.telegram.org/bot8611683567:AAFcLxkFz7jJSkr7jhzas3Y1KHZI8CN8W8g/getUpdates "HTTP/1.1 200 OK"
2026-03-13 14:47:38,650 [INFO] httpx: HTTP Request: POST https://api.telegram.org/bot8611683567:AAFcLxkFz7jJSkr7jhzas3Y1KHZI8CN8W8g/getUpdates "HTTP/1.1 200 OK"
2026-03-13 14:47:48,687 [INFO] httpx: HTTP Request: POST https://api.telegram.org/bot8611683567:AAFcLxkFz7jJSkr7jhzas3Y1KHZI8CN8W8g/getUpdates "HTTP/1.1 200 OK"
2026-03-13 14:47:58,726 [INFO] httpx: HTTP Request: POST https://api.telegram.org/bot8611683567:AAFcLxkFz7jJSkr7jhzas3Y1KHZI8CN8W8g/getUpdates "HTTP/1.1 200 OK"
2026-03-13 14:48:08,770 [INFO] httpx: HTTP Request: POST https://api.telegram.org/bot8611683567:AAFcLxkFz7jJSkr7jhzas3Y1KHZI8CN8W8g/getUpdates "HTTP/1.1 200 OK"
2026-03-13 14:48:18,807 [INFO] httpx: HTTP Request: POST https://api.telegram.org/bot8611683567:AAFcLxkFz7jJSkr7jhzas3Y1KHZI8CN8W8g/getUpdates "HTTP/1.1 200 OK"
2026-03-13 14:48:28,848 [INFO] httpx: HTTP Request: POST https://api.telegram.org/bot8611683567:AAFcLxkFz7jJSkr7jhzas3Y1KHZI8CN8W8g/getUpdates "HTTP/1.1 200 OK"
2026-03-13 14:48:38,886 [INFO] httpx: HTTP Request: POST https://api.telegram.org/bot8611683567:AAFcLxkFz7jJSkr7jhzas3Y1KHZI8CN8W8g/getUpdates "HTTP/1.1 200 OK"
2026-03-13 14:48:48,924 [INFO] httpx: HTTP Request: POST https://api.telegram.org/bot8611683567:AAFcLxkFz7jJSkr7jhzas3Y1KHZI8CN8W8g/getUpdates "HTTP/1.1 200 OK"
2026-03-13 14:48:58,962 [INFO] httpx: HTTP Request: POST https://api.telegram.org/bot8611683567:AAFcLxkFz7jJSkr7jhzas3Y1KHZI8CN8W8g/getUpdates "HTTP/1.1 200 OK"
2026-03-13 14:49:09,004 [INFO] httpx: HTTP Request: POST https://api.telegram.org/bot8611683567:AAFcLxkFz7jJSkr7jhzas3Y1KHZI8CN8W8g/getUpdates "HTTP/1.1 200 OK"
2026-03-13 14:49:19,043 [INFO] httpx: HTTP Request: POST https://api.telegram.org/bot8611683567:AAFcLxkFz7jJSkr7jhzas3Y1KHZI8CN8W8g/getUpdates "HTTP/1.1 200 OK"
2026-03-13 14:49:29,081 [INFO] httpx: HTTP Request: POST https://api.telegram.org/bot8611683567:AAFcLxkFz7jJSkr7jhzas3Y1KHZI8CN8W8g/getUpdates "HTTP/1.1 200 OK"
2026-03-13 14:49:39,125 [INFO] httpx: HTTP Request: POST https://api.telegram.org/bot8611683567:AAFcLxkFz7jJSkr7jhzas3Y1KHZI8CN8W8g/getUpdates "HTTP/1.1 200 OK"
2026-03-13 14:49:49,176 [INFO] httpx: HTTP Request: POST https://api.telegram.org/bot8611683567:AAFcLxkFz7jJSkr7jhzas3Y1KHZI8CN8W8g/getUpdates "HTTP/1.1 200 OK"
2026-03-13 14:49:59,219 [INFO] httpx: HTTP Request: POST https://api.telegram.org/bot8611683567:AAFcLxkFz7jJSkr7jhzas3Y1KHZI8CN8W8g/getUpdates "HTTP/1.1 200 OK"
2026-03-13 14:50:09,258 [INFO] httpx: HTTP Request: POST https://api.telegram.org/bot8611683567:AAFcLxkFz7jJSkr7jhzas3Y1KHZI8CN8W8g/getUpdates "HTTP/1.1 200 OK"
2026-03-13 14:50:19,298 [INFO] httpx: HTTP Request: POST https://api.telegram.org/bot8611683567:AAFcLxkFz7jJSkr7jhzas3Y1KHZI8CN8W8g/getUpdates "HTTP/1.1 200 OK"
2026-03-13 14:50:29,337 [INFO] httpx: HTTP Request: POST https://api.telegram.org/bot8611683567:AAFcLxkFz7jJSkr7jhzas3Y1KHZI8CN8W8g/getUpdates "HTTP/1.1 200 OK"
2026-03-13 14:50:39,378 [INFO] httpx: HTTP Request: POST https://api.telegram.org/bot8611683567:AAFcLxkFz7jJSkr7jhzas3Y1KHZI8CN8W8g/getUpdates "HTTP/1.1 200 OK"
2026-03-13 14:50:49,417 [INFO] httpx: HTTP Request: POST https://api.telegram.org/bot8611683567:AAFcLxkFz7jJSkr7jhzas3Y1KHZI8CN8W8g/getUpdates "HTTP/1.1 200 OK"
2026-03-13 14:50:59,459 [INFO] httpx: HTTP Request: POST https://api.telegram.org/bot8611683567:AAFcLxkFz7jJSkr7jhzas3Y1KHZI8CN8W8g/getUpdates "HTTP/1.1 200 OK"
2026-03-13 14:51:09,517 [INFO] httpx: HTTP Request: POST https://api.telegram.org/bot8611683567:AAFcLxkFz7jJSkr7jhzas3Y1KHZI8CN8W8g/getUpdates "HTTP/1.1 200 OK"
2026-03-13 14:51:19,561 [INFO] httpx: HTTP Request: POST https://api.telegram.org/bot8611683567:AAFcLxkFz7jJSkr7jhzas3Y1KHZI8CN8W8g/getUpdates "HTTP/1.1 200 OK"
2026-03-13 14:51:29,608 [INFO] httpx: HTTP Request: POST https://api.telegram.org/bot8611683567:AAFcLxkFz7jJSkr7jhzas3Y1KHZI8CN8W8g/getUpdates "HTTP/1.1 200 OK"
2026-03-13 14:51:39,653 [INFO] httpx: HTTP Request: POST https://api.telegram.org/bot8611683567:AAFcLxkFz7jJSkr7jhzas3Y1KHZI8CN8W8g/getUpdates "HTTP/1.1 200 OK"
2026-03-13 14:51:49,700 [INFO] httpx: HTTP Request: POST https://api.telegram.org/bot8611683567:AAFcLxkFz7jJSkr7jhzas3Y1KHZI8CN8W8g/getUpdates "HTTP/1.1 200 OK"
2026-03-13 14:51:59,740 [INFO] httpx: HTTP Request: POST https://api.telegram.org/bot8611683567:AAFcLxkFz7jJSkr7jhzas3Y1KHZI8CN8W8g/getUpdates "HTTP/1.1 200 OK"
2026-03-13 14:52:09,781 [INFO] httpx: HTTP Request: POST https://api.telegram.org/bot8611683567:AAFcLxkFz7jJSkr7jhzas3Y1KHZI8CN8W8g/getUpdates "HTTP/1.1 200 OK"
2026-03-13 14:52:19,820 [INFO] httpx: HTTP Request: POST https://api.telegram.org/bot8611683567:AAFcLxkFz7jJSkr7jhzas3Y1KHZI8CN8W8g/getUpdates "HTTP/1.1 200 OK"
2026-03-13 14:52:29,859 [INFO] httpx: HTTP Request: POST https://api.telegram.org/bot8611683567:AAFcLxkFz7jJSkr7jhzas3Y1KHZI8CN8W8g/getUpdates "HTTP/1.1 200 OK"
2026-03-13 14:52:39,902 [INFO] httpx: HTTP Request: POST https://api.telegram.org/bot8611683567:AAFcLxkFz7jJSkr7jhzas3Y1KHZI8CN8W8g/getUpdates "HTTP/1.1 200 OK"
2026-03-13 14:52:49,937 [INFO] httpx: HTTP Request: POST https://api.telegram.org/bot8611683567:AAFcLxkFz7jJSkr7jhzas3Y1KHZI8CN8W8g/getUpdates "HTTP/1.1 200 OK"
2026-03-13 14:52:59,979 [INFO] httpx: HTTP Request: POST https://api.telegram.org/bot8611683567:AAFcLxkFz7jJSkr7jhzas3Y1KHZI8CN8W8g/getUpdates "HTTP/1.1 200 OK"
2026-03-13 14:53:10,018 [INFO] httpx: HTTP Request: POST https://api.telegram.org/bot8611683567:AAFcLxkFz7jJSkr7jhzas3Y1KHZI8CN8W8g/getUpdates "HTTP/1.1 200 OK"
2026-03-13 14:53:20,056 [INFO] httpx: HTTP Request: POST https://api.telegram.org/bot8611683567:AAFcLxkFz7jJSkr7jhzas3Y1KHZI8CN8W8g/getUpdates "HTTP/1.1 200 OK"
2026-03-13 14:53:30,176 [INFO] httpx: HTTP Request: POST https://api.telegram.org/bot8611683567:AAFcLxkFz7jJSkr7jhzas3Y1KHZI8CN8W8g/getUpdates "HTTP/1.1 200 OK"
2026-03-13 14:53:40,217 [INFO] httpx: HTTP Request: POST https://api.telegram.org/bot8611683567:AAFcLxkFz7jJSkr7jhzas3Y1KHZI8CN8W8g/getUpdates "HTTP/1.1 200 OK"
2026-03-13 14:53:50,252 [INFO] httpx: HTTP Request: POST https://api.telegram.org/bot8611683567:AAFcLxkFz7jJSkr7jhzas3Y1KHZI8CN8W8g/getUpdates "HTTP/1.1 200 OK"
2026-03-13 14:54:00,290 [INFO] httpx: HTTP Request: POST https://api.telegram.org/bot8611683567:AAFcLxkFz7jJSkr7jhzas3Y1KHZI8CN8W8g/getUpdates "HTTP/1.1 200 OK"
2026-03-13 14:54:10,347 [INFO] httpx: HTTP Request: POST https://api.telegram.org/bot8611683567:AAFcLxkFz7jJSkr7jhzas3Y1KHZI8CN8W8g/getUpdates "HTTP/1.1 200 OK"
2026-03-13 14:54:20,383 [INFO] httpx: HTTP Request: POST https://api.telegram.org/bot8611683567:AAFcLxkFz7jJSkr7jhzas3Y1KHZI8CN8W8g/getUpdates "HTTP/1.1 200 OK"
2026-03-13 14:54:30,420 [INFO] httpx: HTTP Request: POST https://api.telegram.org/bot8611683567:AAFcLxkFz7jJSkr7jhzas3Y1KHZI8CN8W8g/getUpdates "HTTP/1.1 200 OK"
2026-03-13 14:54:40,459 [INFO] httpx: HTTP Request: POST https://api.telegram.org/bot8611683567:AAFcLxkFz7jJSkr7jhzas3Y1KHZI8CN8W8g/getUpdates "HTTP/1.1 200 OK"
2026-03-13 14:54:50,500 [INFO] httpx: HTTP Request: POST https://api.telegram.org/bot8611683567:AAFcLxkFz7jJSkr7jhzas3Y1KHZI8CN8W8g/getUpdates "HTTP/1.1 200 OK"
2026-03-13 14:55:00,540 [INFO] httpx: HTTP Request: POST https://api.telegram.org/bot8611683567:AAFcLxkFz7jJSkr7jhzas3Y1KHZI8CN8W8g/getUpdates "HTTP/1.1 200 OK"
2026-03-13 14:55:10,578 [INFO] httpx: HTTP Request: POST https://api.telegram.org/bot8611683567:AAFcLxkFz7jJSkr7jhzas3Y1KHZI8CN8W8g/getUpdates "HTTP/1.1 200 OK"
2026-03-13 14:55:20,617 [INFO] httpx: HTTP Request: POST https://api.telegram.org/bot8611683567:AAFcLxkFz7jJSkr7jhzas3Y1KHZI8CN8W8g/getUpdates "HTTP/1.1 200 OK"
2026-03-13 14:55:30,677 [INFO] httpx: HTTP Request: POST https://api.telegram.org/bot8611683567:AAFcLxkFz7jJSkr7jhzas3Y1KHZI8CN8W8g/getUpdates "HTTP/1.1 200 OK"
2026-03-13 14:55:40,716 [INFO] httpx: HTTP Request: POST https://api.telegram.org/bot8611683567:AAFcLxkFz7jJSkr7jhzas3Y1KHZI8CN8W8g/getUpdates "HTTP/1.1 200 OK"
2026-03-13 14:55:50,757 [INFO] httpx: HTTP Request: POST https://api.telegram.org/bot8611683567:AAFcLxkFz7jJSkr7jhzas3Y1KHZI8CN8W8g/getUpdates "HTTP/1.1 200 OK"
2026-03-13 14:56:00,797 [INFO] httpx: HTTP Request: POST https://api.telegram.org/bot8611683567:AAFcLxkFz7jJSkr7jhzas3Y1KHZI8CN8W8g/getUpdates "HTTP/1.1 200 OK"
2026-03-13 14:56:10,834 [INFO] httpx: HTTP Request: POST https://api.telegram.org/bot8611683567:AAFcLxkFz7jJSkr7jhzas3Y1KHZI8CN8W8g/getUpdates "HTTP/1.1 200 OK"
2026-03-13 14:56:20,888 [INFO] httpx: HTTP Request: POST https://api.telegram.org/bot8611683567:AAFcLxkFz7jJSkr7jhzas3Y1KHZI8CN8W8g/getUpdates "HTTP/1.1 200 OK"
2026-03-13 14:56:30,935 [INFO] httpx: HTTP Request: POST https://api.telegram.org/bot8611683567:AAFcLxkFz7jJSkr7jhzas3Y1KHZI8CN8W8g/getUpdates "HTTP/1.1 200 OK"
2026-03-13 14:56:40,976 [INFO] httpx: HTTP Request: POST https://api.telegram.org/bot8611683567:AAFcLxkFz7jJSkr7jhzas3Y1KHZI8CN8W8g/getUpdates "HTTP/1.1 200 OK"
2026-03-13 14:56:51,019 [INFO] httpx: HTTP Request: POST https://api.telegram.org/bot8611683567:AAFcLxkFz7jJSkr7jhzas3Y1KHZI8CN8W8g/getUpdates "HTTP/1.1 200 OK"
2026-03-13 14:57:01,058 [INFO] httpx: HTTP Request: POST https://api.telegram.org/bot8611683567:AAFcLxkFz7jJSkr7jhzas3Y1KHZI8CN8W8g/getUpdates "HTTP/1.1 200 OK"
2026-03-13 14:57:11,119 [INFO] httpx: HTTP Request: POST https://api.telegram.org/bot8611683567:AAFcLxkFz7jJSkr7jhzas3Y1KHZI8CN8W8g/getUpdates "HTTP/1.1 200 OK"
2026-03-13 14:57:21,160 [INFO] httpx: HTTP Request: POST https://api.telegram.org/bot8611683567:AAFcLxkFz7jJSkr7jhzas3Y1KHZI8CN8W8g/getUpdates "HTTP/1.1 200 OK"
2026-03-13 14:57:31,196 [INFO] httpx: HTTP Request: POST https://api.telegram.org/bot8611683567:AAFcLxkFz7jJSkr7jhzas3Y1KHZI8CN8W8g/getUpdates "HTTP/1.1 200 OK"
2026-03-13 14:57:41,234 [INFO] httpx: HTTP Request: POST https://api.telegram.org/bot8611683567:AAFcLxkFz7jJSkr7jhzas3Y1KHZI8CN8W8g/getUpdates "HTTP/1.1 200 OK"
2026-03-13 14:57:51,276 [INFO] httpx: HTTP Request: POST https://api.telegram.org/bot8611683567:AAFcLxkFz7jJSkr7jhzas3Y1KHZI8CN8W8g/getUpdates "HTTP/1.1 200 OK"
2026-03-13 14:58:01,314 [INFO] httpx: HTTP Request: POST https://api.telegram.org/bot8611683567:AAFcLxkFz7jJSkr7jhzas3Y1KHZI8CN8W8g/getUpdates "HTTP/1.1 200 OK"
2026-03-13 14:58:11,348 [INFO] httpx: HTTP Request: POST https://api.telegram.org/bot8611683567:AAFcLxkFz7jJSkr7jhzas3Y1KHZI8CN8W8g/getUpdates "HTTP/1.1 200 OK"
2026-03-13 14:58:21,423 [INFO] httpx: HTTP Request: POST https://api.telegram.org/bot8611683567:AAFcLxkFz7jJSkr7jhzas3Y1KHZI8CN8W8g/getUpdates "HTTP/1.1 200 OK"
2026-03-13 14:58:31,461 [INFO] httpx: HTTP Request: POST https://api.telegram.org/bot8611683567:AAFcLxkFz7jJSkr7jhzas3Y1KHZI8CN8W8g/getUpdates "HTTP/1.1 200 OK"
2026-03-13 14:58:41,507 [INFO] httpx: HTTP Request: POST https://api.telegram.org/bot8611683567:AAFcLxkFz7jJSkr7jhzas3Y1KHZI8CN8W8g/getUpdates "HTTP/1.1 200 OK"
2026-03-13 14:58:51,555 [INFO] httpx: HTTP Request: POST https://api.telegram.org/bot8611683567:AAFcLxkFz7jJSkr7jhzas3Y1KHZI8CN8W8g/getUpdates "HTTP/1.1 200 OK"
2026-03-13 14:59:01,598 [INFO] httpx: HTTP Request: POST https://api.telegram.org/bot8611683567:AAFcLxkFz7jJSkr7jhzas3Y1KHZI8CN8W8g/getUpdates "HTTP/1.1 200 OK"
2026-03-13 14:59:11,771 [INFO] httpx: HTTP Request: POST https://api.telegram.org/bot8611683567:AAFcLxkFz7jJSkr7jhzas3Y1KHZI8CN8W8g/getUpdates "HTTP/1.1 200 OK"
2026-03-13 14:59:21,817 [INFO] httpx: HTTP Request: POST https://api.telegram.org/bot8611683567:AAFcLxkFz7jJSkr7jhzas3Y1KHZI8CN8W8g/getUpdates "HTTP/1.1 200 OK"
2026-03-13 14:59:31,857 [INFO] httpx: HTTP Request: POST https://api.telegram.org/bot8611683567:AAFcLxkFz7jJSkr7jhzas3Y1KHZI8CN8W8g/getUpdates "HTTP/1.1 200 OK"
2026-03-13 14:59:41,903 [INFO] httpx: HTTP Request: POST https://api.telegram.org/bot8611683567:AAFcLxkFz7jJSkr7jhzas3Y1KHZI8CN8W8g/getUpdates "HTTP/1.1 200 OK"
2026-03-13 14:59:51,942 [INFO] httpx: HTTP Request: POST https://api.telegram.org/bot8611683567:AAFcLxkFz7jJSkr7jhzas3Y1KHZI8CN8W8g/getUpdates "HTTP/1.1 200 OK"
2026-03-13 15:00:01,984 [INFO] httpx: HTTP Request: POST https://api.telegram.org/bot8611683567:AAFcLxkFz7jJSkr7jhzas3Y1KHZI8CN8W8g/getUpdates "HTTP/1.1 200 OK"
2026-03-13 15:00:12,031 [INFO] httpx: HTTP Request: POST https://api.telegram.org/bot8611683567:AAFcLxkFz7jJSkr7jhzas3Y1KHZI8CN8W8g/getUpdates "HTTP/1.1 200 OK"
2026-03-13 15:00:22,071 [INFO] httpx: HTTP Request: POST https://api.telegram.org/bot8611683567:AAFcLxkFz7jJSkr7jhzas3Y1KHZI8CN8W8g/getUpdates "HTTP/1.1 200 OK"
2026-03-13 15:00:32,110 [INFO] httpx: HTTP Request: POST https://api.telegram.org/bot8611683567:AAFcLxkFz7jJSkr7jhzas3Y1KHZI8CN8W8g/getUpdates "HTTP/1.1 200 OK"
2026-03-13 15:00:42,146 [INFO] httpx: HTTP Request: POST https://api.telegram.org/bot8611683567:AAFcLxkFz7jJSkr7jhzas3Y1KHZI8CN8W8g/getUpdates "HTTP/1.1 200 OK"
2026-03-13 15:00:52,187 [INFO] httpx: HTTP Request: POST https://api.telegram.org/bot8611683567:AAFcLxkFz7jJSkr7jhzas3Y1KHZI8CN8W8g/getUpdates "HTTP/1.1 200 OK"
2026-03-13 15:01:02,227 [INFO] httpx: HTTP Request: POST https://api.telegram.org/bot8611683567:AAFcLxkFz7jJSkr7jhzas3Y1KHZI8CN8W8g/getUpdates "HTTP/1.1 200 OK"
2026-03-13 15:01:12,271 [INFO] httpx: HTTP Request: POST https://api.telegram.org/bot8611683567:AAFcLxkFz7jJSkr7jhzas3Y1KHZI8CN8W8g/getUpdates "HTTP/1.1 200 OK"
2026-03-13 15:01:22,313 [INFO] httpx: HTTP Request: POST https://api.telegram.org/bot8611683567:AAFcLxkFz7jJSkr7jhzas3Y1KHZI8CN8W8g/getUpdates "HTTP/1.1 200 OK"
2026-03-13 15:01:32,353 [INFO] httpx: HTTP Request: POST https://api.telegram.org/bot8611683567:AAFcLxkFz7jJSkr7jhzas3Y1KHZI8CN8W8g/getUpdates "HTTP/1.1 200 OK"
2026-03-13 15:01:42,394 [INFO] httpx: HTTP Request: POST https://api.telegram.org/bot8611683567:AAFcLxkFz7jJSkr7jhzas3Y1KHZI8CN8W8g/getUpdates "HTTP/1.1 200 OK"
2026-03-13 15:01:52,446 [INFO] httpx: HTTP Request: POST https://api.telegram.org/bot8611683567:AAFcLxkFz7jJSkr7jhzas3Y1KHZI8CN8W8g/getUpdates "HTTP/1.1 200 OK"
2026-03-13 15:02:02,482 [INFO] httpx: HTTP Request: POST https://api.telegram.org/bot8611683567:AAFcLxkFz7jJSkr7jhzas3Y1KHZI8CN8W8g/getUpdates "HTTP/1.1 200 OK"
2026-03-13 15:02:12,523 [INFO] httpx: HTTP Request: POST https://api.telegram.org/bot8611683567:AAFcLxkFz7jJSkr7jhzas3Y1KHZI8CN8W8g/getUpdates "HTTP/1.1 200 OK"
2026-03-13 15:02:22,561 [INFO] httpx: HTTP Request: POST https://api.telegram.org/bot8611683567:AAFcLxkFz7jJSkr7jhzas3Y1KHZI8CN8W8g/getUpdates "HTTP/1.1 200 OK"
2026-03-13 15:02:32,600 [INFO] httpx: HTTP Request: POST https://api.telegram.org/bot8611683567:AAFcLxkFz7jJSkr7jhzas3Y1KHZI8CN8W8g/getUpdates "HTTP/1.1 200 OK"
2026-03-13 15:02:42,639 [INFO] httpx: HTTP Request: POST https://api.telegram.org/bot8611683567:AAFcLxkFz7jJSkr7jhzas3Y1KHZI8CN8W8g/getUpdates "HTTP/1.1 200 OK"
2026-03-13 15:02:52,680 [INFO] httpx: HTTP Request: POST https://api.telegram.org/bot8611683567:AAFcLxkFz7jJSkr7jhzas3Y1KHZI8CN8W8g/getUpdates "HTTP/1.1 200 OK"
2026-03-13 15:03:02,716 [INFO] httpx: HTTP Request: POST https://api.telegram.org/bot8611683567:AAFcLxkFz7jJSkr7jhzas3Y1KHZI8CN8W8g/getUpdates "HTTP/1.1 200 OK"
2026-03-13 15:03:12,755 [INFO] httpx: HTTP Request: POST https://api.telegram.org/bot8611683567:AAFcLxkFz7jJSkr7jhzas3Y1KHZI8CN8W8g/getUpdates "HTTP/1.1 200 OK"
2026-03-13 15:03:22,795 [INFO] httpx: HTTP Request: POST https://api.telegram.org/bot8611683567:AAFcLxkFz7jJSkr7jhzas3Y1KHZI8CN8W8g/getUpdates "HTTP/1.1 200 OK"
2026-03-13 15:03:32,830 [INFO] httpx: HTTP Request: POST https://api.telegram.org/bot8611683567:AAFcLxkFz7jJSkr7jhzas3Y1KHZI8CN8W8g/getUpdates "HTTP/1.1 200 OK"
2026-03-13 15:03:42,864 [INFO] httpx: HTTP Request: POST https://api.telegram.org/bot8611683567:AAFcLxkFz7jJSkr7jhzas3Y1KHZI8CN8W8g/getUpdates "HTTP/1.1 200 OK"
2026-03-13 15:03:52,903 [INFO] httpx: HTTP Request: POST https://api.telegram.org/bot8611683567:AAFcLxkFz7jJSkr7jhzas3Y1KHZI8CN8W8g/getUpdates "HTTP/1.1 200 OK"
2026-03-13 15:04:02,946 [INFO] httpx: HTTP Request: POST https://api.telegram.org/bot8611683567:AAFcLxkFz7jJSkr7jhzas3Y1KHZI8CN8W8g/getUpdates "HTTP/1.1 200 OK"
2026-03-13 15:04:06,084 [INFO] httpx: HTTP Request: POST https://api.telegram.org/bot8611683567:AAFcLxkFz7jJSkr7jhzas3Y1KHZI8CN8W8g/getUpdates "HTTP/1.1 200 OK"
2026-03-13 15:04:06,086 [INFO] telegram.ext.Application: Application is stopping. This might take a moment.
2026-03-13 15:04:06,086 [INFO] apscheduler.scheduler: Scheduler has been shut down
2026-03-13 15:04:06,112 [INFO] telegram.ext.Application: Application.stop() complete
2026-03-13 15:04:06,113 [INFO] apscheduler.scheduler: Scheduler has been shut down
2026-03-13 15:04:11,441 [INFO] __main__: ✅ БД готова
2026-03-13 15:04:11,884 [INFO] apscheduler.scheduler: Adding job tentatively -- it will be properly scheduled when the scheduler starts
2026-03-13 15:04:11,885 [INFO] __main__: 🤖 Бот запущен!
2026-03-13 15:04:12,079 [INFO] httpx: HTTP Request: POST https://api.telegram.org/bot8611683567:AAFcLxkFz7jJSkr7jhzas3Y1KHZI8CN8W8g/getMe "HTTP/1.1 200 OK"
2026-03-13 15:04:12,081 [INFO] apscheduler.scheduler: Added job "main.<locals>.<lambda>" to job store "default"
2026-03-13 15:04:12,081 [INFO] apscheduler.scheduler: Scheduler started
2026-03-13 15:04:12,081 [INFO] __main__: ⏰ Планировщик: каждые 30 мин
2026-03-13 15:04:20,234 [INFO] httpx: HTTP Request: POST https://api.telegram.org/bot8611683567:AAFcLxkFz7jJSkr7jhzas3Y1KHZI8CN8W8g/sendMessage "HTTP/1.1 200 OK"
2026-03-13 15:04:20,237 [INFO] __main__: ▶️  Проверка [13.03.2026 15:04]
2026-03-13 15:04:27,203 [INFO] scrapers.novatours: Novatours: токен получен (03096e2114...)
2026-03-13 15:04:28,698 [INFO] scrapers.novatours: Novatours: 10 отелей с ценами
2026-03-13 15:04:35,038 [INFO] __main__: Novatours: 10 туров до фильтра
2026-03-13 15:04:35,039 [INFO] __main__: Итого до фильтра: 10
2026-03-13 15:04:35,048 [INFO] __main__: 🔥 Новых горящих: 1
2026-03-13 15:04:35,210 [INFO] httpx: HTTP Request: POST https://api.telegram.org/bot8611683567:AAFcLxkFz7jJSkr7jhzas3Y1KHZI8CN8W8g/sendPhoto "HTTP/1.1 200 OK"
2026-03-13 15:04:35,304 [INFO] httpx: HTTP Request: POST https://api.telegram.org/bot8611683567:AAFcLxkFz7jJSkr7jhzas3Y1KHZI8CN8W8g/deleteWebhook "HTTP/1.1 200 OK"
2026-03-13 15:04:35,307 [INFO] apscheduler.scheduler: Scheduler started
2026-03-13 15:04:35,308 [INFO] telegram.ext.Application: Application started
2026-03-13 15:04:45,418 [INFO] httpx: HTTP Request: POST https://api.telegram.org/bot8611683567:AAFcLxkFz7jJSkr7jhzas3Y1KHZI8CN8W8g/getUpdates "HTTP/1.1 200 OK"
2026-03-13 15:04:55,462 [INFO] httpx: HTTP Request: POST https://api.telegram.org/bot8611683567:AAFcLxkFz7jJSkr7jhzas3Y1KHZI8CN8W8g/getUpdates "HTTP/1.1 200 OK"
2026-03-13 15:05:05,501 [INFO] httpx: HTTP Request: POST https://api.telegram.org/bot8611683567:AAFcLxkFz7jJSkr7jhzas3Y1KHZI8CN8W8g/getUpdates "HTTP/1.1 200 OK"
2026-03-13 15:05:15,543 [INFO] httpx: HTTP Request: POST https://api.telegram.org/bot8611683567:AAFcLxkFz7jJSkr7jhzas3Y1KHZI8CN8W8g/getUpdates "HTTP/1.1 200 OK"
2026-03-13 15:05:25,581 [INFO] httpx: HTTP Request: POST https://api.telegram.org/bot8611683567:AAFcLxkFz7jJSkr7jhzas3Y1KHZI8CN8W8g/getUpdates "HTTP/1.1 200 OK"
2026-03-13 15:05:35,629 [INFO] httpx: HTTP Request: POST https://api.telegram.org/bot8611683567:AAFcLxkFz7jJSkr7jhzas3Y1KHZI8CN8W8g/getUpdates "HTTP/1.1 200 OK"
2026-03-13 15:05:45,680 [INFO] httpx: HTTP Request: POST https://api.telegram.org/bot8611683567:AAFcLxkFz7jJSkr7jhzas3Y1KHZI8CN8W8g/getUpdates "HTTP/1.1 200 OK"
2026-03-13 15:05:55,717 [INFO] httpx: HTTP Request: POST https://api.telegram.org/bot8611683567:AAFcLxkFz7jJSkr7jhzas3Y1KHZI8CN8W8g/getUpdates "HTTP/1.1 200 OK"
2026-03-13 15:06:05,757 [INFO] httpx: HTTP Request: POST https://api.telegram.org/bot8611683567:AAFcLxkFz7jJSkr7jhzas3Y1KHZI8CN8W8g/getUpdates "HTTP/1.1 200 OK"
2026-03-13 15:06:15,800 [INFO] httpx: HTTP Request: POST https://api.telegram.org/bot8611683567:AAFcLxkFz7jJSkr7jhzas3Y1KHZI8CN8W8g/getUpdates "HTTP/1.1 200 OK"
2026-03-13 15:06:25,842 [INFO] httpx: HTTP Request: POST https://api.telegram.org/bot8611683567:AAFcLxkFz7jJSkr7jhzas3Y1KHZI8CN8W8g/getUpdates "HTTP/1.1 200 OK"
2026-03-13 15:06:35,887 [INFO] httpx: HTTP Request: POST https://api.telegram.org/bot8611683567:AAFcLxkFz7jJSkr7jhzas3Y1KHZI8CN8W8g/getUpdates "HTTP/1.1 200 OK"
2026-03-13 15:06:45,927 [INFO] httpx: HTTP Request: POST https://api.telegram.org/bot8611683567:AAFcLxkFz7jJSkr7jhzas3Y1KHZI8CN8W8g/getUpdates "HTTP/1.1 200 OK"
2026-03-13 15:06:55,966 [INFO] httpx: HTTP Request: POST https://api.telegram.org/bot8611683567:AAFcLxkFz7jJSkr7jhzas3Y1KHZI8CN8W8g/getUpdates "HTTP/1.1 200 OK"
2026-03-13 15:07:06,015 [INFO] httpx: HTTP Request: POST https://api.telegram.org/bot8611683567:AAFcLxkFz7jJSkr7jhzas3Y1KHZI8CN8W8g/getUpdates "HTTP/1.1 200 OK"
2026-03-13 15:07:16,058 [INFO] httpx: HTTP Request: POST https://api.telegram.org/bot8611683567:AAFcLxkFz7jJSkr7jhzas3Y1KHZI8CN8W8g/getUpdates "HTTP/1.1 200 OK"
2026-03-13 15:07:26,098 [INFO] httpx: HTTP Request: POST https://api.telegram.org/bot8611683567:AAFcLxkFz7jJSkr7jhzas3Y1KHZI8CN8W8g/getUpdates "HTTP/1.1 200 OK"
2026-03-13 15:07:36,134 [INFO] httpx: HTTP Request: POST https://api.telegram.org/bot8611683567:AAFcLxkFz7jJSkr7jhzas3Y1KHZI8CN8W8g/getUpdates "HTTP/1.1 200 OK"
2026-03-13 15:07:46,175 [INFO] httpx: HTTP Request: POST https://api.telegram.org/bot8611683567:AAFcLxkFz7jJSkr7jhzas3Y1KHZI8CN8W8g/getUpdates "HTTP/1.1 200 OK"
2026-03-13 15:07:56,214 [INFO] httpx: HTTP Request: POST https://api.telegram.org/bot8611683567:AAFcLxkFz7jJSkr7jhzas3Y1KHZI8CN8W8g/getUpdates "HTTP/1.1 200 OK"
2026-03-13 15:08:06,250 [INFO] httpx: HTTP Request: POST https://api.telegram.org/bot8611683567:AAFcLxkFz7jJSkr7jhzas3Y1KHZI8CN8W8g/getUpdates "HTTP/1.1 200 OK"
2026-03-13 15:08:16,293 [INFO] httpx: HTTP Request: POST https://api.telegram.org/bot8611683567:AAFcLxkFz7jJSkr7jhzas3Y1KHZI8CN8W8g/getUpdates "HTTP/1.1 200 OK"
2026-03-13 15:08:26,337 [INFO] httpx: HTTP Request: POST https://api.telegram.org/bot8611683567:AAFcLxkFz7jJSkr7jhzas3Y1KHZI8CN8W8g/getUpdates "HTTP/1.1 200 OK"
2026-03-13 15:08:36,374 [INFO] httpx: HTTP Request: POST https://api.telegram.org/bot8611683567:AAFcLxkFz7jJSkr7jhzas3Y1KHZI8CN8W8g/getUpdates "HTTP/1.1 200 OK"
2026-03-13 15:08:46,414 [INFO] httpx: HTTP Request: POST https://api.telegram.org/bot8611683567:AAFcLxkFz7jJSkr7jhzas3Y1KHZI8CN8W8g/getUpdates "HTTP/1.1 200 OK"
2026-03-13 15:08:56,454 [INFO] httpx: HTTP Request: POST https://api.telegram.org/bot8611683567:AAFcLxkFz7jJSkr7jhzas3Y1KHZI8CN8W8g/getUpdates "HTTP/1.1 200 OK"
2026-03-13 15:09:06,502 [INFO] httpx: HTTP Request: POST https://api.telegram.org/bot8611683567:AAFcLxkFz7jJSkr7jhzas3Y1KHZI8CN8W8g/getUpdates "HTTP/1.1 200 OK"
2026-03-13 15:09:16,542 [INFO] httpx: HTTP Request: POST https://api.telegram.org/bot8611683567:AAFcLxkFz7jJSkr7jhzas3Y1KHZI8CN8W8g/getUpdates "HTTP/1.1 200 OK"
2026-03-13 15:09:26,578 [INFO] httpx: HTTP Request: POST https://api.telegram.org/bot8611683567:AAFcLxkFz7jJSkr7jhzas3Y1KHZI8CN8W8g/getUpdates "HTTP/1.1 200 OK"
2026-03-13 15:09:36,616 [INFO] httpx: HTTP Request: POST https://api.telegram.org/bot8611683567:AAFcLxkFz7jJSkr7jhzas3Y1KHZI8CN8W8g/getUpdates "HTTP/1.1 200 OK"
2026-03-13 15:09:46,655 [INFO] httpx: HTTP Request: POST https://api.telegram.org/bot8611683567:AAFcLxkFz7jJSkr7jhzas3Y1KHZI8CN8W8g/getUpdates "HTTP/1.1 200 OK"
2026-03-13 15:09:56,695 [INFO] httpx: HTTP Request: POST https://api.telegram.org/bot8611683567:AAFcLxkFz7jJSkr7jhzas3Y1KHZI8CN8W8g/getUpdates "HTTP/1.1 200 OK"
2026-03-13 15:10:06,741 [INFO] httpx: HTTP Request: POST https://api.telegram.org/bot8611683567:AAFcLxkFz7jJSkr7jhzas3Y1KHZI8CN8W8g/getUpdates "HTTP/1.1 200 OK"
2026-03-13 15:10:16,778 [INFO] httpx: HTTP Request: POST https://api.telegram.org/bot8611683567:AAFcLxkFz7jJSkr7jhzas3Y1KHZI8CN8W8g/getUpdates "HTTP/1.1 200 OK"
2026-03-13 15:10:26,814 [INFO] httpx: HTTP Request: POST https://api.telegram.org/bot8611683567:AAFcLxkFz7jJSkr7jhzas3Y1KHZI8CN8W8g/getUpdates "HTTP/1.1 200 OK"
2026-03-13 15:10:36,852 [INFO] httpx: HTTP Request: POST https://api.telegram.org/bot8611683567:AAFcLxkFz7jJSkr7jhzas3Y1KHZI8CN8W8g/getUpdates "HTTP/1.1 200 OK"
2026-03-13 15:10:46,888 [INFO] httpx: HTTP Request: POST https://api.telegram.org/bot8611683567:AAFcLxkFz7jJSkr7jhzas3Y1KHZI8CN8W8g/getUpdates "HTTP/1.1 200 OK"
2026-03-13 15:10:56,927 [INFO] httpx: HTTP Request: POST https://api.telegram.org/bot8611683567:AAFcLxkFz7jJSkr7jhzas3Y1KHZI8CN8W8g/getUpdates "HTTP/1.1 200 OK"
2026-03-13 15:11:06,973 [INFO] httpx: HTTP Request: POST https://api.telegram.org/bot8611683567:AAFcLxkFz7jJSkr7jhzas3Y1KHZI8CN8W8g/getUpdates "HTTP/1.1 200 OK"
2026-03-13 15:11:17,011 [INFO] httpx: HTTP Request: POST https://api.telegram.org/bot8611683567:AAFcLxkFz7jJSkr7jhzas3Y1KHZI8CN8W8g/getUpdates "HTTP/1.1 200 OK"
2026-03-13 15:11:27,053 [INFO] httpx: HTTP Request: POST https://api.telegram.org/bot8611683567:AAFcLxkFz7jJSkr7jhzas3Y1KHZI8CN8W8g/getUpdates "HTTP/1.1 200 OK"
2026-03-13 15:11:37,089 [INFO] httpx: HTTP Request: POST https://api.telegram.org/bot8611683567:AAFcLxkFz7jJSkr7jhzas3Y1KHZI8CN8W8g/getUpdates "HTTP/1.1 200 OK"
2026-03-13 15:11:47,128 [INFO] httpx: HTTP Request: POST https://api.telegram.org/bot8611683567:AAFcLxkFz7jJSkr7jhzas3Y1KHZI8CN8W8g/getUpdates "HTTP/1.1 200 OK"
2026-03-13 15:11:57,211 [INFO] httpx: HTTP Request: POST https://api.telegram.org/bot8611683567:AAFcLxkFz7jJSkr7jhzas3Y1KHZI8CN8W8g/getUpdates "HTTP/1.1 200 OK"
2026-03-13 15:12:07,254 [INFO] httpx: HTTP Request: POST https://api.telegram.org/bot8611683567:AAFcLxkFz7jJSkr7jhzas3Y1KHZI8CN8W8g/getUpdates "HTTP/1.1 200 OK"
2026-03-13 15:12:17,304 [INFO] httpx: HTTP Request: POST https://api.telegram.org/bot8611683567:AAFcLxkFz7jJSkr7jhzas3Y1KHZI8CN8W8g/getUpdates "HTTP/1.1 200 OK"
2026-03-13 15:12:27,341 [INFO] httpx: HTTP Request: POST https://api.telegram.org/bot8611683567:AAFcLxkFz7jJSkr7jhzas3Y1KHZI8CN8W8g/getUpdates "HTTP/1.1 200 OK"
2026-03-13 15:12:33,789 [INFO] httpx: HTTP Request: POST https://api.telegram.org/bot8611683567:AAFcLxkFz7jJSkr7jhzas3Y1KHZI8CN8W8g/getUpdates "HTTP/1.1 200 OK"
2026-03-13 15:12:33,790 [INFO] telegram.ext.Application: Application is stopping. This might take a moment.
2026-03-13 15:12:33,791 [INFO] apscheduler.scheduler: Scheduler has been shut down
2026-03-13 15:12:33,810 [INFO] telegram.ext.Application: Application.stop() complete
2026-03-13 15:12:33,812 [INFO] apscheduler.scheduler: Scheduler has been shut down
2026-03-14 07:48:57,284 [INFO] __main__: ✅ БД готова
2026-03-14 07:48:57,772 [INFO] apscheduler.scheduler: Adding job tentatively -- it will be properly scheduled when the scheduler starts
2026-03-14 07:48:57,772 [INFO] __main__: 🤖 Бот запущен!
2026-03-14 07:48:57,954 [INFO] httpx: HTTP Request: POST https://api.telegram.org/bot8611683567:AAFcLxkFz7jJSkr7jhzas3Y1KHZI8CN8W8g/getMe "HTTP/1.1 200 OK"
2026-03-14 07:48:57,957 [INFO] apscheduler.scheduler: Added job "main.<locals>.<lambda>" to job store "default"
2026-03-14 07:48:57,957 [INFO] apscheduler.scheduler: Scheduler started
2026-03-14 07:48:57,958 [INFO] __main__: ⏰ Планировщик: каждые 30 мин
2026-03-14 07:49:06,108 [INFO] httpx: HTTP Request: POST https://api.telegram.org/bot8611683567:AAFcLxkFz7jJSkr7jhzas3Y1KHZI8CN8W8g/sendMessage "HTTP/1.1 200 OK"
2026-03-14 07:49:06,110 [INFO] __main__: ▶️  Проверка [14.03.2026 07:49]
2026-03-14 07:49:13,278 [INFO] scrapers.novatours: Novatours: токен получен (03096e2114...)
2026-03-14 07:49:14,703 [INFO] scrapers.novatours: Novatours: 10 отелей с ценами
2026-03-14 07:49:20,365 [INFO] __main__: Novatours: 10 туров до фильтра
2026-03-14 07:49:20,365 [INFO] __main__: Итого до фильтра: 10
2026-03-14 07:49:20,366 [INFO] __main__: 🔥 Новых горящих: 0
2026-03-14 07:49:20,569 [INFO] httpx: HTTP Request: POST https://api.telegram.org/bot8611683567:AAFcLxkFz7jJSkr7jhzas3Y1KHZI8CN8W8g/deleteWebhook "HTTP/1.1 200 OK"
2026-03-14 07:49:20,573 [INFO] apscheduler.scheduler: Scheduler started
2026-03-14 07:49:20,574 [INFO] telegram.ext.Application: Application started
2026-03-14 07:49:20,776 [INFO] httpx: HTTP Request: POST https://api.telegram.org/bot8611683567:AAFcLxkFz7jJSkr7jhzas3Y1KHZI8CN8W8g/getUpdates "HTTP/1.1 200 OK"
2026-03-14 07:49:20,846 [INFO] httpx: HTTP Request: POST https://api.telegram.org/bot8611683567:AAFcLxkFz7jJSkr7jhzas3Y1KHZI8CN8W8g/sendMessage "HTTP/1.1 200 OK"
2026-03-14 07:49:20,992 [INFO] httpx: HTTP Request: POST https://api.telegram.org/bot8611683567:AAFcLxkFz7jJSkr7jhzas3Y1KHZI8CN8W8g/sendMessage "HTTP/1.1 200 OK"
2026-03-14 07:49:20,995 [INFO] __main__: ▶️  Проверка [14.03.2026 07:49]
2026-03-14 07:49:21,596 [INFO] scrapers.novatours: Novatours: 10 отелей с ценами
2026-03-14 07:49:22,624 [INFO] __main__: Novatours: 10 туров до фильтра
2026-03-14 07:49:22,624 [INFO] __main__: Итого до фильтра: 10
2026-03-14 07:49:22,625 [INFO] __main__: 🔥 Новых горящих: 0
2026-03-14 07:49:22,697 [INFO] httpx: HTTP Request: POST https://api.telegram.org/bot8611683567:AAFcLxkFz7jJSkr7jhzas3Y1KHZI8CN8W8g/sendMessage "HTTP/1.1 200 OK"
2026-03-14 07:49:22,880 [INFO] httpx: HTTP Request: POST https://api.telegram.org/bot8611683567:AAFcLxkFz7jJSkr7jhzas3Y1KHZI8CN8W8g/sendMessage "HTTP/1.1 200 OK"
2026-03-14 07:49:23,041 [INFO] httpx: HTTP Request: POST https://api.telegram.org/bot8611683567:AAFcLxkFz7jJSkr7jhzas3Y1KHZI8CN8W8g/sendMessage "HTTP/1.1 200 OK"
2026-03-14 07:49:23,043 [INFO] __main__: ▶️  Проверка [14.03.2026 07:49]
2026-03-14 07:49:23,604 [INFO] scrapers.novatours: Novatours: 10 отелей с ценами
2026-03-14 07:49:24,123 [INFO] __main__: Novatours: 10 туров до фильтра
2026-03-14 07:49:24,124 [INFO] __main__: Итого до фильтра: 10
2026-03-14 07:49:24,124 [INFO] __main__: 🔥 Новых горящих: 0
2026-03-14 07:49:24,183 [INFO] httpx: HTTP Request: POST https://api.telegram.org/bot8611683567:AAFcLxkFz7jJSkr7jhzas3Y1KHZI8CN8W8g/sendMessage "HTTP/1.1 200 OK"
2026-03-14 07:49:24,259 [INFO] httpx: HTTP Request: POST https://api.telegram.org/bot8611683567:AAFcLxkFz7jJSkr7jhzas3Y1KHZI8CN8W8g/sendMessage "HTTP/1.1 200 OK"
2026-03-14 07:49:24,324 [INFO] httpx: HTTP Request: POST https://api.telegram.org/bot8611683567:AAFcLxkFz7jJSkr7jhzas3Y1KHZI8CN8W8g/sendMessage "HTTP/1.1 200 OK"
2026-03-14 07:49:24,327 [INFO] __main__: ▶️  Проверка [14.03.2026 07:49]
2026-03-14 07:49:24,902 [INFO] scrapers.novatours: Novatours: 10 отелей с ценами
2026-03-14 07:49:25,397 [INFO] __main__: Novatours: 10 туров до фильтра
2026-03-14 07:49:25,397 [INFO] __main__: Итого до фильтра: 10
2026-03-14 07:49:25,398 [INFO] __main__: 🔥 Новых горящих: 0
2026-03-14 07:49:25,463 [INFO] httpx: HTTP Request: POST https://api.telegram.org/bot8611683567:AAFcLxkFz7jJSkr7jhzas3Y1KHZI8CN8W8g/sendMessage "HTTP/1.1 200 OK"
2026-03-14 07:49:30,822 [INFO] httpx: HTTP Request: POST https://api.telegram.org/bot8611683567:AAFcLxkFz7jJSkr7jhzas3Y1KHZI8CN8W8g/getUpdates "HTTP/1.1 200 OK"
2026-03-14 07:49:40,864 [INFO] httpx: HTTP Request: POST https://api.telegram.org/bot8611683567:AAFcLxkFz7jJSkr7jhzas3Y1KHZI8CN8W8g/getUpdates "HTTP/1.1 200 OK"
2026-03-14 07:49:50,903 [INFO] httpx: HTTP Request: POST https://api.telegram.org/bot8611683567:AAFcLxkFz7jJSkr7jhzas3Y1KHZI8CN8W8g/getUpdates "HTTP/1.1 200 OK"
2026-03-14 07:50:00,944 [INFO] httpx: HTTP Request: POST https://api.telegram.org/bot8611683567:AAFcLxkFz7jJSkr7jhzas3Y1KHZI8CN8W8g/getUpdates "HTTP/1.1 200 OK"
2026-03-14 07:50:10,987 [INFO] httpx: HTTP Request: POST https://api.telegram.org/bot8611683567:AAFcLxkFz7jJSkr7jhzas3Y1KHZI8CN8W8g/getUpdates "HTTP/1.1 200 OK"
2026-03-14 07:50:21,026 [INFO] httpx: HTTP Request: POST https://api.telegram.org/bot8611683567:AAFcLxkFz7jJSkr7jhzas3Y1KHZI8CN8W8g/getUpdates "HTTP/1.1 200 OK"
2026-03-14 07:50:31,065 [INFO] httpx: HTTP Request: POST https://api.telegram.org/bot8611683567:AAFcLxkFz7jJSkr7jhzas3Y1KHZI8CN8W8g/getUpdates "HTTP/1.1 200 OK"
2026-03-14 07:50:41,100 [INFO] httpx: HTTP Request: POST https://api.telegram.org/bot8611683567:AAFcLxkFz7jJSkr7jhzas3Y1KHZI8CN8W8g/getUpdates "HTTP/1.1 200 OK"
2026-03-14 07:50:51,144 [INFO] httpx: HTTP Request: POST https://api.telegram.org/bot8611683567:AAFcLxkFz7jJSkr7jhzas3Y1KHZI8CN8W8g/getUpdates "HTTP/1.1 200 OK"
2026-03-14 07:51:01,181 [INFO] httpx: HTTP Request: POST https://api.telegram.org/bot8611683567:AAFcLxkFz7jJSkr7jhzas3Y1KHZI8CN8W8g/getUpdates "HTTP/1.1 200 OK"
2026-03-14 07:51:11,220 [INFO] httpx: HTTP Request: POST https://api.telegram.org/bot8611683567:AAFcLxkFz7jJSkr7jhzas3Y1KHZI8CN8W8g/getUpdates "HTTP/1.1 200 OK"
2026-03-14 07:51:21,259 [INFO] httpx: HTTP Request: POST https://api.telegram.org/bot8611683567:AAFcLxkFz7jJSkr7jhzas3Y1KHZI8CN8W8g/getUpdates "HTTP/1.1 200 OK"
2026-03-14 07:51:31,296 [INFO] httpx: HTTP Request: POST https://api.telegram.org/bot8611683567:AAFcLxkFz7jJSkr7jhzas3Y1KHZI8CN8W8g/getUpdates "HTTP/1.1 200 OK"
2026-03-14 07:51:41,336 [INFO] httpx: HTTP Request: POST https://api.telegram.org/bot8611683567:AAFcLxkFz7jJSkr7jhzas3Y1KHZI8CN8W8g/getUpdates "HTTP/1.1 200 OK"
2026-03-14 07:51:51,373 [INFO] httpx: HTTP Request: POST https://api.telegram.org/bot8611683567:AAFcLxkFz7jJSkr7jhzas3Y1KHZI8CN8W8g/getUpdates "HTTP/1.1 200 OK"
2026-03-14 07:52:01,416 [INFO] httpx: HTTP Request: POST https://api.telegram.org/bot8611683567:AAFcLxkFz7jJSkr7jhzas3Y1KHZI8CN8W8g/getUpdates "HTTP/1.1 200 OK"
2026-03-14 07:52:11,572 [INFO] httpx: HTTP Request: POST https://api.telegram.org/bot8611683567:AAFcLxkFz7jJSkr7jhzas3Y1KHZI8CN8W8g/getUpdates "HTTP/1.1 200 OK"
2026-03-14 07:52:15,233 [INFO] httpx: HTTP Request: POST https://api.telegram.org/bot8611683567:AAFcLxkFz7jJSkr7jhzas3Y1KHZI8CN8W8g/getUpdates "HTTP/1.1 200 OK"
2026-03-14 07:52:15,235 [INFO] telegram.ext.Application: Application is stopping. This might take a moment.
2026-03-14 07:52:15,236 [INFO] apscheduler.scheduler: Scheduler has been shut down
2026-03-14 07:52:15,255 [INFO] telegram.ext.Application: Application.stop() complete
2026-03-14 07:52:15,257 [INFO] apscheduler.scheduler: Scheduler has been shut down
2026-03-14 07:52:19,281 [INFO] __main__: ✅ БД готова
2026-03-14 07:52:19,711 [INFO] apscheduler.scheduler: Adding job tentatively -- it will be properly scheduled when the scheduler starts
2026-03-14 07:52:19,712 [INFO] __main__: 🤖 Бот запущен!
2026-03-14 07:52:19,881 [INFO] httpx: HTTP Request: POST https://api.telegram.org/bot8611683567:AAFcLxkFz7jJSkr7jhzas3Y1KHZI8CN8W8g/getMe "HTTP/1.1 200 OK"
2026-03-14 07:52:19,884 [INFO] apscheduler.scheduler: Added job "main.<locals>.<lambda>" to job store "default"
2026-03-14 07:52:19,884 [INFO] apscheduler.scheduler: Scheduler started
2026-03-14 07:52:19,884 [INFO] __main__: ⏰ Планировщик: каждые 30 мин
2026-03-14 07:52:28,053 [INFO] httpx: HTTP Request: POST https://api.telegram.org/bot8611683567:AAFcLxkFz7jJSkr7jhzas3Y1KHZI8CN8W8g/sendMessage "HTTP/1.1 200 OK"
2026-03-14 07:52:28,058 [INFO] __main__: ▶️  Проверка [14.03.2026 07:52]
2026-03-14 07:52:32,026 [INFO] scrapers.novatours: Novatours: токен получен (03096e2114...)
2026-03-14 07:52:32,536 [INFO] scrapers.novatours: Novatours: 10 отелей с ценами
2026-03-14 07:52:33,031 [INFO] __main__: Novatours: 10 туров до фильтра
2026-03-14 07:52:33,032 [INFO] __main__: Итого до фильтра: 10
2026-03-14 07:52:33,032 [INFO] __main__: 🔥 Новых горящих: 0
2026-03-14 07:52:33,068 [INFO] httpx: HTTP Request: POST https://api.telegram.org/bot8611683567:AAFcLxkFz7jJSkr7jhzas3Y1KHZI8CN8W8g/deleteWebhook "HTTP/1.1 200 OK"
2026-03-14 07:52:33,070 [INFO] apscheduler.scheduler: Scheduler started
2026-03-14 07:52:33,071 [INFO] telegram.ext.Application: Application started
2026-03-14 07:52:43,186 [INFO] httpx: HTTP Request: POST https://api.telegram.org/bot8611683567:AAFcLxkFz7jJSkr7jhzas3Y1KHZI8CN8W8g/getUpdates "HTTP/1.1 200 OK"
2026-03-14 07:52:53,227 [INFO] httpx: HTTP Request: POST https://api.telegram.org/bot8611683567:AAFcLxkFz7jJSkr7jhzas3Y1KHZI8CN8W8g/getUpdates "HTTP/1.1 200 OK"
2026-03-14 07:53:03,272 [INFO] httpx: HTTP Request: POST https://api.telegram.org/bot8611683567:AAFcLxkFz7jJSkr7jhzas3Y1KHZI8CN8W8g/getUpdates "HTTP/1.1 200 OK"
2026-03-14 07:53:13,310 [INFO] httpx: HTTP Request: POST https://api.telegram.org/bot8611683567:AAFcLxkFz7jJSkr7jhzas3Y1KHZI8CN8W8g/getUpdates "HTTP/1.1 200 OK"
2026-03-14 07:53:23,348 [INFO] httpx: HTTP Request: POST https://api.telegram.org/bot8611683567:AAFcLxkFz7jJSkr7jhzas3Y1KHZI8CN8W8g/getUpdates "HTTP/1.1 200 OK"
2026-03-14 07:53:33,389 [INFO] httpx: HTTP Request: POST https://api.telegram.org/bot8611683567:AAFcLxkFz7jJSkr7jhzas3Y1KHZI8CN8W8g/getUpdates "HTTP/1.1 200 OK"
2026-03-14 07:53:43,427 [INFO] httpx: HTTP Request: POST https://api.telegram.org/bot8611683567:AAFcLxkFz7jJSkr7jhzas3Y1KHZI8CN8W8g/getUpdates "HTTP/1.1 200 OK"
2026-03-14 07:53:53,464 [INFO] httpx: HTTP Request: POST https://api.telegram.org/bot8611683567:AAFcLxkFz7jJSkr7jhzas3Y1KHZI8CN8W8g/getUpdates "HTTP/1.1 200 OK"
2026-03-14 07:54:03,502 [INFO] httpx: HTTP Request: POST https://api.telegram.org/bot8611683567:AAFcLxkFz7jJSkr7jhzas3Y1KHZI8CN8W8g/getUpdates "HTTP/1.1 200 OK"
2026-03-14 07:54:13,541 [INFO] httpx: HTTP Request: POST https://api.telegram.org/bot8611683567:AAFcLxkFz7jJSkr7jhzas3Y1KHZI8CN8W8g/getUpdates "HTTP/1.1 200 OK"
2026-03-14 07:54:23,577 [INFO] httpx: HTTP Request: POST https://api.telegram.org/bot8611683567:AAFcLxkFz7jJSkr7jhzas3Y1KHZI8CN8W8g/getUpdates "HTTP/1.1 200 OK"
2026-03-14 07:54:33,707 [INFO] httpx: HTTP Request: POST https://api.telegram.org/bot8611683567:AAFcLxkFz7jJSkr7jhzas3Y1KHZI8CN8W8g/getUpdates "HTTP/1.1 200 OK"
2026-03-14 07:54:43,748 [INFO] httpx: HTTP Request: POST https://api.telegram.org/bot8611683567:AAFcLxkFz7jJSkr7jhzas3Y1KHZI8CN8W8g/getUpdates "HTTP/1.1 200 OK"
2026-03-14 07:54:53,788 [INFO] httpx: HTTP Request: POST https://api.telegram.org/bot8611683567:AAFcLxkFz7jJSkr7jhzas3Y1KHZI8CN8W8g/getUpdates "HTTP/1.1 200 OK"
2026-03-14 07:55:03,825 [INFO] httpx: HTTP Request: POST https://api.telegram.org/bot8611683567:AAFcLxkFz7jJSkr7jhzas3Y1KHZI8CN8W8g/getUpdates "HTTP/1.1 200 OK"
2026-03-14 07:55:13,860 [INFO] httpx: HTTP Request: POST https://api.telegram.org/bot8611683567:AAFcLxkFz7jJSkr7jhzas3Y1KHZI8CN8W8g/getUpdates "HTTP/1.1 200 OK"
2026-03-14 07:55:23,895 [INFO] httpx: HTTP Request: POST https://api.telegram.org/bot8611683567:AAFcLxkFz7jJSkr7jhzas3Y1KHZI8CN8W8g/getUpdates "HTTP/1.1 200 OK"
2026-03-14 07:55:33,935 [INFO] httpx: HTTP Request: POST https://api.telegram.org/bot8611683567:AAFcLxkFz7jJSkr7jhzas3Y1KHZI8CN8W8g/getUpdates "HTTP/1.1 200 OK"
2026-03-14 07:55:43,977 [INFO] httpx: HTTP Request: POST https://api.telegram.org/bot8611683567:AAFcLxkFz7jJSkr7jhzas3Y1KHZI8CN8W8g/getUpdates "HTTP/1.1 200 OK"
2026-03-14 07:55:54,011 [INFO] httpx: HTTP Request: POST https://api.telegram.org/bot8611683567:AAFcLxkFz7jJSkr7jhzas3Y1KHZI8CN8W8g/getUpdates "HTTP/1.1 200 OK"
2026-03-14 07:56:04,046 [INFO] httpx: HTTP Request: POST https://api.telegram.org/bot8611683567:AAFcLxkFz7jJSkr7jhzas3Y1KHZI8CN8W8g/getUpdates "HTTP/1.1 200 OK"
2026-03-14 07:56:14,084 [INFO] httpx: HTTP Request: POST https://api.telegram.org/bot8611683567:AAFcLxkFz7jJSkr7jhzas3Y1KHZI8CN8W8g/getUpdates "HTTP/1.1 200 OK"
2026-03-14 07:56:24,133 [INFO] httpx: HTTP Request: POST https://api.telegram.org/bot8611683567:AAFcLxkFz7jJSkr7jhzas3Y1KHZI8CN8W8g/getUpdates "HTTP/1.1 200 OK"
2026-03-14 07:56:34,171 [INFO] httpx: HTTP Request: POST https://api.telegram.org/bot8611683567:AAFcLxkFz7jJSkr7jhzas3Y1KHZI8CN8W8g/getUpdates "HTTP/1.1 200 OK"
2026-03-14 07:56:44,209 [INFO] httpx: HTTP Request: POST https://api.telegram.org/bot8611683567:AAFcLxkFz7jJSkr7jhzas3Y1KHZI8CN8W8g/getUpdates "HTTP/1.1 200 OK"
2026-03-14 07:56:54,242 [INFO] httpx: HTTP Request: POST https://api.telegram.org/bot8611683567:AAFcLxkFz7jJSkr7jhzas3Y1KHZI8CN8W8g/getUpdates "HTTP/1.1 200 OK"
2026-03-14 07:57:04,286 [INFO] httpx: HTTP Request: POST https://api.telegram.org/bot8611683567:AAFcLxkFz7jJSkr7jhzas3Y1KHZI8CN8W8g/getUpdates "HTTP/1.1 200 OK"
2026-03-14 07:57:14,350 [INFO] httpx: HTTP Request: POST https://api.telegram.org/bot8611683567:AAFcLxkFz7jJSkr7jhzas3Y1KHZI8CN8W8g/getUpdates "HTTP/1.1 200 OK"
2026-03-14 07:57:24,388 [INFO] httpx: HTTP Request: POST https://api.telegram.org/bot8611683567:AAFcLxkFz7jJSkr7jhzas3Y1KHZI8CN8W8g/getUpdates "HTTP/1.1 200 OK"
2026-03-14 07:57:30,902 [INFO] __main__: ✅ БД готова
2026-03-14 07:57:31,396 [INFO] apscheduler.scheduler: Adding job tentatively -- it will be properly scheduled when the scheduler starts
2026-03-14 07:57:31,397 [INFO] __main__: 🤖 Бот запущен!
2026-03-14 07:57:31,612 [INFO] httpx: HTTP Request: POST https://api.telegram.org/bot8611683567:AAFcLxkFz7jJSkr7jhzas3Y1KHZI8CN8W8g/getMe "HTTP/1.1 200 OK"
2026-03-14 07:57:31,614 [INFO] apscheduler.scheduler: Added job "main.<locals>.<lambda>" to job store "default"
2026-03-14 07:57:31,614 [INFO] apscheduler.scheduler: Scheduler started
2026-03-14 07:57:31,614 [INFO] __main__: ⏰ Планировщик: каждые 30 мин
2026-03-14 07:57:39,767 [INFO] httpx: HTTP Request: POST https://api.telegram.org/bot8611683567:AAFcLxkFz7jJSkr7jhzas3Y1KHZI8CN8W8g/sendMessage "HTTP/1.1 200 OK"
2026-03-14 07:57:39,769 [INFO] __main__: ▶️  Проверка [14.03.2026 07:57]
2026-03-14 07:57:43,770 [INFO] scrapers.novatours: Novatours: токен получен (03096e2114...)
2026-03-14 07:57:44,382 [INFO] scrapers.novatours: Novatours: 10 отелей с ценами
2026-03-14 07:57:45,025 [INFO] __main__: Novatours: 10 туров до фильтра
2026-03-14 07:57:45,027 [INFO] __main__: Итого до фильтра: 10
2026-03-14 07:57:45,047 [INFO] __main__: 🔥 Новых горящих: 2
2026-03-14 07:57:46,334 [INFO] httpx: HTTP Request: POST https://api.telegram.org/bot8611683567:AAFcLxkFz7jJSkr7jhzas3Y1KHZI8CN8W8g/sendPhoto "HTTP/1.1 200 OK"
2026-03-14 07:57:46,891 [INFO] httpx: HTTP Request: POST https://api.telegram.org/bot8611683567:AAFcLxkFz7jJSkr7jhzas3Y1KHZI8CN8W8g/sendPhoto "HTTP/1.1 200 OK"
2026-03-14 07:57:46,982 [INFO] httpx: HTTP Request: POST https://api.telegram.org/bot8611683567:AAFcLxkFz7jJSkr7jhzas3Y1KHZI8CN8W8g/deleteWebhook "HTTP/1.1 200 OK"
2026-03-14 07:57:46,986 [INFO] apscheduler.scheduler: Scheduler started
2026-03-14 07:57:46,987 [INFO] telegram.ext.Application: Application started
2026-03-14 07:57:57,096 [INFO] httpx: HTTP Request: POST https://api.telegram.org/bot8611683567:AAFcLxkFz7jJSkr7jhzas3Y1KHZI8CN8W8g/getUpdates "HTTP/1.1 200 OK"
2026-03-14 07:58:07,131 [INFO] httpx: HTTP Request: POST https://api.telegram.org/bot8611683567:AAFcLxkFz7jJSkr7jhzas3Y1KHZI8CN8W8g/getUpdates "HTTP/1.1 200 OK"
2026-03-14 07:58:17,168 [INFO] httpx: HTTP Request: POST https://api.telegram.org/bot8611683567:AAFcLxkFz7jJSkr7jhzas3Y1KHZI8CN8W8g/getUpdates "HTTP/1.1 200 OK"
2026-03-14 07:58:27,209 [INFO] httpx: HTTP Request: POST https://api.telegram.org/bot8611683567:AAFcLxkFz7jJSkr7jhzas3Y1KHZI8CN8W8g/getUpdates "HTTP/1.1 200 OK"
2026-03-14 07:58:37,245 [INFO] httpx: HTTP Request: POST https://api.telegram.org/bot8611683567:AAFcLxkFz7jJSkr7jhzas3Y1KHZI8CN8W8g/getUpdates "HTTP/1.1 200 OK"
2026-03-14 07:58:47,282 [INFO] httpx: HTTP Request: POST https://api.telegram.org/bot8611683567:AAFcLxkFz7jJSkr7jhzas3Y1KHZI8CN8W8g/getUpdates "HTTP/1.1 200 OK"
2026-03-14 07:58:57,324 [INFO] httpx: HTTP Request: POST https://api.telegram.org/bot8611683567:AAFcLxkFz7jJSkr7jhzas3Y1KHZI8CN8W8g/getUpdates "HTTP/1.1 200 OK"
2026-03-14 07:59:07,362 [INFO] httpx: HTTP Request: POST https://api.telegram.org/bot8611683567:AAFcLxkFz7jJSkr7jhzas3Y1KHZI8CN8W8g/getUpdates "HTTP/1.1 200 OK"
2026-03-14 07:59:17,396 [INFO] httpx: HTTP Request: POST https://api.telegram.org/bot8611683567:AAFcLxkFz7jJSkr7jhzas3Y1KHZI8CN8W8g/getUpdates "HTTP/1.1 200 OK"
2026-03-14 07:59:27,434 [INFO] httpx: HTTP Request: POST https://api.telegram.org/bot8611683567:AAFcLxkFz7jJSkr7jhzas3Y1KHZI8CN8W8g/getUpdates "HTTP/1.1 200 OK"
2026-03-14 07:59:37,474 [INFO] httpx: HTTP Request: POST https://api.telegram.org/bot8611683567:AAFcLxkFz7jJSkr7jhzas3Y1KHZI8CN8W8g/getUpdates "HTTP/1.1 200 OK"
2026-03-14 07:59:47,513 [INFO] httpx: HTTP Request: POST https://api.telegram.org/bot8611683567:AAFcLxkFz7jJSkr7jhzas3Y1KHZI8CN8W8g/getUpdates "HTTP/1.1 200 OK"
2026-03-14 07:59:57,579 [INFO] httpx: HTTP Request: POST https://api.telegram.org/bot8611683567:AAFcLxkFz7jJSkr7jhzas3Y1KHZI8CN8W8g/getUpdates "HTTP/1.1 200 OK"
2026-03-14 08:00:07,623 [INFO] httpx: HTTP Request: POST https://api.telegram.org/bot8611683567:AAFcLxkFz7jJSkr7jhzas3Y1KHZI8CN8W8g/getUpdates "HTTP/1.1 200 OK"
2026-03-14 08:00:17,761 [INFO] httpx: HTTP Request: POST https://api.telegram.org/bot8611683567:AAFcLxkFz7jJSkr7jhzas3Y1KHZI8CN8W8g/getUpdates "HTTP/1.1 200 OK"
2026-03-14 08:00:27,799 [INFO] httpx: HTTP Request: POST https://api.telegram.org/bot8611683567:AAFcLxkFz7jJSkr7jhzas3Y1KHZI8CN8W8g/getUpdates "HTTP/1.1 200 OK"
2026-03-14 08:00:37,839 [INFO] httpx: HTTP Request: POST https://api.telegram.org/bot8611683567:AAFcLxkFz7jJSkr7jhzas3Y1KHZI8CN8W8g/getUpdates "HTTP/1.1 200 OK"
2026-03-14 08:00:47,875 [INFO] httpx: HTTP Request: POST https://api.telegram.org/bot8611683567:AAFcLxkFz7jJSkr7jhzas3Y1KHZI8CN8W8g/getUpdates "HTTP/1.1 200 OK"
2026-03-14 08:00:57,915 [INFO] httpx: HTTP Request: POST https://api.telegram.org/bot8611683567:AAFcLxkFz7jJSkr7jhzas3Y1KHZI8CN8W8g/getUpdates "HTTP/1.1 200 OK"
2026-03-14 08:01:04,656 [INFO] __main__: ✅ БД готова
2026-03-14 08:01:05,167 [INFO] apscheduler.scheduler: Adding job tentatively -- it will be properly scheduled when the scheduler starts
2026-03-14 08:01:05,167 [INFO] __main__: 🤖 Бот запущен!
2026-03-14 08:01:05,325 [INFO] httpx: HTTP Request: POST https://api.telegram.org/bot8611683567:AAFcLxkFz7jJSkr7jhzas3Y1KHZI8CN8W8g/getMe "HTTP/1.1 200 OK"
2026-03-14 08:01:05,327 [INFO] apscheduler.scheduler: Added job "main.<locals>.<lambda>" to job store "default"
2026-03-14 08:01:05,328 [INFO] apscheduler.scheduler: Scheduler started
2026-03-14 08:01:05,328 [INFO] __main__: ⏰ Планировщик: каждые 30 мин
2026-03-14 08:01:13,511 [INFO] httpx: HTTP Request: POST https://api.telegram.org/bot8611683567:AAFcLxkFz7jJSkr7jhzas3Y1KHZI8CN8W8g/sendMessage "HTTP/1.1 200 OK"
2026-03-14 08:01:13,514 [INFO] __main__: ▶️  Проверка [14.03.2026 08:01]
2026-03-14 08:01:17,522 [INFO] scrapers.novatours: Novatours: токен получен (03096e2114...)
2026-03-14 08:01:18,009 [INFO] scrapers.novatours: Novatours: 10 отелей с ценами
2026-03-14 08:01:18,623 [INFO] __main__: Novatours: 10 туров до фильтра
2026-03-14 08:01:18,624 [INFO] __main__: Итого до фильтра: 10
2026-03-14 08:01:18,634 [INFO] __main__: 🔥 Новых горящих: 2
2026-03-14 08:01:18,787 [INFO] httpx: HTTP Request: POST https://api.telegram.org/bot8611683567:AAFcLxkFz7jJSkr7jhzas3Y1KHZI8CN8W8g/sendPhoto "HTTP/1.1 200 OK"
2026-03-14 08:01:18,933 [INFO] httpx: HTTP Request: POST https://api.telegram.org/bot8611683567:AAFcLxkFz7jJSkr7jhzas3Y1KHZI8CN8W8g/sendPhoto "HTTP/1.1 200 OK"
2026-03-14 08:01:19,029 [INFO] httpx: HTTP Request: POST https://api.telegram.org/bot8611683567:AAFcLxkFz7jJSkr7jhzas3Y1KHZI8CN8W8g/deleteWebhook "HTTP/1.1 200 OK"
2026-03-14 08:01:19,032 [INFO] apscheduler.scheduler: Scheduler started
2026-03-14 08:01:19,032 [INFO] telegram.ext.Application: Application started
2026-03-14 08:01:29,132 [INFO] httpx: HTTP Request: POST https://api.telegram.org/bot8611683567:AAFcLxkFz7jJSkr7jhzas3Y1KHZI8CN8W8g/getUpdates "HTTP/1.1 200 OK"
2026-03-14 08:01:39,280 [INFO] httpx: HTTP Request: POST https://api.telegram.org/bot8611683567:AAFcLxkFz7jJSkr7jhzas3Y1KHZI8CN8W8g/getUpdates "HTTP/1.1 200 OK"
2026-03-14 08:01:49,318 [INFO] httpx: HTTP Request: POST https://api.telegram.org/bot8611683567:AAFcLxkFz7jJSkr7jhzas3Y1KHZI8CN8W8g/getUpdates "HTTP/1.1 200 OK"
2026-03-14 08:01:59,355 [INFO] httpx: HTTP Request: POST https://api.telegram.org/bot8611683567:AAFcLxkFz7jJSkr7jhzas3Y1KHZI8CN8W8g/getUpdates "HTTP/1.1 200 OK"
2026-03-14 08:02:09,397 [INFO] httpx: HTTP Request: POST https://api.telegram.org/bot8611683567:AAFcLxkFz7jJSkr7jhzas3Y1KHZI8CN8W8g/getUpdates "HTTP/1.1 200 OK"
2026-03-14 08:02:19,434 [INFO] httpx: HTTP Request: POST https://api.telegram.org/bot8611683567:AAFcLxkFz7jJSkr7jhzas3Y1KHZI8CN8W8g/getUpdates "HTTP/1.1 200 OK"
2026-03-14 08:02:29,474 [INFO] httpx: HTTP Request: POST https://api.telegram.org/bot8611683567:AAFcLxkFz7jJSkr7jhzas3Y1KHZI8CN8W8g/getUpdates "HTTP/1.1 200 OK"
2026-03-14 08:02:39,512 [INFO] httpx: HTTP Request: POST https://api.telegram.org/bot8611683567:AAFcLxkFz7jJSkr7jhzas3Y1KHZI8CN8W8g/getUpdates "HTTP/1.1 200 OK"
2026-03-14 08:02:49,554 [INFO] httpx: HTTP Request: POST https://api.telegram.org/bot8611683567:AAFcLxkFz7jJSkr7jhzas3Y1KHZI8CN8W8g/getUpdates "HTTP/1.1 200 OK"
2026-03-14 08:02:59,588 [INFO] httpx: HTTP Request: POST https://api.telegram.org/bot8611683567:AAFcLxkFz7jJSkr7jhzas3Y1KHZI8CN8W8g/getUpdates "HTTP/1.1 200 OK"
2026-03-14 08:03:09,628 [INFO] httpx: HTTP Request: POST https://api.telegram.org/bot8611683567:AAFcLxkFz7jJSkr7jhzas3Y1KHZI8CN8W8g/getUpdates "HTTP/1.1 200 OK"
2026-03-14 08:03:19,665 [INFO] httpx: HTTP Request: POST https://api.telegram.org/bot8611683567:AAFcLxkFz7jJSkr7jhzas3Y1KHZI8CN8W8g/getUpdates "HTTP/1.1 200 OK"
2026-03-14 08:03:29,703 [INFO] httpx: HTTP Request: POST https://api.telegram.org/bot8611683567:AAFcLxkFz7jJSkr7jhzas3Y1KHZI8CN8W8g/getUpdates "HTTP/1.1 200 OK"
2026-03-14 08:03:39,743 [INFO] httpx: HTTP Request: POST https://api.telegram.org/bot8611683567:AAFcLxkFz7jJSkr7jhzas3Y1KHZI8CN8W8g/getUpdates "HTTP/1.1 200 OK"
2026-03-14 08:03:49,780 [INFO] httpx: HTTP Request: POST https://api.telegram.org/bot8611683567:AAFcLxkFz7jJSkr7jhzas3Y1KHZI8CN8W8g/getUpdates "HTTP/1.1 200 OK"
2026-03-14 08:03:59,817 [INFO] httpx: HTTP Request: POST https://api.telegram.org/bot8611683567:AAFcLxkFz7jJSkr7jhzas3Y1KHZI8CN8W8g/getUpdates "HTTP/1.1 200 OK"
2026-03-14 08:04:09,859 [INFO] httpx: HTTP Request: POST https://api.telegram.org/bot8611683567:AAFcLxkFz7jJSkr7jhzas3Y1KHZI8CN8W8g/getUpdates "HTTP/1.1 200 OK"
2026-03-14 08:04:19,902 [INFO] httpx: HTTP Request: POST https://api.telegram.org/bot8611683567:AAFcLxkFz7jJSkr7jhzas3Y1KHZI8CN8W8g/getUpdates "HTTP/1.1 200 OK"
2026-03-14 08:04:29,957 [INFO] httpx: HTTP Request: POST https://api.telegram.org/bot8611683567:AAFcLxkFz7jJSkr7jhzas3Y1KHZI8CN8W8g/getUpdates "HTTP/1.1 200 OK"
2026-03-14 08:04:39,997 [INFO] httpx: HTTP Request: POST https://api.telegram.org/bot8611683567:AAFcLxkFz7jJSkr7jhzas3Y1KHZI8CN8W8g/getUpdates "HTTP/1.1 200 OK"
2026-03-14 08:04:50,034 [INFO] httpx: HTTP Request: POST https://api.telegram.org/bot8611683567:AAFcLxkFz7jJSkr7jhzas3Y1KHZI8CN8W8g/getUpdates "HTTP/1.1 200 OK"
2026-03-14 08:05:00,072 [INFO] httpx: HTTP Request: POST https://api.telegram.org/bot8611683567:AAFcLxkFz7jJSkr7jhzas3Y1KHZI8CN8W8g/getUpdates "HTTP/1.1 200 OK"
2026-03-14 08:05:10,220 [INFO] httpx: HTTP Request: POST https://api.telegram.org/bot8611683567:AAFcLxkFz7jJSkr7jhzas3Y1KHZI8CN8W8g/getUpdates "HTTP/1.1 200 OK"
2026-03-14 08:05:20,257 [INFO] httpx: HTTP Request: POST https://api.telegram.org/bot8611683567:AAFcLxkFz7jJSkr7jhzas3Y1KHZI8CN8W8g/getUpdates "HTTP/1.1 200 OK"
2026-03-14 08:05:30,291 [INFO] httpx: HTTP Request: POST https://api.telegram.org/bot8611683567:AAFcLxkFz7jJSkr7jhzas3Y1KHZI8CN8W8g/getUpdates "HTTP/1.1 200 OK"
2026-03-14 08:05:40,328 [INFO] httpx: HTTP Request: POST https://api.telegram.org/bot8611683567:AAFcLxkFz7jJSkr7jhzas3Y1KHZI8CN8W8g/getUpdates "HTTP/1.1 200 OK"
2026-03-14 08:05:50,373 [INFO] httpx: HTTP Request: POST https://api.telegram.org/bot8611683567:AAFcLxkFz7jJSkr7jhzas3Y1KHZI8CN8W8g/getUpdates "HTTP/1.1 200 OK"
2026-03-14 08:06:00,411 [INFO] httpx: HTTP Request: POST https://api.telegram.org/bot8611683567:AAFcLxkFz7jJSkr7jhzas3Y1KHZI8CN8W8g/getUpdates "HTTP/1.1 200 OK"
2026-03-14 08:06:10,453 [INFO] httpx: HTTP Request: POST https://api.telegram.org/bot8611683567:AAFcLxkFz7jJSkr7jhzas3Y1KHZI8CN8W8g/getUpdates "HTTP/1.1 200 OK"
2026-03-14 08:06:20,492 [INFO] httpx: HTTP Request: POST https://api.telegram.org/bot8611683567:AAFcLxkFz7jJSkr7jhzas3Y1KHZI8CN8W8g/getUpdates "HTTP/1.1 200 OK"
2026-03-14 08:06:30,535 [INFO] httpx: HTTP Request: POST https://api.telegram.org/bot8611683567:AAFcLxkFz7jJSkr7jhzas3Y1KHZI8CN8W8g/getUpdates "HTTP/1.1 200 OK"
2026-03-14 08:06:40,578 [INFO] httpx: HTTP Request: POST https://api.telegram.org/bot8611683567:AAFcLxkFz7jJSkr7jhzas3Y1KHZI8CN8W8g/getUpdates "HTTP/1.1 200 OK"
2026-03-14 08:06:50,620 [INFO] httpx: HTTP Request: POST https://api.telegram.org/bot8611683567:AAFcLxkFz7jJSkr7jhzas3Y1KHZI8CN8W8g/getUpdates "HTTP/1.1 200 OK"
2026-03-14 08:07:00,658 [INFO] httpx: HTTP Request: POST https://api.telegram.org/bot8611683567:AAFcLxkFz7jJSkr7jhzas3Y1KHZI8CN8W8g/getUpdates "HTTP/1.1 200 OK"
2026-03-14 08:07:10,697 [INFO] httpx: HTTP Request: POST https://api.telegram.org/bot8611683567:AAFcLxkFz7jJSkr7jhzas3Y1KHZI8CN8W8g/getUpdates "HTTP/1.1 200 OK"
2026-03-14 08:07:20,733 [INFO] httpx: HTTP Request: POST https://api.telegram.org/bot8611683567:AAFcLxkFz7jJSkr7jhzas3Y1KHZI8CN8W8g/getUpdates "HTTP/1.1 200 OK"
2026-03-14 08:07:30,771 [INFO] httpx: HTTP Request: POST https://api.telegram.org/bot8611683567:AAFcLxkFz7jJSkr7jhzas3Y1KHZI8CN8W8g/getUpdates "HTTP/1.1 200 OK"
2026-03-14 08:07:40,811 [INFO] httpx: HTTP Request: POST https://api.telegram.org/bot8611683567:AAFcLxkFz7jJSkr7jhzas3Y1KHZI8CN8W8g/getUpdates "HTTP/1.1 200 OK"
2026-03-14 08:07:50,850 [INFO] httpx: HTTP Request: POST https://api.telegram.org/bot8611683567:AAFcLxkFz7jJSkr7jhzas3Y1KHZI8CN8W8g/getUpdates "HTTP/1.1 200 OK"
2026-03-14 08:08:00,886 [INFO] httpx: HTTP Request: POST https://api.telegram.org/bot8611683567:AAFcLxkFz7jJSkr7jhzas3Y1KHZI8CN8W8g/getUpdates "HTTP/1.1 200 OK"
2026-03-14 08:08:10,926 [INFO] httpx: HTTP Request: POST https://api.telegram.org/bot8611683567:AAFcLxkFz7jJSkr7jhzas3Y1KHZI8CN8W8g/getUpdates "HTTP/1.1 200 OK"
2026-03-14 08:08:20,964 [INFO] httpx: HTTP Request: POST https://api.telegram.org/bot8611683567:AAFcLxkFz7jJSkr7jhzas3Y1KHZI8CN8W8g/getUpdates "HTTP/1.1 200 OK"
2026-03-14 08:08:31,006 [INFO] httpx: HTTP Request: POST https://api.telegram.org/bot8611683567:AAFcLxkFz7jJSkr7jhzas3Y1KHZI8CN8W8g/getUpdates "HTTP/1.1 200 OK"
2026-03-14 08:08:41,045 [INFO] httpx: HTTP Request: POST https://api.telegram.org/bot8611683567:AAFcLxkFz7jJSkr7jhzas3Y1KHZI8CN8W8g/getUpdates "HTTP/1.1 200 OK"
2026-03-14 08:08:51,084 [INFO] httpx: HTTP Request: POST https://api.telegram.org/bot8611683567:AAFcLxkFz7jJSkr7jhzas3Y1KHZI8CN8W8g/getUpdates "HTTP/1.1 200 OK"
2026-03-14 08:09:01,240 [INFO] httpx: HTTP Request: POST https://api.telegram.org/bot8611683567:AAFcLxkFz7jJSkr7jhzas3Y1KHZI8CN8W8g/getUpdates "HTTP/1.1 200 OK"
2026-03-14 08:09:11,276 [INFO] httpx: HTTP Request: POST https://api.telegram.org/bot8611683567:AAFcLxkFz7jJSkr7jhzas3Y1KHZI8CN8W8g/getUpdates "HTTP/1.1 200 OK"
2026-03-14 08:09:21,310 [INFO] httpx: HTTP Request: POST https://api.telegram.org/bot8611683567:AAFcLxkFz7jJSkr7jhzas3Y1KHZI8CN8W8g/getUpdates "HTTP/1.1 200 OK"
2026-03-14 08:09:31,348 [INFO] httpx: HTTP Request: POST https://api.telegram.org/bot8611683567:AAFcLxkFz7jJSkr7jhzas3Y1KHZI8CN8W8g/getUpdates "HTTP/1.1 200 OK"
2026-03-14 08:09:41,386 [INFO] httpx: HTTP Request: POST https://api.telegram.org/bot8611683567:AAFcLxkFz7jJSkr7jhzas3Y1KHZI8CN8W8g/getUpdates "HTTP/1.1 200 OK"
2026-03-14 08:09:51,420 [INFO] httpx: HTTP Request: POST https://api.telegram.org/bot8611683567:AAFcLxkFz7jJSkr7jhzas3Y1KHZI8CN8W8g/getUpdates "HTTP/1.1 200 OK"
2026-03-14 08:10:01,465 [INFO] httpx: HTTP Request: POST https://api.telegram.org/bot8611683567:AAFcLxkFz7jJSkr7jhzas3Y1KHZI8CN8W8g/getUpdates "HTTP/1.1 200 OK"
2026-03-14 08:10:11,503 [INFO] httpx: HTTP Request: POST https://api.telegram.org/bot8611683567:AAFcLxkFz7jJSkr7jhzas3Y1KHZI8CN8W8g/getUpdates "HTTP/1.1 200 OK"
2026-03-14 08:10:21,537 [INFO] httpx: HTTP Request: POST https://api.telegram.org/bot8611683567:AAFcLxkFz7jJSkr7jhzas3Y1KHZI8CN8W8g/getUpdates "HTTP/1.1 200 OK"
2026-03-14 08:10:31,573 [INFO] httpx: HTTP Request: POST https://api.telegram.org/bot8611683567:AAFcLxkFz7jJSkr7jhzas3Y1KHZI8CN8W8g/getUpdates "HTTP/1.1 200 OK"
2026-03-14 08:10:41,613 [INFO] httpx: HTTP Request: POST https://api.telegram.org/bot8611683567:AAFcLxkFz7jJSkr7jhzas3Y1KHZI8CN8W8g/getUpdates "HTTP/1.1 200 OK"
2026-03-14 08:10:51,656 [INFO] httpx: HTTP Request: POST https://api.telegram.org/bot8611683567:AAFcLxkFz7jJSkr7jhzas3Y1KHZI8CN8W8g/getUpdates "HTTP/1.1 200 OK"
2026-03-14 08:11:01,696 [INFO] httpx: HTTP Request: POST https://api.telegram.org/bot8611683567:AAFcLxkFz7jJSkr7jhzas3Y1KHZI8CN8W8g/getUpdates "HTTP/1.1 200 OK"
2026-03-14 08:11:11,730 [INFO] httpx: HTTP Request: POST https://api.telegram.org/bot8611683567:AAFcLxkFz7jJSkr7jhzas3Y1KHZI8CN8W8g/getUpdates "HTTP/1.1 200 OK"
2026-03-14 08:11:21,769 [INFO] httpx: HTTP Request: POST https://api.telegram.org/bot8611683567:AAFcLxkFz7jJSkr7jhzas3Y1KHZI8CN8W8g/getUpdates "HTTP/1.1 200 OK"
2026-03-14 08:11:31,804 [INFO] httpx: HTTP Request: POST https://api.telegram.org/bot8611683567:AAFcLxkFz7jJSkr7jhzas3Y1KHZI8CN8W8g/getUpdates "HTTP/1.1 200 OK"
2026-03-14 08:11:41,849 [INFO] httpx: HTTP Request: POST https://api.telegram.org/bot8611683567:AAFcLxkFz7jJSkr7jhzas3Y1KHZI8CN8W8g/getUpdates "HTTP/1.1 200 OK"
2026-03-14 08:11:51,887 [INFO] httpx: HTTP Request: POST https://api.telegram.org/bot8611683567:AAFcLxkFz7jJSkr7jhzas3Y1KHZI8CN8W8g/getUpdates "HTTP/1.1 200 OK"
2026-03-14 08:12:01,926 [INFO] httpx: HTTP Request: POST https://api.telegram.org/bot8611683567:AAFcLxkFz7jJSkr7jhzas3Y1KHZI8CN8W8g/getUpdates "HTTP/1.1 200 OK"
2026-03-14 08:12:11,970 [INFO] httpx: HTTP Request: POST https://api.telegram.org/bot8611683567:AAFcLxkFz7jJSkr7jhzas3Y1KHZI8CN8W8g/getUpdates "HTTP/1.1 200 OK"
2026-03-14 08:12:22,004 [INFO] httpx: HTTP Request: POST https://api.telegram.org/bot8611683567:AAFcLxkFz7jJSkr7jhzas3Y1KHZI8CN8W8g/getUpdates "HTTP/1.1 200 OK"
2026-03-14 08:12:32,037 [INFO] httpx: HTTP Request: POST https://api.telegram.org/bot8611683567:AAFcLxkFz7jJSkr7jhzas3Y1KHZI8CN8W8g/getUpdates "HTTP/1.1 200 OK"
2026-03-14 08:12:42,071 [INFO] httpx: HTTP Request: POST https://api.telegram.org/bot8611683567:AAFcLxkFz7jJSkr7jhzas3Y1KHZI8CN8W8g/getUpdates "HTTP/1.1 200 OK"
2026-03-14 08:12:52,109 [INFO] httpx: HTTP Request: POST https://api.telegram.org/bot8611683567:AAFcLxkFz7jJSkr7jhzas3Y1KHZI8CN8W8g/getUpdates "HTTP/1.1 200 OK"
2026-03-14 08:13:02,147 [INFO] httpx: HTTP Request: POST https://api.telegram.org/bot8611683567:AAFcLxkFz7jJSkr7jhzas3Y1KHZI8CN8W8g/getUpdates "HTTP/1.1 200 OK"
2026-03-14 08:13:12,187 [INFO] httpx: HTTP Request: POST https://api.telegram.org/bot8611683567:AAFcLxkFz7jJSkr7jhzas3Y1KHZI8CN8W8g/getUpdates "HTTP/1.1 200 OK"
2026-03-14 08:13:22,225 [INFO] httpx: HTTP Request: POST https://api.telegram.org/bot8611683567:AAFcLxkFz7jJSkr7jhzas3Y1KHZI8CN8W8g/getUpdates "HTTP/1.1 200 OK"
2026-03-14 08:13:32,263 [INFO] httpx: HTTP Request: POST https://api.telegram.org/bot8611683567:AAFcLxkFz7jJSkr7jhzas3Y1KHZI8CN8W8g/getUpdates "HTTP/1.1 200 OK"
2026-03-14 08:13:42,303 [INFO] httpx: HTTP Request: POST https://api.telegram.org/bot8611683567:AAFcLxkFz7jJSkr7jhzas3Y1KHZI8CN8W8g/getUpdates "HTTP/1.1 200 OK"
2026-03-14 08:13:52,343 [INFO] httpx: HTTP Request: POST https://api.telegram.org/bot8611683567:AAFcLxkFz7jJSkr7jhzas3Y1KHZI8CN8W8g/getUpdates "HTTP/1.1 200 OK"
2026-03-14 08:14:02,379 [INFO] httpx: HTTP Request: POST https://api.telegram.org/bot8611683567:AAFcLxkFz7jJSkr7jhzas3Y1KHZI8CN8W8g/getUpdates "HTTP/1.1 200 OK"
2026-03-14 08:14:12,419 [INFO] httpx: HTTP Request: POST https://api.telegram.org/bot8611683567:AAFcLxkFz7jJSkr7jhzas3Y1KHZI8CN8W8g/getUpdates "HTTP/1.1 200 OK"
2026-03-14 08:14:22,455 [INFO] httpx: HTTP Request: POST https://api.telegram.org/bot8611683567:AAFcLxkFz7jJSkr7jhzas3Y1KHZI8CN8W8g/getUpdates "HTTP/1.1 200 OK"
2026-03-14 08:14:32,489 [INFO] httpx: HTTP Request: POST https://api.telegram.org/bot8611683567:AAFcLxkFz7jJSkr7jhzas3Y1KHZI8CN8W8g/getUpdates "HTTP/1.1 200 OK"
2026-03-14 08:14:42,525 [INFO] httpx: HTTP Request: POST https://api.telegram.org/bot8611683567:AAFcLxkFz7jJSkr7jhzas3Y1KHZI8CN8W8g/getUpdates "HTTP/1.1 200 OK"
2026-03-14 08:14:47,532 [INFO] httpx: HTTP Request: POST https://api.telegram.org/bot8611683567:AAFcLxkFz7jJSkr7jhzas3Y1KHZI8CN8W8g/getUpdates "HTTP/1.1 200 OK"
2026-03-14 08:14:47,534 [INFO] telegram.ext.Application: Application is stopping. This might take a moment.
2026-03-14 08:14:47,534 [INFO] apscheduler.scheduler: Scheduler has been shut down
2026-03-14 08:14:47,554 [INFO] telegram.ext.Application: Application.stop() complete
2026-03-14 08:14:47,555 [INFO] apscheduler.scheduler: Scheduler has been shut down
2026-03-14 08:14:51,986 [INFO] __main__: ✅ БД готова
2026-03-14 08:14:52,409 [INFO] apscheduler.scheduler: Adding job tentatively -- it will be properly scheduled when the scheduler starts
2026-03-14 08:14:52,409 [INFO] __main__: 🤖 Бот запущен!
2026-03-14 08:14:52,579 [INFO] httpx: HTTP Request: POST https://api.telegram.org/bot8611683567:AAFcLxkFz7jJSkr7jhzas3Y1KHZI8CN8W8g/getMe "HTTP/1.1 200 OK"
2026-03-14 08:14:52,581 [INFO] apscheduler.scheduler: Added job "main.<locals>.<lambda>" to job store "default"
2026-03-14 08:14:52,581 [INFO] apscheduler.scheduler: Scheduler started
2026-03-14 08:14:52,581 [INFO] __main__: ⏰ Планировщик: каждые 30 мин
2026-03-14 08:14:57,871 [INFO] httpx: HTTP Request: POST https://api.telegram.org/bot8611683567:AAFcLxkFz7jJSkr7jhzas3Y1KHZI8CN8W8g/sendMessage "HTTP/1.1 200 OK"
2026-03-14 08:14:57,944 [INFO] __main__: ▶️  Проверка [14.03.2026 08:14]
2026-03-14 08:15:04,601 [INFO] scrapers.novatours: Novatours: токен получен (03096e2114...)
2026-03-14 08:15:05,854 [INFO] scrapers.novatours: Novatours: 10 отелей с ценами
2026-03-14 08:15:10,906 [INFO] __main__: Novatours: 10 туров до фильтра
2026-03-14 08:15:10,907 [INFO] __main__: Итого до фильтра: 10
2026-03-14 08:15:10,940 [INFO] __main__: 🔥 Новых горящих: 2
2026-03-14 08:15:11,313 [INFO] httpx: HTTP Request: POST https://api.telegram.org/bot8611683567:AAFcLxkFz7jJSkr7jhzas3Y1KHZI8CN8W8g/sendPhoto "HTTP/1.1 200 OK"
2026-03-14 08:15:11,500 [INFO] httpx: HTTP Request: POST https://api.telegram.org/bot8611683567:AAFcLxkFz7jJSkr7jhzas3Y1KHZI8CN8W8g/sendPhoto "HTTP/1.1 200 OK"
2026-03-14 08:15:11,595 [INFO] httpx: HTTP Request: POST https://api.telegram.org/bot8611683567:AAFcLxkFz7jJSkr7jhzas3Y1KHZI8CN8W8g/deleteWebhook "HTTP/1.1 200 OK"
2026-03-14 08:15:11,599 [INFO] apscheduler.scheduler: Scheduler started
2026-03-14 08:15:11,600 [INFO] telegram.ext.Application: Application started
2026-03-14 08:15:11,706 [INFO] httpx: HTTP Request: POST https://api.telegram.org/bot8611683567:AAFcLxkFz7jJSkr7jhzas3Y1KHZI8CN8W8g/getUpdates "HTTP/1.1 200 OK"
2026-03-14 08:15:11,752 [INFO] httpx: HTTP Request: POST https://api.telegram.org/bot8611683567:AAFcLxkFz7jJSkr7jhzas3Y1KHZI8CN8W8g/answerCallbackQuery "HTTP/1.1 200 OK"
2026-03-14 08:15:11,816 [INFO] httpx: HTTP Request: POST https://api.telegram.org/bot8611683567:AAFcLxkFz7jJSkr7jhzas3Y1KHZI8CN8W8g/editMessageText "HTTP/1.1 200 OK"
2026-03-14 08:15:19,026 [INFO] httpx: HTTP Request: POST https://api.telegram.org/bot8611683567:AAFcLxkFz7jJSkr7jhzas3Y1KHZI8CN8W8g/getUpdates "HTTP/1.1 200 OK"
2026-03-14 08:15:19,160 [INFO] httpx: HTTP Request: POST https://api.telegram.org/bot8611683567:AAFcLxkFz7jJSkr7jhzas3Y1KHZI8CN8W8g/answerCallbackQuery "HTTP/1.1 200 OK"
2026-03-14 08:15:19,223 [INFO] httpx: HTTP Request: POST https://api.telegram.org/bot8611683567:AAFcLxkFz7jJSkr7jhzas3Y1KHZI8CN8W8g/editMessageText "HTTP/1.1 200 OK"
2026-03-14 08:15:22,870 [INFO] httpx: HTTP Request: POST https://api.telegram.org/bot8611683567:AAFcLxkFz7jJSkr7jhzas3Y1KHZI8CN8W8g/getUpdates "HTTP/1.1 200 OK"
2026-03-14 08:15:22,936 [INFO] httpx: HTTP Request: POST https://api.telegram.org/bot8611683567:AAFcLxkFz7jJSkr7jhzas3Y1KHZI8CN8W8g/answerCallbackQuery "HTTP/1.1 200 OK"
2026-03-14 08:15:23,076 [INFO] httpx: HTTP Request: POST https://api.telegram.org/bot8611683567:AAFcLxkFz7jJSkr7jhzas3Y1KHZI8CN8W8g/editMessageText "HTTP/1.1 200 OK"
2026-03-14 08:15:29,079 [INFO] httpx: HTTP Request: POST https://api.telegram.org/bot8611683567:AAFcLxkFz7jJSkr7jhzas3Y1KHZI8CN8W8g/getUpdates "HTTP/1.1 200 OK"
2026-03-14 08:15:29,200 [INFO] httpx: HTTP Request: POST https://api.telegram.org/bot8611683567:AAFcLxkFz7jJSkr7jhzas3Y1KHZI8CN8W8g/answerCallbackQuery "HTTP/1.1 200 OK"
2026-03-14 08:15:29,255 [INFO] httpx: HTTP Request: POST https://api.telegram.org/bot8611683567:AAFcLxkFz7jJSkr7jhzas3Y1KHZI8CN8W8g/editMessageText "HTTP/1.1 200 OK"
2026-03-14 08:15:39,124 [INFO] httpx: HTTP Request: POST https://api.telegram.org/bot8611683567:AAFcLxkFz7jJSkr7jhzas3Y1KHZI8CN8W8g/getUpdates "HTTP/1.1 200 OK"
2026-03-14 08:15:49,172 [INFO] httpx: HTTP Request: POST https://api.telegram.org/bot8611683567:AAFcLxkFz7jJSkr7jhzas3Y1KHZI8CN8W8g/getUpdates "HTTP/1.1 200 OK"
2026-03-14 08:15:59,247 [INFO] httpx: HTTP Request: POST https://api.telegram.org/bot8611683567:AAFcLxkFz7jJSkr7jhzas3Y1KHZI8CN8W8g/getUpdates "HTTP/1.1 200 OK"
2026-03-14 08:16:09,286 [INFO] httpx: HTTP Request: POST https://api.telegram.org/bot8611683567:AAFcLxkFz7jJSkr7jhzas3Y1KHZI8CN8W8g/getUpdates "HTTP/1.1 200 OK"
2026-03-14 08:16:19,323 [INFO] httpx: HTTP Request: POST https://api.telegram.org/bot8611683567:AAFcLxkFz7jJSkr7jhzas3Y1KHZI8CN8W8g/getUpdates "HTTP/1.1 200 OK"
2026-03-14 08:16:29,366 [INFO] httpx: HTTP Request: POST https://api.telegram.org/bot8611683567:AAFcLxkFz7jJSkr7jhzas3Y1KHZI8CN8W8g/getUpdates "HTTP/1.1 200 OK"
2026-03-14 08:16:39,408 [INFO] httpx: HTTP Request: POST https://api.telegram.org/bot8611683567:AAFcLxkFz7jJSkr7jhzas3Y1KHZI8CN8W8g/getUpdates "HTTP/1.1 200 OK"
2026-03-14 08:16:40,787 [INFO] httpx: HTTP Request: POST https://api.telegram.org/bot8611683567:AAFcLxkFz7jJSkr7jhzas3Y1KHZI8CN8W8g/getUpdates "HTTP/1.1 200 OK"
2026-03-14 08:16:40,911 [INFO] httpx: HTTP Request: POST https://api.telegram.org/bot8611683567:AAFcLxkFz7jJSkr7jhzas3Y1KHZI8CN8W8g/answerCallbackQuery "HTTP/1.1 200 OK"
2026-03-14 08:16:40,982 [INFO] httpx: HTTP Request: POST https://api.telegram.org/bot8611683567:AAFcLxkFz7jJSkr7jhzas3Y1KHZI8CN8W8g/editMessageText "HTTP/1.1 200 OK"
2026-03-14 08:16:49,213 [INFO] httpx: HTTP Request: POST https://api.telegram.org/bot8611683567:AAFcLxkFz7jJSkr7jhzas3Y1KHZI8CN8W8g/getUpdates "HTTP/1.1 200 OK"
2026-03-14 08:16:49,332 [INFO] httpx: HTTP Request: POST https://api.telegram.org/bot8611683567:AAFcLxkFz7jJSkr7jhzas3Y1KHZI8CN8W8g/answerCallbackQuery "HTTP/1.1 200 OK"
2026-03-14 08:16:49,396 [INFO] httpx: HTTP Request: POST https://api.telegram.org/bot8611683567:AAFcLxkFz7jJSkr7jhzas3Y1KHZI8CN8W8g/editMessageText "HTTP/1.1 200 OK"
2026-03-14 08:16:50,587 [INFO] httpx: HTTP Request: POST https://api.telegram.org/bot8611683567:AAFcLxkFz7jJSkr7jhzas3Y1KHZI8CN8W8g/getUpdates "HTTP/1.1 200 OK"
2026-03-14 08:16:50,673 [INFO] httpx: HTTP Request: POST https://api.telegram.org/bot8611683567:AAFcLxkFz7jJSkr7jhzas3Y1KHZI8CN8W8g/answerCallbackQuery "HTTP/1.1 200 OK"
2026-03-14 08:16:50,772 [INFO] httpx: HTTP Request: POST https://api.telegram.org/bot8611683567:AAFcLxkFz7jJSkr7jhzas3Y1KHZI8CN8W8g/editMessageText "HTTP/1.1 200 OK"
2026-03-14 08:16:52,570 [INFO] httpx: HTTP Request: POST https://api.telegram.org/bot8611683567:AAFcLxkFz7jJSkr7jhzas3Y1KHZI8CN8W8g/getUpdates "HTTP/1.1 200 OK"
2026-03-14 08:16:52,628 [INFO] httpx: HTTP Request: POST https://api.telegram.org/bot8611683567:AAFcLxkFz7jJSkr7jhzas3Y1KHZI8CN8W8g/answerCallbackQuery "HTTP/1.1 200 OK"
2026-03-14 08:16:52,694 [INFO] httpx: HTTP Request: POST https://api.telegram.org/bot8611683567:AAFcLxkFz7jJSkr7jhzas3Y1KHZI8CN8W8g/editMessageText "HTTP/1.1 200 OK"
2026-03-14 08:16:58,220 [INFO] httpx: HTTP Request: POST https://api.telegram.org/bot8611683567:AAFcLxkFz7jJSkr7jhzas3Y1KHZI8CN8W8g/getUpdates "HTTP/1.1 200 OK"
2026-03-14 08:16:58,423 [INFO] httpx: HTTP Request: POST https://api.telegram.org/bot8611683567:AAFcLxkFz7jJSkr7jhzas3Y1KHZI8CN8W8g/answerCallbackQuery "HTTP/1.1 200 OK"
2026-03-14 08:16:58,486 [INFO] httpx: HTTP Request: POST https://api.telegram.org/bot8611683567:AAFcLxkFz7jJSkr7jhzas3Y1KHZI8CN8W8g/editMessageText "HTTP/1.1 200 OK"
2026-03-14 08:17:00,850 [INFO] httpx: HTTP Request: POST https://api.telegram.org/bot8611683567:AAFcLxkFz7jJSkr7jhzas3Y1KHZI8CN8W8g/getUpdates "HTTP/1.1 200 OK"
2026-03-14 08:17:00,897 [INFO] httpx: HTTP Request: POST https://api.telegram.org/bot8611683567:AAFcLxkFz7jJSkr7jhzas3Y1KHZI8CN8W8g/answerCallbackQuery "HTTP/1.1 200 OK"
2026-03-14 08:17:00,961 [INFO] httpx: HTTP Request: POST https://api.telegram.org/bot8611683567:AAFcLxkFz7jJSkr7jhzas3Y1KHZI8CN8W8g/editMessageText "HTTP/1.1 200 OK"
2026-03-14 08:17:10,895 [INFO] httpx: HTTP Request: POST https://api.telegram.org/bot8611683567:AAFcLxkFz7jJSkr7jhzas3Y1KHZI8CN8W8g/getUpdates "HTTP/1.1 200 OK"
2026-03-14 08:17:20,933 [INFO] httpx: HTTP Request: POST https://api.telegram.org/bot8611683567:AAFcLxkFz7jJSkr7jhzas3Y1KHZI8CN8W8g/getUpdates "HTTP/1.1 200 OK"
2026-03-14 08:17:30,971 [INFO] httpx: HTTP Request: POST https://api.telegram.org/bot8611683567:AAFcLxkFz7jJSkr7jhzas3Y1KHZI8CN8W8g/getUpdates "HTTP/1.1 200 OK"
2026-03-14 08:17:41,007 [INFO] httpx: HTTP Request: POST https://api.telegram.org/bot8611683567:AAFcLxkFz7jJSkr7jhzas3Y1KHZI8CN8W8g/getUpdates "HTTP/1.1 200 OK"
2026-03-14 08:17:51,044 [INFO] httpx: HTTP Request: POST https://api.telegram.org/bot8611683567:AAFcLxkFz7jJSkr7jhzas3Y1KHZI8CN8W8g/getUpdates "HTTP/1.1 200 OK"
2026-03-14 08:18:00,467 [INFO] httpx: HTTP Request: POST https://api.telegram.org/bot8611683567:AAFcLxkFz7jJSkr7jhzas3Y1KHZI8CN8W8g/getUpdates "HTTP/1.1 200 OK"
2026-03-14 08:18:00,649 [INFO] httpx: HTTP Request: POST https://api.telegram.org/bot8611683567:AAFcLxkFz7jJSkr7jhzas3Y1KHZI8CN8W8g/answerCallbackQuery "HTTP/1.1 200 OK"
2026-03-14 08:18:00,772 [INFO] httpx: HTTP Request: POST https://api.telegram.org/bot8611683567:AAFcLxkFz7jJSkr7jhzas3Y1KHZI8CN8W8g/editMessageText "HTTP/1.1 200 OK"
2026-03-14 08:18:10,506 [INFO] httpx: HTTP Request: POST https://api.telegram.org/bot8611683567:AAFcLxkFz7jJSkr7jhzas3Y1KHZI8CN8W8g/getUpdates "HTTP/1.1 200 OK"
2026-03-14 08:18:10,740 [INFO] httpx: HTTP Request: POST https://api.telegram.org/bot8611683567:AAFcLxkFz7jJSkr7jhzas3Y1KHZI8CN8W8g/getUpdates "HTTP/1.1 200 OK"
2026-03-14 08:18:10,865 [INFO] httpx: HTTP Request: POST https://api.telegram.org/bot8611683567:AAFcLxkFz7jJSkr7jhzas3Y1KHZI8CN8W8g/answerCallbackQuery "HTTP/1.1 200 OK"
2026-03-14 08:18:10,933 [INFO] httpx: HTTP Request: POST https://api.telegram.org/bot8611683567:AAFcLxkFz7jJSkr7jhzas3Y1KHZI8CN8W8g/editMessageText "HTTP/1.1 200 OK"
2026-03-14 08:18:16,309 [INFO] httpx: HTTP Request: POST https://api.telegram.org/bot8611683567:AAFcLxkFz7jJSkr7jhzas3Y1KHZI8CN8W8g/getUpdates "HTTP/1.1 200 OK"
2026-03-14 08:18:16,434 [INFO] httpx: HTTP Request: POST https://api.telegram.org/bot8611683567:AAFcLxkFz7jJSkr7jhzas3Y1KHZI8CN8W8g/answerCallbackQuery "HTTP/1.1 200 OK"
2026-03-14 08:18:16,497 [INFO] httpx: HTTP Request: POST https://api.telegram.org/bot8611683567:AAFcLxkFz7jJSkr7jhzas3Y1KHZI8CN8W8g/editMessageText "HTTP/1.1 200 OK"
2026-03-14 08:18:26,349 [INFO] httpx: HTTP Request: POST https://api.telegram.org/bot8611683567:AAFcLxkFz7jJSkr7jhzas3Y1KHZI8CN8W8g/getUpdates "HTTP/1.1 200 OK"
2026-03-14 08:18:36,395 [INFO] httpx: HTTP Request: POST https://api.telegram.org/bot8611683567:AAFcLxkFz7jJSkr7jhzas3Y1KHZI8CN8W8g/getUpdates "HTTP/1.1 200 OK"
2026-03-14 08:18:46,436 [INFO] httpx: HTTP Request: POST https://api.telegram.org/bot8611683567:AAFcLxkFz7jJSkr7jhzas3Y1KHZI8CN8W8g/getUpdates "HTTP/1.1 200 OK"
2026-03-14 08:18:56,475 [INFO] httpx: HTTP Request: POST https://api.telegram.org/bot8611683567:AAFcLxkFz7jJSkr7jhzas3Y1KHZI8CN8W8g/getUpdates "HTTP/1.1 200 OK"
2026-03-14 08:19:06,511 [INFO] httpx: HTTP Request: POST https://api.telegram.org/bot8611683567:AAFcLxkFz7jJSkr7jhzas3Y1KHZI8CN8W8g/getUpdates "HTTP/1.1 200 OK"
2026-03-14 08:19:16,552 [INFO] httpx: HTTP Request: POST https://api.telegram.org/bot8611683567:AAFcLxkFz7jJSkr7jhzas3Y1KHZI8CN8W8g/getUpdates "HTTP/1.1 200 OK"
2026-03-14 08:19:26,595 [INFO] httpx: HTTP Request: POST https://api.telegram.org/bot8611683567:AAFcLxkFz7jJSkr7jhzas3Y1KHZI8CN8W8g/getUpdates "HTTP/1.1 200 OK"
2026-03-14 08:19:36,633 [INFO] httpx: HTTP Request: POST https://api.telegram.org/bot8611683567:AAFcLxkFz7jJSkr7jhzas3Y1KHZI8CN8W8g/getUpdates "HTTP/1.1 200 OK"
2026-03-14 08:19:46,670 [INFO] httpx: HTTP Request: POST https://api.telegram.org/bot8611683567:AAFcLxkFz7jJSkr7jhzas3Y1KHZI8CN8W8g/getUpdates "HTTP/1.1 200 OK"
2026-03-14 08:19:56,711 [INFO] httpx: HTTP Request: POST https://api.telegram.org/bot8611683567:AAFcLxkFz7jJSkr7jhzas3Y1KHZI8CN8W8g/getUpdates "HTTP/1.1 200 OK"
2026-03-14 08:20:06,839 [INFO] httpx: HTTP Request: POST https://api.telegram.org/bot8611683567:AAFcLxkFz7jJSkr7jhzas3Y1KHZI8CN8W8g/getUpdates "HTTP/1.1 200 OK"
2026-03-14 08:20:17,007 [INFO] httpx: HTTP Request: POST https://api.telegram.org/bot8611683567:AAFcLxkFz7jJSkr7jhzas3Y1KHZI8CN8W8g/getUpdates "HTTP/1.1 200 OK"
2026-03-14 08:20:27,047 [INFO] httpx: HTTP Request: POST https://api.telegram.org/bot8611683567:AAFcLxkFz7jJSkr7jhzas3Y1KHZI8CN8W8g/getUpdates "HTTP/1.1 200 OK"
2026-03-14 08:20:28,846 [INFO] httpx: HTTP Request: POST https://api.telegram.org/bot8611683567:AAFcLxkFz7jJSkr7jhzas3Y1KHZI8CN8W8g/getUpdates "HTTP/1.1 200 OK"
2026-03-14 08:20:28,973 [INFO] httpx: HTTP Request: POST https://api.telegram.org/bot8611683567:AAFcLxkFz7jJSkr7jhzas3Y1KHZI8CN8W8g/answerCallbackQuery "HTTP/1.1 200 OK"
2026-03-14 08:20:29,058 [INFO] httpx: HTTP Request: POST https://api.telegram.org/bot8611683567:AAFcLxkFz7jJSkr7jhzas3Y1KHZI8CN8W8g/editMessageText "HTTP/1.1 200 OK"
2026-03-14 08:20:38,891 [INFO] httpx: HTTP Request: POST https://api.telegram.org/bot8611683567:AAFcLxkFz7jJSkr7jhzas3Y1KHZI8CN8W8g/getUpdates "HTTP/1.1 200 OK"
2026-03-14 08:20:48,928 [INFO] httpx: HTTP Request: POST https://api.telegram.org/bot8611683567:AAFcLxkFz7jJSkr7jhzas3Y1KHZI8CN8W8g/getUpdates "HTTP/1.1 200 OK"
2026-03-14 08:20:58,963 [INFO] httpx: HTTP Request: POST https://api.telegram.org/bot8611683567:AAFcLxkFz7jJSkr7jhzas3Y1KHZI8CN8W8g/getUpdates "HTTP/1.1 200 OK"
2026-03-14 08:21:09,001 [INFO] httpx: HTTP Request: POST https://api.telegram.org/bot8611683567:AAFcLxkFz7jJSkr7jhzas3Y1KHZI8CN8W8g/getUpdates "HTTP/1.1 200 OK"
2026-03-14 08:21:19,038 [INFO] httpx: HTTP Request: POST https://api.telegram.org/bot8611683567:AAFcLxkFz7jJSkr7jhzas3Y1KHZI8CN8W8g/getUpdates "HTTP/1.1 200 OK"
2026-03-14 08:21:29,168 [INFO] httpx: HTTP Request: POST https://api.telegram.org/bot8611683567:AAFcLxkFz7jJSkr7jhzas3Y1KHZI8CN8W8g/getUpdates "HTTP/1.1 200 OK"
2026-03-14 08:21:39,207 [INFO] httpx: HTTP Request: POST https://api.telegram.org/bot8611683567:AAFcLxkFz7jJSkr7jhzas3Y1KHZI8CN8W8g/getUpdates "HTTP/1.1 200 OK"
2026-03-14 08:21:49,245 [INFO] httpx: HTTP Request: POST https://api.telegram.org/bot8611683567:AAFcLxkFz7jJSkr7jhzas3Y1KHZI8CN8W8g/getUpdates "HTTP/1.1 200 OK"
2026-03-14 08:21:59,283 [INFO] httpx: HTTP Request: POST https://api.telegram.org/bot8611683567:AAFcLxkFz7jJSkr7jhzas3Y1KHZI8CN8W8g/getUpdates "HTTP/1.1 200 OK"
2026-03-14 08:22:09,331 [INFO] httpx: HTTP Request: POST https://api.telegram.org/bot8611683567:AAFcLxkFz7jJSkr7jhzas3Y1KHZI8CN8W8g/getUpdates "HTTP/1.1 200 OK"
2026-03-14 08:22:19,366 [INFO] httpx: HTTP Request: POST https://api.telegram.org/bot8611683567:AAFcLxkFz7jJSkr7jhzas3Y1KHZI8CN8W8g/getUpdates "HTTP/1.1 200 OK"
2026-03-14 08:22:29,402 [INFO] httpx: HTTP Request: POST https://api.telegram.org/bot8611683567:AAFcLxkFz7jJSkr7jhzas3Y1KHZI8CN8W8g/getUpdates "HTTP/1.1 200 OK"
2026-03-14 08:22:39,437 [INFO] httpx: HTTP Request: POST https://api.telegram.org/bot8611683567:AAFcLxkFz7jJSkr7jhzas3Y1KHZI8CN8W8g/getUpdates "HTTP/1.1 200 OK"
2026-03-14 08:22:49,476 [INFO] httpx: HTTP Request: POST https://api.telegram.org/bot8611683567:AAFcLxkFz7jJSkr7jhzas3Y1KHZI8CN8W8g/getUpdates "HTTP/1.1 200 OK"
2026-03-14 08:22:59,511 [INFO] httpx: HTTP Request: POST https://api.telegram.org/bot8611683567:AAFcLxkFz7jJSkr7jhzas3Y1KHZI8CN8W8g/getUpdates "HTTP/1.1 200 OK"
2026-03-14 08:23:09,546 [INFO] httpx: HTTP Request: POST https://api.telegram.org/bot8611683567:AAFcLxkFz7jJSkr7jhzas3Y1KHZI8CN8W8g/getUpdates "HTTP/1.1 200 OK"
2026-03-14 08:23:19,584 [INFO] httpx: HTTP Request: POST https://api.telegram.org/bot8611683567:AAFcLxkFz7jJSkr7jhzas3Y1KHZI8CN8W8g/getUpdates "HTTP/1.1 200 OK"
2026-03-14 08:23:29,622 [INFO] httpx: HTTP Request: POST https://api.telegram.org/bot8611683567:AAFcLxkFz7jJSkr7jhzas3Y1KHZI8CN8W8g/getUpdates "HTTP/1.1 200 OK"
2026-03-14 08:23:39,658 [INFO] httpx: HTTP Request: POST https://api.telegram.org/bot8611683567:AAFcLxkFz7jJSkr7jhzas3Y1KHZI8CN8W8g/getUpdates "HTTP/1.1 200 OK"
2026-03-14 08:23:49,695 [INFO] httpx: HTTP Request: POST https://api.telegram.org/bot8611683567:AAFcLxkFz7jJSkr7jhzas3Y1KHZI8CN8W8g/getUpdates "HTTP/1.1 200 OK"
2026-03-14 08:23:59,737 [INFO] httpx: HTTP Request: POST https://api.telegram.org/bot8611683567:AAFcLxkFz7jJSkr7jhzas3Y1KHZI8CN8W8g/getUpdates "HTTP/1.1 200 OK"
2026-03-14 08:24:09,777 [INFO] httpx: HTTP Request: POST https://api.telegram.org/bot8611683567:AAFcLxkFz7jJSkr7jhzas3Y1KHZI8CN8W8g/getUpdates "HTTP/1.1 200 OK"
2026-03-14 08:24:19,817 [INFO] httpx: HTTP Request: POST https://api.telegram.org/bot8611683567:AAFcLxkFz7jJSkr7jhzas3Y1KHZI8CN8W8g/getUpdates "HTTP/1.1 200 OK"
2026-03-14 08:24:29,855 [INFO] httpx: HTTP Request: POST https://api.telegram.org/bot8611683567:AAFcLxkFz7jJSkr7jhzas3Y1KHZI8CN8W8g/getUpdates "HTTP/1.1 200 OK"
2026-03-14 08:24:39,894 [INFO] httpx: HTTP Request: POST https://api.telegram.org/bot8611683567:AAFcLxkFz7jJSkr7jhzas3Y1KHZI8CN8W8g/getUpdates "HTTP/1.1 200 OK"
2026-03-14 08:24:49,927 [INFO] httpx: HTTP Request: POST https://api.telegram.org/bot8611683567:AAFcLxkFz7jJSkr7jhzas3Y1KHZI8CN8W8g/getUpdates "HTTP/1.1 200 OK"
2026-03-14 08:24:59,966 [INFO] httpx: HTTP Request: POST https://api.telegram.org/bot8611683567:AAFcLxkFz7jJSkr7jhzas3Y1KHZI8CN8W8g/getUpdates "HTTP/1.1 200 OK"
2026-03-14 08:25:10,000 [INFO] httpx: HTTP Request: POST https://api.telegram.org/bot8611683567:AAFcLxkFz7jJSkr7jhzas3Y1KHZI8CN8W8g/getUpdates "HTTP/1.1 200 OK"
2026-03-14 08:25:20,036 [INFO] httpx: HTTP Request: POST https://api.telegram.org/bot8611683567:AAFcLxkFz7jJSkr7jhzas3Y1KHZI8CN8W8g/getUpdates "HTTP/1.1 200 OK"
2026-03-14 08:25:30,077 [INFO] httpx: HTTP Request: POST https://api.telegram.org/bot8611683567:AAFcLxkFz7jJSkr7jhzas3Y1KHZI8CN8W8g/getUpdates "HTTP/1.1 200 OK"
2026-03-14 08:25:40,114 [INFO] httpx: HTTP Request: POST https://api.telegram.org/bot8611683567:AAFcLxkFz7jJSkr7jhzas3Y1KHZI8CN8W8g/getUpdates "HTTP/1.1 200 OK"
2026-03-14 08:25:50,151 [INFO] httpx: HTTP Request: POST https://api.telegram.org/bot8611683567:AAFcLxkFz7jJSkr7jhzas3Y1KHZI8CN8W8g/getUpdates "HTTP/1.1 200 OK"
2026-03-14 08:26:00,198 [INFO] httpx: HTTP Request: POST https://api.telegram.org/bot8611683567:AAFcLxkFz7jJSkr7jhzas3Y1KHZI8CN8W8g/getUpdates "HTTP/1.1 200 OK"
2026-03-14 08:26:10,234 [INFO] httpx: HTTP Request: POST https://api.telegram.org/bot8611683567:AAFcLxkFz7jJSkr7jhzas3Y1KHZI8CN8W8g/getUpdates "HTTP/1.1 200 OK"
2026-03-14 08:26:19,516 [INFO] __main__: ✅ БД готова
2026-03-14 08:26:19,958 [INFO] apscheduler.scheduler: Adding job tentatively -- it will be properly scheduled when the scheduler starts
2026-03-14 08:26:19,958 [INFO] __main__: 🤖 Бот запущен!
2026-03-14 08:26:20,130 [INFO] httpx: HTTP Request: POST https://api.telegram.org/bot8611683567:AAFcLxkFz7jJSkr7jhzas3Y1KHZI8CN8W8g/getMe "HTTP/1.1 200 OK"
2026-03-14 08:26:20,132 [INFO] apscheduler.scheduler: Added job "main.<locals>.<lambda>" to job store "default"
2026-03-14 08:26:20,132 [INFO] apscheduler.scheduler: Scheduler started
2026-03-14 08:26:20,132 [INFO] __main__: ⏰ Планировщик: каждые 30 мин
2026-03-14 08:26:25,149 [INFO] __main__: ▶️  Проверка [14.03.2026 08:26]
2026-03-14 08:26:31,802 [INFO] scrapers.novatours: Novatours: токен получен (03096e2114...)
2026-03-14 08:26:32,321 [INFO] scrapers.novatours: Novatours: 10 отелей с ценами
2026-03-14 08:26:32,911 [INFO] __main__: Novatours: 10 туров до фильтра
2026-03-14 08:26:32,912 [INFO] __main__: Итого до фильтра: 10
2026-03-14 08:26:32,927 [INFO] __main__: 🔥 Новых горящих: 2
2026-03-14 08:26:33,090 [INFO] httpx: HTTP Request: POST https://api.telegram.org/bot8611683567:AAFcLxkFz7jJSkr7jhzas3Y1KHZI8CN8W8g/sendPhoto "HTTP/1.1 200 OK"
2026-03-14 08:26:33,221 [INFO] httpx: HTTP Request: POST https://api.telegram.org/bot8611683567:AAFcLxkFz7jJSkr7jhzas3Y1KHZI8CN8W8g/sendPhoto "HTTP/1.1 200 OK"
2026-03-14 08:26:33,322 [INFO] httpx: HTTP Request: POST https://api.telegram.org/bot8611683567:AAFcLxkFz7jJSkr7jhzas3Y1KHZI8CN8W8g/deleteWebhook "HTTP/1.1 200 OK"
2026-03-14 08:26:33,325 [INFO] apscheduler.scheduler: Scheduler started
2026-03-14 08:26:33,325 [INFO] telegram.ext.Application: Application started
2026-03-14 08:26:33,431 [INFO] httpx: HTTP Request: POST https://api.telegram.org/bot8611683567:AAFcLxkFz7jJSkr7jhzas3Y1KHZI8CN8W8g/getUpdates "HTTP/1.1 200 OK"
2026-03-14 08:26:33,436 [ERROR] telegram.ext.Application: No error handlers are registered, logging exception.
Traceback (most recent call last):
  File "C:\Egypt\.venv\Lib\site-packages\telegram\ext\_application.py", line 1315, in process_update
    await coroutine
  File "C:\Egypt\.venv\Lib\site-packages\telegram\ext\_handlers\basehandler.py", line 159, in handle_update
    return await self.callback(update, context)
           ^^^^^^^^^^^^^^^^^^^^^^^^^^^^^^^^^^^^
  File "C:\Egypt\bot.py", line 180, in cmd_start
    reply_markup=main_keyboard(chat_id),
                 ~~~~~~~~~~~~~^^^^^^^^^
  File "C:\Egypt\bot.py", line 52, in main_keyboard
    return ReplyKeyboardMarkup(
        [[
    ...<5 lines>...
        persistent=True,
    )
TypeError: ReplyKeyboardMarkup.__init__() got an unexpected keyword argument 'persistent'. Did you mean 'is_persistent'?
2026-03-14 08:26:43,480 [INFO] httpx: HTTP Request: POST https://api.telegram.org/bot8611683567:AAFcLxkFz7jJSkr7jhzas3Y1KHZI8CN8W8g/getUpdates "HTTP/1.1 200 OK"
2026-03-14 08:26:53,519 [INFO] httpx: HTTP Request: POST https://api.telegram.org/bot8611683567:AAFcLxkFz7jJSkr7jhzas3Y1KHZI8CN8W8g/getUpdates "HTTP/1.1 200 OK"
2026-03-14 08:27:03,606 [INFO] httpx: HTTP Request: POST https://api.telegram.org/bot8611683567:AAFcLxkFz7jJSkr7jhzas3Y1KHZI8CN8W8g/getUpdates "HTTP/1.1 200 OK"
2026-03-14 08:27:13,646 [INFO] httpx: HTTP Request: POST https://api.telegram.org/bot8611683567:AAFcLxkFz7jJSkr7jhzas3Y1KHZI8CN8W8g/getUpdates "HTTP/1.1 200 OK"
2026-03-14 08:27:23,684 [INFO] httpx: HTTP Request: POST https://api.telegram.org/bot8611683567:AAFcLxkFz7jJSkr7jhzas3Y1KHZI8CN8W8g/getUpdates "HTTP/1.1 200 OK"
2026-03-14 08:27:33,721 [INFO] httpx: HTTP Request: POST https://api.telegram.org/bot8611683567:AAFcLxkFz7jJSkr7jhzas3Y1KHZI8CN8W8g/getUpdates "HTTP/1.1 200 OK"
2026-03-14 08:27:40,442 [INFO] __main__: ✅ БД готова
2026-03-14 08:27:40,880 [INFO] apscheduler.scheduler: Adding job tentatively -- it will be properly scheduled when the scheduler starts
2026-03-14 08:27:40,880 [INFO] __main__: 🤖 Бот запущен!
2026-03-14 08:27:41,043 [INFO] httpx: HTTP Request: POST https://api.telegram.org/bot8611683567:AAFcLxkFz7jJSkr7jhzas3Y1KHZI8CN8W8g/getMe "HTTP/1.1 200 OK"
2026-03-14 08:27:41,045 [INFO] apscheduler.scheduler: Added job "main.<locals>.<lambda>" to job store "default"
2026-03-14 08:27:41,045 [INFO] apscheduler.scheduler: Scheduler started
2026-03-14 08:27:41,046 [INFO] __main__: ⏰ Планировщик: каждые 30 мин
2026-03-14 08:27:46,058 [INFO] __main__: ▶️  Проверка [14.03.2026 08:27]
2026-03-14 08:27:50,168 [INFO] scrapers.novatours: Novatours: токен получен (03096e2114...)
2026-03-14 08:27:50,751 [INFO] scrapers.novatours: Novatours: 10 отелей с ценами
2026-03-14 08:27:51,317 [INFO] __main__: Novatours: 10 туров до фильтра
2026-03-14 08:27:51,317 [INFO] __main__: Итого до фильтра: 10
2026-03-14 08:27:51,321 [INFO] __main__: 🔥 Новых горящих: 0
2026-03-14 08:27:51,429 [INFO] httpx: HTTP Request: POST https://api.telegram.org/bot8611683567:AAFcLxkFz7jJSkr7jhzas3Y1KHZI8CN8W8g/deleteWebhook "HTTP/1.1 200 OK"
2026-03-14 08:27:51,433 [INFO] apscheduler.scheduler: Scheduler started
2026-03-14 08:27:51,434 [INFO] telegram.ext.Application: Application started
2026-03-14 08:27:51,537 [INFO] httpx: HTTP Request: POST https://api.telegram.org/bot8611683567:AAFcLxkFz7jJSkr7jhzas3Y1KHZI8CN8W8g/getUpdates "HTTP/1.1 200 OK"
2026-03-14 08:27:51,544 [ERROR] telegram.ext.Application: No error handlers are registered, logging exception.
Traceback (most recent call last):
  File "C:\Egypt\.venv\Lib\site-packages\telegram\ext\_application.py", line 1315, in process_update
    await coroutine
  File "C:\Egypt\.venv\Lib\site-packages\telegram\ext\_handlers\basehandler.py", line 159, in handle_update
    return await self.callback(update, context)
           ^^^^^^^^^^^^^^^^^^^^^^^^^^^^^^^^^^^^
  File "C:\Egypt\bot.py", line 180, in cmd_start
    reply_markup=main_keyboard(chat_id),
                 ~~~~~~~~~~~~~^^^^^^^^^
  File "C:\Egypt\bot.py", line 52, in main_keyboard
    return ReplyKeyboardMarkup(
        [[
    ...<5 lines>...
        persistent=True,
    )
TypeError: ReplyKeyboardMarkup.__init__() got an unexpected keyword argument 'persistent'. Did you mean 'is_persistent'?
2026-03-14 08:28:01,583 [INFO] httpx: HTTP Request: POST https://api.telegram.org/bot8611683567:AAFcLxkFz7jJSkr7jhzas3Y1KHZI8CN8W8g/getUpdates "HTTP/1.1 200 OK"
2026-03-14 08:28:11,616 [INFO] httpx: HTTP Request: POST https://api.telegram.org/bot8611683567:AAFcLxkFz7jJSkr7jhzas3Y1KHZI8CN8W8g/getUpdates "HTTP/1.1 200 OK"
2026-03-14 08:28:21,651 [INFO] httpx: HTTP Request: POST https://api.telegram.org/bot8611683567:AAFcLxkFz7jJSkr7jhzas3Y1KHZI8CN8W8g/getUpdates "HTTP/1.1 200 OK"
2026-03-14 08:28:31,694 [INFO] httpx: HTTP Request: POST https://api.telegram.org/bot8611683567:AAFcLxkFz7jJSkr7jhzas3Y1KHZI8CN8W8g/getUpdates "HTTP/1.1 200 OK"
2026-03-14 08:28:41,730 [INFO] httpx: HTTP Request: POST https://api.telegram.org/bot8611683567:AAFcLxkFz7jJSkr7jhzas3Y1KHZI8CN8W8g/getUpdates "HTTP/1.1 200 OK"
2026-03-14 08:29:42,632 [INFO] __main__: ✅ БД готова
2026-03-14 08:29:43,129 [INFO] apscheduler.scheduler: Adding job tentatively -- it will be properly scheduled when the scheduler starts
2026-03-14 08:29:43,129 [INFO] __main__: 🤖 Бот запущен!
2026-03-14 08:29:43,328 [INFO] httpx: HTTP Request: POST https://api.telegram.org/bot8611683567:AAFcLxkFz7jJSkr7jhzas3Y1KHZI8CN8W8g/getMe "HTTP/1.1 200 OK"
2026-03-14 08:29:43,330 [INFO] apscheduler.scheduler: Added job "main.<locals>.<lambda>" to job store "default"
2026-03-14 08:29:43,331 [INFO] apscheduler.scheduler: Scheduler started
2026-03-14 08:29:43,331 [INFO] __main__: ⏰ Планировщик: каждые 30 мин
2026-03-14 08:29:48,347 [INFO] __main__: ▶️  Проверка [14.03.2026 08:29]
2026-03-14 08:29:52,426 [INFO] scrapers.novatours: Novatours: токен получен (03096e2114...)
2026-03-14 08:29:53,184 [INFO] scrapers.novatours: Novatours: 10 отелей с ценами
2026-03-14 08:29:53,833 [INFO] __main__: Novatours: 10 туров до фильтра
2026-03-14 08:29:53,834 [INFO] __main__: Итого до фильтра: 10
2026-03-14 08:29:53,845 [INFO] __main__: 🔥 Новых горящих: 2
2026-03-14 08:29:53,997 [INFO] httpx: HTTP Request: POST https://api.telegram.org/bot8611683567:AAFcLxkFz7jJSkr7jhzas3Y1KHZI8CN8W8g/sendPhoto "HTTP/1.1 200 OK"
2026-03-14 08:29:54,158 [INFO] httpx: HTTP Request: POST https://api.telegram.org/bot8611683567:AAFcLxkFz7jJSkr7jhzas3Y1KHZI8CN8W8g/sendPhoto "HTTP/1.1 200 OK"
2026-03-14 08:29:54,256 [INFO] httpx: HTTP Request: POST https://api.telegram.org/bot8611683567:AAFcLxkFz7jJSkr7jhzas3Y1KHZI8CN8W8g/deleteWebhook "HTTP/1.1 200 OK"
2026-03-14 08:29:54,261 [INFO] apscheduler.scheduler: Scheduler started
2026-03-14 08:29:54,262 [INFO] telegram.ext.Application: Application started
2026-03-14 08:30:04,375 [INFO] httpx: HTTP Request: POST https://api.telegram.org/bot8611683567:AAFcLxkFz7jJSkr7jhzas3Y1KHZI8CN8W8g/getUpdates "HTTP/1.1 200 OK"
2026-03-14 08:30:14,410 [INFO] httpx: HTTP Request: POST https://api.telegram.org/bot8611683567:AAFcLxkFz7jJSkr7jhzas3Y1KHZI8CN8W8g/getUpdates "HTTP/1.1 200 OK"
2026-03-14 08:30:24,454 [INFO] httpx: HTTP Request: POST https://api.telegram.org/bot8611683567:AAFcLxkFz7jJSkr7jhzas3Y1KHZI8CN8W8g/getUpdates "HTTP/1.1 200 OK"
2026-03-14 08:30:34,490 [INFO] httpx: HTTP Request: POST https://api.telegram.org/bot8611683567:AAFcLxkFz7jJSkr7jhzas3Y1KHZI8CN8W8g/getUpdates "HTTP/1.1 200 OK"
2026-03-14 08:30:44,531 [INFO] httpx: HTTP Request: POST https://api.telegram.org/bot8611683567:AAFcLxkFz7jJSkr7jhzas3Y1KHZI8CN8W8g/getUpdates "HTTP/1.1 200 OK"
2026-03-14 08:30:54,571 [INFO] httpx: HTTP Request: POST https://api.telegram.org/bot8611683567:AAFcLxkFz7jJSkr7jhzas3Y1KHZI8CN8W8g/getUpdates "HTTP/1.1 200 OK"
2026-03-14 08:31:04,612 [INFO] httpx: HTTP Request: POST https://api.telegram.org/bot8611683567:AAFcLxkFz7jJSkr7jhzas3Y1KHZI8CN8W8g/getUpdates "HTTP/1.1 200 OK"
2026-03-14 08:31:14,654 [INFO] httpx: HTTP Request: POST https://api.telegram.org/bot8611683567:AAFcLxkFz7jJSkr7jhzas3Y1KHZI8CN8W8g/getUpdates "HTTP/1.1 200 OK"
2026-03-14 08:31:24,691 [INFO] httpx: HTTP Request: POST https://api.telegram.org/bot8611683567:AAFcLxkFz7jJSkr7jhzas3Y1KHZI8CN8W8g/getUpdates "HTTP/1.1 200 OK"
2026-03-14 08:31:34,731 [INFO] httpx: HTTP Request: POST https://api.telegram.org/bot8611683567:AAFcLxkFz7jJSkr7jhzas3Y1KHZI8CN8W8g/getUpdates "HTTP/1.1 200 OK"
2026-03-14 08:31:44,772 [INFO] httpx: HTTP Request: POST https://api.telegram.org/bot8611683567:AAFcLxkFz7jJSkr7jhzas3Y1KHZI8CN8W8g/getUpdates "HTTP/1.1 200 OK"
2026-03-14 08:31:54,808 [INFO] httpx: HTTP Request: POST https://api.telegram.org/bot8611683567:AAFcLxkFz7jJSkr7jhzas3Y1KHZI8CN8W8g/getUpdates "HTTP/1.1 200 OK"
2026-03-14 08:32:04,843 [INFO] httpx: HTTP Request: POST https://api.telegram.org/bot8611683567:AAFcLxkFz7jJSkr7jhzas3Y1KHZI8CN8W8g/getUpdates "HTTP/1.1 200 OK"
2026-03-14 08:32:14,881 [INFO] httpx: HTTP Request: POST https://api.telegram.org/bot8611683567:AAFcLxkFz7jJSkr7jhzas3Y1KHZI8CN8W8g/getUpdates "HTTP/1.1 200 OK"
2026-03-14 08:32:24,923 [INFO] httpx: HTTP Request: POST https://api.telegram.org/bot8611683567:AAFcLxkFz7jJSkr7jhzas3Y1KHZI8CN8W8g/getUpdates "HTTP/1.1 200 OK"
2026-03-14 08:32:35,011 [INFO] httpx: HTTP Request: POST https://api.telegram.org/bot8611683567:AAFcLxkFz7jJSkr7jhzas3Y1KHZI8CN8W8g/getUpdates "HTTP/1.1 200 OK"
2026-03-14 08:32:35,401 [INFO] httpx: HTTP Request: POST https://api.telegram.org/bot8611683567:AAFcLxkFz7jJSkr7jhzas3Y1KHZI8CN8W8g/getUpdates "HTTP/1.1 200 OK"
2026-03-14 08:32:35,406 [ERROR] telegram.ext.Application: No error handlers are registered, logging exception.
Traceback (most recent call last):
  File "C:\Egypt\.venv\Lib\site-packages\telegram\ext\_application.py", line 1315, in process_update
    await coroutine
  File "C:\Egypt\.venv\Lib\site-packages\telegram\ext\_handlers\basehandler.py", line 159, in handle_update
    return await self.callback(update, context)
           ^^^^^^^^^^^^^^^^^^^^^^^^^^^^^^^^^^^^
  File "C:\Egypt\bot.py", line 180, in cmd_start
    reply_markup=main_keyboard(chat_id),
                 ~~~~~~~~~~~~~^^^^^^^^^
  File "C:\Egypt\bot.py", line 52, in main_keyboard
    return ReplyKeyboardMarkup(
        [[
    ...<5 lines>...
        persistent=True,
    )
TypeError: ReplyKeyboardMarkup.__init__() got an unexpected keyword argument 'persistent'. Did you mean 'is_persistent'?
2026-03-14 08:32:45,444 [INFO] httpx: HTTP Request: POST https://api.telegram.org/bot8611683567:AAFcLxkFz7jJSkr7jhzas3Y1KHZI8CN8W8g/getUpdates "HTTP/1.1 200 OK"
2026-03-14 08:32:49,363 [INFO] httpx: HTTP Request: POST https://api.telegram.org/bot8611683567:AAFcLxkFz7jJSkr7jhzas3Y1KHZI8CN8W8g/getUpdates "HTTP/1.1 200 OK"
2026-03-14 08:32:49,369 [ERROR] telegram.ext.Application: No error handlers are registered, logging exception.
Traceback (most recent call last):
  File "C:\Egypt\.venv\Lib\site-packages\telegram\ext\_application.py", line 1315, in process_update
    await coroutine
  File "C:\Egypt\.venv\Lib\site-packages\telegram\ext\_handlers\basehandler.py", line 159, in handle_update
    return await self.callback(update, context)
           ^^^^^^^^^^^^^^^^^^^^^^^^^^^^^^^^^^^^
  File "C:\Egypt\bot.py", line 180, in cmd_start
    reply_markup=main_keyboard(chat_id),
                 ~~~~~~~~~~~~~^^^^^^^^^
  File "C:\Egypt\bot.py", line 52, in main_keyboard
    return ReplyKeyboardMarkup(
        [[
    ...<5 lines>...
        persistent=True,
    )
TypeError: ReplyKeyboardMarkup.__init__() got an unexpected keyword argument 'persistent'. Did you mean 'is_persistent'?
2026-03-14 08:32:59,407 [INFO] httpx: HTTP Request: POST https://api.telegram.org/bot8611683567:AAFcLxkFz7jJSkr7jhzas3Y1KHZI8CN8W8g/getUpdates "HTTP/1.1 200 OK"
2026-03-14 08:33:09,443 [INFO] httpx: HTTP Request: POST https://api.telegram.org/bot8611683567:AAFcLxkFz7jJSkr7jhzas3Y1KHZI8CN8W8g/getUpdates "HTTP/1.1 200 OK"
2026-03-14 08:33:19,486 [INFO] httpx: HTTP Request: POST https://api.telegram.org/bot8611683567:AAFcLxkFz7jJSkr7jhzas3Y1KHZI8CN8W8g/getUpdates "HTTP/1.1 200 OK"
2026-03-14 08:33:29,524 [INFO] httpx: HTTP Request: POST https://api.telegram.org/bot8611683567:AAFcLxkFz7jJSkr7jhzas3Y1KHZI8CN8W8g/getUpdates "HTTP/1.1 200 OK"
2026-03-14 08:33:39,559 [INFO] httpx: HTTP Request: POST https://api.telegram.org/bot8611683567:AAFcLxkFz7jJSkr7jhzas3Y1KHZI8CN8W8g/getUpdates "HTTP/1.1 200 OK"
2026-03-14 08:33:49,594 [INFO] httpx: HTTP Request: POST https://api.telegram.org/bot8611683567:AAFcLxkFz7jJSkr7jhzas3Y1KHZI8CN8W8g/getUpdates "HTTP/1.1 200 OK"
2026-03-14 08:33:59,648 [INFO] httpx: HTTP Request: POST https://api.telegram.org/bot8611683567:AAFcLxkFz7jJSkr7jhzas3Y1KHZI8CN8W8g/getUpdates "HTTP/1.1 200 OK"
2026-03-14 08:34:04,471 [INFO] httpx: HTTP Request: POST https://api.telegram.org/bot8611683567:AAFcLxkFz7jJSkr7jhzas3Y1KHZI8CN8W8g/getUpdates "HTTP/1.1 200 OK"
2026-03-14 08:34:04,472 [INFO] telegram.ext.Application: Application is stopping. This might take a moment.
2026-03-14 08:34:04,473 [INFO] apscheduler.scheduler: Scheduler has been shut down
2026-03-14 08:34:04,485 [INFO] telegram.ext.Application: Application.stop() complete
2026-03-14 08:34:04,487 [INFO] apscheduler.scheduler: Scheduler has been shut down
2026-03-14 08:34:11,564 [INFO] __main__: ✅ БД готова
2026-03-14 08:34:12,055 [INFO] apscheduler.scheduler: Adding job tentatively -- it will be properly scheduled when the scheduler starts
2026-03-14 08:34:12,055 [INFO] __main__: 🤖 Бот запущен!
2026-03-14 08:34:12,322 [INFO] httpx: HTTP Request: POST https://api.telegram.org/bot8611683567:AAFcLxkFz7jJSkr7jhzas3Y1KHZI8CN8W8g/getMe "HTTP/1.1 200 OK"
2026-03-14 08:34:12,325 [INFO] apscheduler.scheduler: Added job "main.<locals>.<lambda>" to job store "default"
2026-03-14 08:34:12,325 [INFO] apscheduler.scheduler: Scheduler started
2026-03-14 08:34:12,325 [INFO] __main__: ⏰ Планировщик: каждые 30 мин
2026-03-14 08:34:17,461 [INFO] httpx: HTTP Request: POST https://api.telegram.org/bot8611683567:AAFcLxkFz7jJSkr7jhzas3Y1KHZI8CN8W8g/sendMessage "HTTP/1.1 200 OK"
2026-03-14 08:34:17,463 [INFO] __main__: ▶️  Проверка [14.03.2026 08:34]
2026-03-14 08:34:21,463 [INFO] scrapers.novatours: Novatours: токен получен (03096e2114...)
2026-03-14 08:34:23,346 [INFO] scrapers.novatours: Novatours: 10 отелей с ценами
2026-03-14 08:34:29,666 [INFO] __main__: Novatours: 10 туров до фильтра
2026-03-14 08:34:29,667 [INFO] __main__: Итого до фильтра: 10
2026-03-14 08:34:29,687 [INFO] __main__: 🔥 Новых горящих: 2
2026-03-14 08:34:29,933 [INFO] httpx: HTTP Request: POST https://api.telegram.org/bot8611683567:AAFcLxkFz7jJSkr7jhzas3Y1KHZI8CN8W8g/sendPhoto "HTTP/1.1 200 OK"
2026-03-14 08:34:30,134 [INFO] httpx: HTTP Request: POST https://api.telegram.org/bot8611683567:AAFcLxkFz7jJSkr7jhzas3Y1KHZI8CN8W8g/sendPhoto "HTTP/1.1 200 OK"
2026-03-14 08:34:30,309 [INFO] httpx: HTTP Request: POST https://api.telegram.org/bot8611683567:AAFcLxkFz7jJSkr7jhzas3Y1KHZI8CN8W8g/deleteWebhook "HTTP/1.1 200 OK"
2026-03-14 08:34:30,314 [INFO] apscheduler.scheduler: Scheduler started
2026-03-14 08:34:30,315 [INFO] telegram.ext.Application: Application started
2026-03-14 08:34:40,519 [INFO] httpx: HTTP Request: POST https://api.telegram.org/bot8611683567:AAFcLxkFz7jJSkr7jhzas3Y1KHZI8CN8W8g/getUpdates "HTTP/1.1 200 OK"
2026-03-14 08:34:50,558 [INFO] httpx: HTTP Request: POST https://api.telegram.org/bot8611683567:AAFcLxkFz7jJSkr7jhzas3Y1KHZI8CN8W8g/getUpdates "HTTP/1.1 200 OK"
2026-03-14 08:35:00,598 [INFO] httpx: HTTP Request: POST https://api.telegram.org/bot8611683567:AAFcLxkFz7jJSkr7jhzas3Y1KHZI8CN8W8g/getUpdates "HTTP/1.1 200 OK"
2026-03-14 08:35:10,634 [INFO] httpx: HTTP Request: POST https://api.telegram.org/bot8611683567:AAFcLxkFz7jJSkr7jhzas3Y1KHZI8CN8W8g/getUpdates "HTTP/1.1 200 OK"
2026-03-14 08:35:16,837 [INFO] httpx: HTTP Request: POST https://api.telegram.org/bot8611683567:AAFcLxkFz7jJSkr7jhzas3Y1KHZI8CN8W8g/getUpdates "HTTP/1.1 200 OK"
2026-03-14 08:35:17,125 [INFO] httpx: HTTP Request: POST https://api.telegram.org/bot8611683567:AAFcLxkFz7jJSkr7jhzas3Y1KHZI8CN8W8g/sendMessage "HTTP/1.1 200 OK"
2026-03-14 08:35:19,386 [INFO] httpx: HTTP Request: POST https://api.telegram.org/bot8611683567:AAFcLxkFz7jJSkr7jhzas3Y1KHZI8CN8W8g/getUpdates "HTTP/1.1 200 OK"
2026-03-14 08:35:19,524 [INFO] httpx: HTTP Request: POST https://api.telegram.org/bot8611683567:AAFcLxkFz7jJSkr7jhzas3Y1KHZI8CN8W8g/sendMessage "HTTP/1.1 200 OK"
2026-03-14 08:35:27,096 [INFO] httpx: HTTP Request: POST https://api.telegram.org/bot8611683567:AAFcLxkFz7jJSkr7jhzas3Y1KHZI8CN8W8g/getUpdates "HTTP/1.1 200 OK"
2026-03-14 08:35:27,234 [INFO] httpx: HTTP Request: POST https://api.telegram.org/bot8611683567:AAFcLxkFz7jJSkr7jhzas3Y1KHZI8CN8W8g/sendMessage "HTTP/1.1 200 OK"
2026-03-14 08:35:27,236 [INFO] __main__: ▶️  Проверка [14.03.2026 08:35]
2026-03-14 08:35:27,756 [INFO] scrapers.novatours: Novatours: 10 отелей с ценами
2026-03-14 08:35:28,424 [INFO] __main__: Novatours: 10 туров до фильтра
2026-03-14 08:35:28,425 [INFO] __main__: Итого до фильтра: 10
2026-03-14 08:35:28,427 [INFO] __main__: 🔥 Новых горящих: 0
2026-03-14 08:35:28,503 [INFO] httpx: HTTP Request: POST https://api.telegram.org/bot8611683567:AAFcLxkFz7jJSkr7jhzas3Y1KHZI8CN8W8g/sendMessage "HTTP/1.1 200 OK"
2026-03-14 08:35:33,437 [INFO] httpx: HTTP Request: POST https://api.telegram.org/bot8611683567:AAFcLxkFz7jJSkr7jhzas3Y1KHZI8CN8W8g/getUpdates "HTTP/1.1 200 OK"
2026-03-14 08:35:33,538 [INFO] httpx: HTTP Request: POST https://api.telegram.org/bot8611683567:AAFcLxkFz7jJSkr7jhzas3Y1KHZI8CN8W8g/sendMessage "HTTP/1.1 200 OK"
2026-03-14 08:35:36,826 [INFO] httpx: HTTP Request: POST https://api.telegram.org/bot8611683567:AAFcLxkFz7jJSkr7jhzas3Y1KHZI8CN8W8g/getUpdates "HTTP/1.1 200 OK"
2026-03-14 08:35:36,958 [INFO] httpx: HTTP Request: POST https://api.telegram.org/bot8611683567:AAFcLxkFz7jJSkr7jhzas3Y1KHZI8CN8W8g/answerCallbackQuery "HTTP/1.1 200 OK"
2026-03-14 08:35:37,075 [INFO] httpx: HTTP Request: POST https://api.telegram.org/bot8611683567:AAFcLxkFz7jJSkr7jhzas3Y1KHZI8CN8W8g/editMessageText "HTTP/1.1 200 OK"
2026-03-14 08:35:39,603 [INFO] httpx: HTTP Request: POST https://api.telegram.org/bot8611683567:AAFcLxkFz7jJSkr7jhzas3Y1KHZI8CN8W8g/getUpdates "HTTP/1.1 200 OK"
2026-03-14 08:35:39,678 [INFO] httpx: HTTP Request: POST https://api.telegram.org/bot8611683567:AAFcLxkFz7jJSkr7jhzas3Y1KHZI8CN8W8g/answerCallbackQuery "HTTP/1.1 200 OK"
2026-03-14 08:35:39,759 [INFO] httpx: HTTP Request: POST https://api.telegram.org/bot8611683567:AAFcLxkFz7jJSkr7jhzas3Y1KHZI8CN8W8g/editMessageText "HTTP/1.1 200 OK"
2026-03-14 08:35:41,556 [INFO] httpx: HTTP Request: POST https://api.telegram.org/bot8611683567:AAFcLxkFz7jJSkr7jhzas3Y1KHZI8CN8W8g/getUpdates "HTTP/1.1 200 OK"
2026-03-14 08:35:41,697 [INFO] httpx: HTTP Request: POST https://api.telegram.org/bot8611683567:AAFcLxkFz7jJSkr7jhzas3Y1KHZI8CN8W8g/answerCallbackQuery "HTTP/1.1 200 OK"
2026-03-14 08:35:41,770 [INFO] httpx: HTTP Request: POST https://api.telegram.org/bot8611683567:AAFcLxkFz7jJSkr7jhzas3Y1KHZI8CN8W8g/editMessageText "HTTP/1.1 200 OK"
2026-03-14 08:35:44,428 [INFO] httpx: HTTP Request: POST https://api.telegram.org/bot8611683567:AAFcLxkFz7jJSkr7jhzas3Y1KHZI8CN8W8g/getUpdates "HTTP/1.1 200 OK"
2026-03-14 08:35:44,471 [INFO] httpx: HTTP Request: POST https://api.telegram.org/bot8611683567:AAFcLxkFz7jJSkr7jhzas3Y1KHZI8CN8W8g/answerCallbackQuery "HTTP/1.1 200 OK"
2026-03-14 08:35:44,548 [INFO] httpx: HTTP Request: POST https://api.telegram.org/bot8611683567:AAFcLxkFz7jJSkr7jhzas3Y1KHZI8CN8W8g/editMessageText "HTTP/1.1 200 OK"
2026-03-14 08:35:47,299 [INFO] httpx: HTTP Request: POST https://api.telegram.org/bot8611683567:AAFcLxkFz7jJSkr7jhzas3Y1KHZI8CN8W8g/getUpdates "HTTP/1.1 200 OK"
2026-03-14 08:35:47,344 [INFO] httpx: HTTP Request: POST https://api.telegram.org/bot8611683567:AAFcLxkFz7jJSkr7jhzas3Y1KHZI8CN8W8g/answerCallbackQuery "HTTP/1.1 200 OK"
2026-03-14 08:35:47,406 [INFO] httpx: HTTP Request: POST https://api.telegram.org/bot8611683567:AAFcLxkFz7jJSkr7jhzas3Y1KHZI8CN8W8g/editMessageText "HTTP/1.1 200 OK"
2026-03-14 08:35:57,339 [INFO] httpx: HTTP Request: POST https://api.telegram.org/bot8611683567:AAFcLxkFz7jJSkr7jhzas3Y1KHZI8CN8W8g/getUpdates "HTTP/1.1 200 OK"
2026-03-14 08:36:07,375 [INFO] httpx: HTTP Request: POST https://api.telegram.org/bot8611683567:AAFcLxkFz7jJSkr7jhzas3Y1KHZI8CN8W8g/getUpdates "HTTP/1.1 200 OK"
2026-03-14 08:36:17,411 [INFO] httpx: HTTP Request: POST https://api.telegram.org/bot8611683567:AAFcLxkFz7jJSkr7jhzas3Y1KHZI8CN8W8g/getUpdates "HTTP/1.1 200 OK"
2026-03-14 08:36:27,449 [INFO] httpx: HTTP Request: POST https://api.telegram.org/bot8611683567:AAFcLxkFz7jJSkr7jhzas3Y1KHZI8CN8W8g/getUpdates "HTTP/1.1 200 OK"
2026-03-14 08:36:36,793 [INFO] httpx: HTTP Request: POST https://api.telegram.org/bot8611683567:AAFcLxkFz7jJSkr7jhzas3Y1KHZI8CN8W8g/getUpdates "HTTP/1.1 200 OK"
2026-03-14 08:36:36,923 [INFO] httpx: HTTP Request: POST https://api.telegram.org/bot8611683567:AAFcLxkFz7jJSkr7jhzas3Y1KHZI8CN8W8g/answerCallbackQuery "HTTP/1.1 200 OK"
2026-03-14 08:36:36,992 [INFO] httpx: HTTP Request: POST https://api.telegram.org/bot8611683567:AAFcLxkFz7jJSkr7jhzas3Y1KHZI8CN8W8g/editMessageText "HTTP/1.1 200 OK"
2026-03-14 08:36:38,657 [INFO] httpx: HTTP Request: POST https://api.telegram.org/bot8611683567:AAFcLxkFz7jJSkr7jhzas3Y1KHZI8CN8W8g/getUpdates "HTTP/1.1 200 OK"
2026-03-14 08:36:38,715 [INFO] httpx: HTTP Request: POST https://api.telegram.org/bot8611683567:AAFcLxkFz7jJSkr7jhzas3Y1KHZI8CN8W8g/answerCallbackQuery "HTTP/1.1 200 OK"
2026-03-14 08:36:38,787 [INFO] httpx: HTTP Request: POST https://api.telegram.org/bot8611683567:AAFcLxkFz7jJSkr7jhzas3Y1KHZI8CN8W8g/editMessageText "HTTP/1.1 200 OK"
2026-03-14 08:36:41,844 [INFO] httpx: HTTP Request: POST https://api.telegram.org/bot8611683567:AAFcLxkFz7jJSkr7jhzas3Y1KHZI8CN8W8g/getUpdates "HTTP/1.1 200 OK"
2026-03-14 08:36:41,889 [INFO] httpx: HTTP Request: POST https://api.telegram.org/bot8611683567:AAFcLxkFz7jJSkr7jhzas3Y1KHZI8CN8W8g/answerCallbackQuery "HTTP/1.1 200 OK"
2026-03-14 08:36:41,967 [INFO] httpx: HTTP Request: POST https://api.telegram.org/bot8611683567:AAFcLxkFz7jJSkr7jhzas3Y1KHZI8CN8W8g/editMessageText "HTTP/1.1 200 OK"
2026-03-14 08:36:45,339 [INFO] httpx: HTTP Request: POST https://api.telegram.org/bot8611683567:AAFcLxkFz7jJSkr7jhzas3Y1KHZI8CN8W8g/getUpdates "HTTP/1.1 200 OK"
2026-03-14 08:36:45,382 [INFO] httpx: HTTP Request: POST https://api.telegram.org/bot8611683567:AAFcLxkFz7jJSkr7jhzas3Y1KHZI8CN8W8g/answerCallbackQuery "HTTP/1.1 200 OK"
2026-03-14 08:36:45,440 [INFO] httpx: HTTP Request: POST https://api.telegram.org/bot8611683567:AAFcLxkFz7jJSkr7jhzas3Y1KHZI8CN8W8g/editMessageText "HTTP/1.1 200 OK"
2026-03-14 08:36:47,816 [INFO] httpx: HTTP Request: POST https://api.telegram.org/bot8611683567:AAFcLxkFz7jJSkr7jhzas3Y1KHZI8CN8W8g/getUpdates "HTTP/1.1 200 OK"
2026-03-14 08:36:47,864 [INFO] httpx: HTTP Request: POST https://api.telegram.org/bot8611683567:AAFcLxkFz7jJSkr7jhzas3Y1KHZI8CN8W8g/answerCallbackQuery "HTTP/1.1 200 OK"
2026-03-14 08:36:47,933 [INFO] httpx: HTTP Request: POST https://api.telegram.org/bot8611683567:AAFcLxkFz7jJSkr7jhzas3Y1KHZI8CN8W8g/editMessageText "HTTP/1.1 200 OK"
2026-03-14 08:36:49,297 [INFO] httpx: HTTP Request: POST https://api.telegram.org/bot8611683567:AAFcLxkFz7jJSkr7jhzas3Y1KHZI8CN8W8g/getUpdates "HTTP/1.1 200 OK"
2026-03-14 08:36:49,350 [INFO] httpx: HTTP Request: POST https://api.telegram.org/bot8611683567:AAFcLxkFz7jJSkr7jhzas3Y1KHZI8CN8W8g/answerCallbackQuery "HTTP/1.1 200 OK"
2026-03-14 08:36:49,404 [INFO] httpx: HTTP Request: POST https://api.telegram.org/bot8611683567:AAFcLxkFz7jJSkr7jhzas3Y1KHZI8CN8W8g/editMessageText "HTTP/1.1 200 OK"
2026-03-14 08:36:58,918 [INFO] httpx: HTTP Request: POST https://api.telegram.org/bot8611683567:AAFcLxkFz7jJSkr7jhzas3Y1KHZI8CN8W8g/getUpdates "HTTP/1.1 200 OK"
2026-03-14 08:36:59,037 [INFO] httpx: HTTP Request: POST https://api.telegram.org/bot8611683567:AAFcLxkFz7jJSkr7jhzas3Y1KHZI8CN8W8g/answerCallbackQuery "HTTP/1.1 200 OK"
2026-03-14 08:36:59,115 [INFO] httpx: HTTP Request: POST https://api.telegram.org/bot8611683567:AAFcLxkFz7jJSkr7jhzas3Y1KHZI8CN8W8g/editMessageText "HTTP/1.1 200 OK"
2026-03-14 08:37:01,268 [INFO] httpx: HTTP Request: POST https://api.telegram.org/bot8611683567:AAFcLxkFz7jJSkr7jhzas3Y1KHZI8CN8W8g/getUpdates "HTTP/1.1 200 OK"
2026-03-14 08:37:01,331 [INFO] httpx: HTTP Request: POST https://api.telegram.org/bot8611683567:AAFcLxkFz7jJSkr7jhzas3Y1KHZI8CN8W8g/answerCallbackQuery "HTTP/1.1 200 OK"
2026-03-14 08:37:01,393 [INFO] httpx: HTTP Request: POST https://api.telegram.org/bot8611683567:AAFcLxkFz7jJSkr7jhzas3Y1KHZI8CN8W8g/editMessageText "HTTP/1.1 200 OK"
2026-03-14 08:37:02,263 [INFO] httpx: HTTP Request: POST https://api.telegram.org/bot8611683567:AAFcLxkFz7jJSkr7jhzas3Y1KHZI8CN8W8g/getUpdates "HTTP/1.1 200 OK"
2026-03-14 08:37:02,311 [INFO] httpx: HTTP Request: POST https://api.telegram.org/bot8611683567:AAFcLxkFz7jJSkr7jhzas3Y1KHZI8CN8W8g/answerCallbackQuery "HTTP/1.1 200 OK"
2026-03-14 08:37:02,386 [INFO] httpx: HTTP Request: POST https://api.telegram.org/bot8611683567:AAFcLxkFz7jJSkr7jhzas3Y1KHZI8CN8W8g/editMessageText "HTTP/1.1 200 OK"
2026-03-14 08:37:12,305 [INFO] httpx: HTTP Request: POST https://api.telegram.org/bot8611683567:AAFcLxkFz7jJSkr7jhzas3Y1KHZI8CN8W8g/getUpdates "HTTP/1.1 200 OK"
2026-03-14 08:37:22,345 [INFO] httpx: HTTP Request: POST https://api.telegram.org/bot8611683567:AAFcLxkFz7jJSkr7jhzas3Y1KHZI8CN8W8g/getUpdates "HTTP/1.1 200 OK"
2026-03-14 08:37:29,115 [INFO] httpx: HTTP Request: POST https://api.telegram.org/bot8611683567:AAFcLxkFz7jJSkr7jhzas3Y1KHZI8CN8W8g/getUpdates "HTTP/1.1 200 OK"
2026-03-14 08:37:29,244 [INFO] httpx: HTTP Request: POST https://api.telegram.org/bot8611683567:AAFcLxkFz7jJSkr7jhzas3Y1KHZI8CN8W8g/sendMessage "HTTP/1.1 200 OK"
2026-03-14 08:37:29,249 [INFO] __main__: ▶️  Проверка [14.03.2026 08:37]
2026-03-14 08:37:29,775 [INFO] scrapers.novatours: Novatours: 10 отелей с ценами
2026-03-14 08:37:30,255 [INFO] __main__: Novatours: 10 туров до фильтра
2026-03-14 08:37:30,256 [INFO] __main__: Итого до фильтра: 10
2026-03-14 08:37:30,257 [INFO] __main__: 🔥 Новых горящих: 0
2026-03-14 08:37:30,327 [INFO] httpx: HTTP Request: POST https://api.telegram.org/bot8611683567:AAFcLxkFz7jJSkr7jhzas3Y1KHZI8CN8W8g/sendMessage "HTTP/1.1 200 OK"
2026-03-14 08:37:39,155 [INFO] httpx: HTTP Request: POST https://api.telegram.org/bot8611683567:AAFcLxkFz7jJSkr7jhzas3Y1KHZI8CN8W8g/getUpdates "HTTP/1.1 200 OK"
2026-03-14 08:37:39,710 [INFO] httpx: HTTP Request: POST https://api.telegram.org/bot8611683567:AAFcLxkFz7jJSkr7jhzas3Y1KHZI8CN8W8g/getUpdates "HTTP/1.1 200 OK"
2026-03-14 08:37:39,844 [INFO] httpx: HTTP Request: POST https://api.telegram.org/bot8611683567:AAFcLxkFz7jJSkr7jhzas3Y1KHZI8CN8W8g/answerCallbackQuery "HTTP/1.1 200 OK"
2026-03-14 08:37:39,911 [INFO] httpx: HTTP Request: POST https://api.telegram.org/bot8611683567:AAFcLxkFz7jJSkr7jhzas3Y1KHZI8CN8W8g/editMessageText "HTTP/1.1 200 OK"
2026-03-14 08:37:41,385 [INFO] httpx: HTTP Request: POST https://api.telegram.org/bot8611683567:AAFcLxkFz7jJSkr7jhzas3Y1KHZI8CN8W8g/getUpdates "HTTP/1.1 200 OK"
2026-03-14 08:37:41,429 [INFO] httpx: HTTP Request: POST https://api.telegram.org/bot8611683567:AAFcLxkFz7jJSkr7jhzas3Y1KHZI8CN8W8g/answerCallbackQuery "HTTP/1.1 200 OK"
2026-03-14 08:37:41,519 [INFO] httpx: HTTP Request: POST https://api.telegram.org/bot8611683567:AAFcLxkFz7jJSkr7jhzas3Y1KHZI8CN8W8g/editMessageText "HTTP/1.1 200 OK"
2026-03-14 08:37:43,863 [INFO] httpx: HTTP Request: POST https://api.telegram.org/bot8611683567:AAFcLxkFz7jJSkr7jhzas3Y1KHZI8CN8W8g/getUpdates "HTTP/1.1 200 OK"
2026-03-14 08:37:43,956 [INFO] httpx: HTTP Request: POST https://api.telegram.org/bot8611683567:AAFcLxkFz7jJSkr7jhzas3Y1KHZI8CN8W8g/answerCallbackQuery "HTTP/1.1 200 OK"
2026-03-14 08:37:44,044 [INFO] httpx: HTTP Request: POST https://api.telegram.org/bot8611683567:AAFcLxkFz7jJSkr7jhzas3Y1KHZI8CN8W8g/editMessageText "HTTP/1.1 200 OK"
2026-03-14 08:37:45,909 [INFO] httpx: HTTP Request: POST https://api.telegram.org/bot8611683567:AAFcLxkFz7jJSkr7jhzas3Y1KHZI8CN8W8g/getUpdates "HTTP/1.1 200 OK"
2026-03-14 08:37:46,032 [INFO] httpx: HTTP Request: POST https://api.telegram.org/bot8611683567:AAFcLxkFz7jJSkr7jhzas3Y1KHZI8CN8W8g/answerCallbackQuery "HTTP/1.1 200 OK"
2026-03-14 08:37:46,178 [INFO] httpx: HTTP Request: POST https://api.telegram.org/bot8611683567:AAFcLxkFz7jJSkr7jhzas3Y1KHZI8CN8W8g/editMessageText "HTTP/1.1 200 OK"
2026-03-14 08:37:49,360 [INFO] httpx: HTTP Request: POST https://api.telegram.org/bot8611683567:AAFcLxkFz7jJSkr7jhzas3Y1KHZI8CN8W8g/getUpdates "HTTP/1.1 200 OK"
2026-03-14 08:37:49,413 [INFO] httpx: HTTP Request: POST https://api.telegram.org/bot8611683567:AAFcLxkFz7jJSkr7jhzas3Y1KHZI8CN8W8g/answerCallbackQuery "HTTP/1.1 200 OK"
2026-03-14 08:37:49,485 [INFO] httpx: HTTP Request: POST https://api.telegram.org/bot8611683567:AAFcLxkFz7jJSkr7jhzas3Y1KHZI8CN8W8g/editMessageText "HTTP/1.1 200 OK"
2026-03-14 08:37:50,934 [INFO] httpx: HTTP Request: POST https://api.telegram.org/bot8611683567:AAFcLxkFz7jJSkr7jhzas3Y1KHZI8CN8W8g/getUpdates "HTTP/1.1 200 OK"
2026-03-14 08:37:50,981 [INFO] httpx: HTTP Request: POST https://api.telegram.org/bot8611683567:AAFcLxkFz7jJSkr7jhzas3Y1KHZI8CN8W8g/answerCallbackQuery "HTTP/1.1 200 OK"
2026-03-14 08:37:51,069 [INFO] httpx: HTTP Request: POST https://api.telegram.org/bot8611683567:AAFcLxkFz7jJSkr7jhzas3Y1KHZI8CN8W8g/editMessageText "HTTP/1.1 200 OK"
2026-03-14 08:37:52,212 [INFO] httpx: HTTP Request: POST https://api.telegram.org/bot8611683567:AAFcLxkFz7jJSkr7jhzas3Y1KHZI8CN8W8g/getUpdates "HTTP/1.1 200 OK"
2026-03-14 08:37:52,277 [INFO] httpx: HTTP Request: POST https://api.telegram.org/bot8611683567:AAFcLxkFz7jJSkr7jhzas3Y1KHZI8CN8W8g/sendMessage "HTTP/1.1 200 OK"
2026-03-14 08:37:52,280 [INFO] __main__: ▶️  Проверка [14.03.2026 08:37]
2026-03-14 08:37:52,698 [INFO] scrapers.novatours: Novatours: 10 отелей с ценами
2026-03-14 08:37:53,211 [INFO] __main__: Novatours: 10 туров до фильтра
2026-03-14 08:37:53,212 [INFO] __main__: Итого до фильтра: 10
2026-03-14 08:37:53,213 [INFO] __main__: 🔥 Новых горящих: 0
2026-03-14 08:37:53,289 [INFO] httpx: HTTP Request: POST https://api.telegram.org/bot8611683567:AAFcLxkFz7jJSkr7jhzas3Y1KHZI8CN8W8g/sendMessage "HTTP/1.1 200 OK"
2026-03-14 08:38:02,258 [INFO] httpx: HTTP Request: POST https://api.telegram.org/bot8611683567:AAFcLxkFz7jJSkr7jhzas3Y1KHZI8CN8W8g/getUpdates "HTTP/1.1 200 OK"
2026-03-14 08:38:12,295 [INFO] httpx: HTTP Request: POST https://api.telegram.org/bot8611683567:AAFcLxkFz7jJSkr7jhzas3Y1KHZI8CN8W8g/getUpdates "HTTP/1.1 200 OK"
2026-03-14 08:38:22,330 [INFO] httpx: HTTP Request: POST https://api.telegram.org/bot8611683567:AAFcLxkFz7jJSkr7jhzas3Y1KHZI8CN8W8g/getUpdates "HTTP/1.1 200 OK"
2026-03-14 08:38:32,367 [INFO] httpx: HTTP Request: POST https://api.telegram.org/bot8611683567:AAFcLxkFz7jJSkr7jhzas3Y1KHZI8CN8W8g/getUpdates "HTTP/1.1 200 OK"
2026-03-14 08:38:42,403 [INFO] httpx: HTTP Request: POST https://api.telegram.org/bot8611683567:AAFcLxkFz7jJSkr7jhzas3Y1KHZI8CN8W8g/getUpdates "HTTP/1.1 200 OK"
2026-03-14 08:38:52,443 [INFO] httpx: HTTP Request: POST https://api.telegram.org/bot8611683567:AAFcLxkFz7jJSkr7jhzas3Y1KHZI8CN8W8g/getUpdates "HTTP/1.1 200 OK"
2026-03-14 08:39:02,483 [INFO] httpx: HTTP Request: POST https://api.telegram.org/bot8611683567:AAFcLxkFz7jJSkr7jhzas3Y1KHZI8CN8W8g/getUpdates "HTTP/1.1 200 OK"
2026-03-14 08:39:12,522 [INFO] httpx: HTTP Request: POST https://api.telegram.org/bot8611683567:AAFcLxkFz7jJSkr7jhzas3Y1KHZI8CN8W8g/getUpdates "HTTP/1.1 200 OK"
2026-03-14 08:39:22,568 [INFO] httpx: HTTP Request: POST https://api.telegram.org/bot8611683567:AAFcLxkFz7jJSkr7jhzas3Y1KHZI8CN8W8g/getUpdates "HTTP/1.1 200 OK"
2026-03-14 08:39:30,046 [INFO] httpx: HTTP Request: POST https://api.telegram.org/bot8611683567:AAFcLxkFz7jJSkr7jhzas3Y1KHZI8CN8W8g/getUpdates "HTTP/1.1 200 OK"
2026-03-14 08:39:30,209 [INFO] httpx: HTTP Request: POST https://api.telegram.org/bot8611683567:AAFcLxkFz7jJSkr7jhzas3Y1KHZI8CN8W8g/sendMessage "HTTP/1.1 200 OK"
2026-03-14 08:39:40,093 [INFO] httpx: HTTP Request: POST https://api.telegram.org/bot8611683567:AAFcLxkFz7jJSkr7jhzas3Y1KHZI8CN8W8g/getUpdates "HTTP/1.1 200 OK"
2026-03-14 08:39:50,129 [INFO] httpx: HTTP Request: POST https://api.telegram.org/bot8611683567:AAFcLxkFz7jJSkr7jhzas3Y1KHZI8CN8W8g/getUpdates "HTTP/1.1 200 OK"
2026-03-14 08:40:00,165 [INFO] httpx: HTTP Request: POST https://api.telegram.org/bot8611683567:AAFcLxkFz7jJSkr7jhzas3Y1KHZI8CN8W8g/getUpdates "HTTP/1.1 200 OK"
2026-03-14 08:40:10,204 [INFO] httpx: HTTP Request: POST https://api.telegram.org/bot8611683567:AAFcLxkFz7jJSkr7jhzas3Y1KHZI8CN8W8g/getUpdates "HTTP/1.1 200 OK"
2026-03-14 08:40:18,373 [INFO] httpx: HTTP Request: POST https://api.telegram.org/bot8611683567:AAFcLxkFz7jJSkr7jhzas3Y1KHZI8CN8W8g/getUpdates "HTTP/1.1 200 OK"
2026-03-14 08:40:18,375 [INFO] telegram.ext.Application: Application is stopping. This might take a moment.
2026-03-14 08:40:18,375 [INFO] apscheduler.scheduler: Scheduler has been shut down
2026-03-14 08:40:18,396 [INFO] telegram.ext.Application: Application.stop() complete
2026-03-14 08:40:18,398 [INFO] apscheduler.scheduler: Scheduler has been shut down
2026-03-14 08:42:15,546 [INFO] __main__: ✅ БД готова
2026-03-14 08:42:15,974 [INFO] apscheduler.scheduler: Adding job tentatively -- it will be properly scheduled when the scheduler starts
2026-03-14 08:42:15,975 [INFO] __main__: 🤖 Бот запущен!
2026-03-14 08:42:16,139 [INFO] httpx: HTTP Request: POST https://api.telegram.org/bot8611683567:AAFcLxkFz7jJSkr7jhzas3Y1KHZI8CN8W8g/getMe "HTTP/1.1 200 OK"
2026-03-14 08:42:16,140 [INFO] apscheduler.scheduler: Added job "main.<locals>.<lambda>" to job store "default"
2026-03-14 08:42:16,141 [INFO] apscheduler.scheduler: Scheduler started
2026-03-14 08:42:16,141 [INFO] __main__: ⏰ Планировщик: каждые 30 мин
2026-03-14 08:42:21,403 [INFO] httpx: HTTP Request: POST https://api.telegram.org/bot8611683567:AAFcLxkFz7jJSkr7jhzas3Y1KHZI8CN8W8g/sendMessage "HTTP/1.1 200 OK"
2026-03-14 08:42:21,406 [INFO] __main__: ▶️  Проверка [14.03.2026 08:42]
2026-03-14 08:42:25,544 [INFO] scrapers.novatours: Novatours: токен получен (03096e2114...)
2026-03-14 08:42:26,094 [INFO] scrapers.novatours: Novatours: 10 отелей с ценами
2026-03-14 08:42:26,684 [INFO] __main__: Novatours: 10 туров до фильтра
2026-03-14 08:42:26,697 [INFO] __main__: Итого до фильтра: 10
2026-03-14 08:42:26,700 [INFO] __main__: 🔥 Новых горящих: 0
2026-03-14 08:42:26,811 [INFO] httpx: HTTP Request: POST https://api.telegram.org/bot8611683567:AAFcLxkFz7jJSkr7jhzas3Y1KHZI8CN8W8g/deleteWebhook "HTTP/1.1 200 OK"
2026-03-14 08:42:26,816 [INFO] apscheduler.scheduler: Scheduler started
2026-03-14 08:42:26,817 [INFO] telegram.ext.Application: Application started
2026-03-14 08:42:26,919 [INFO] httpx: HTTP Request: POST https://api.telegram.org/bot8611683567:AAFcLxkFz7jJSkr7jhzas3Y1KHZI8CN8W8g/getUpdates "HTTP/1.1 200 OK"
2026-03-14 08:42:26,992 [INFO] httpx: HTTP Request: POST https://api.telegram.org/bot8611683567:AAFcLxkFz7jJSkr7jhzas3Y1KHZI8CN8W8g/sendMessage "HTTP/1.1 200 OK"
2026-03-14 08:42:27,073 [INFO] httpx: HTTP Request: POST https://api.telegram.org/bot8611683567:AAFcLxkFz7jJSkr7jhzas3Y1KHZI8CN8W8g/sendMessage "HTTP/1.1 200 OK"
2026-03-14 08:42:27,157 [INFO] httpx: HTTP Request: POST https://api.telegram.org/bot8611683567:AAFcLxkFz7jJSkr7jhzas3Y1KHZI8CN8W8g/sendMessage "HTTP/1.1 200 OK"
2026-03-14 08:42:27,206 [INFO] httpx: HTTP Request: POST https://api.telegram.org/bot8611683567:AAFcLxkFz7jJSkr7jhzas3Y1KHZI8CN8W8g/answerCallbackQuery "HTTP/1.1 400 Bad Request"
2026-03-14 08:42:27,207 [ERROR] telegram.ext.Application: No error handlers are registered, logging exception.
Traceback (most recent call last):
  File "C:\Egypt\.venv\Lib\site-packages\telegram\ext\_application.py", line 1315, in process_update
    await coroutine
  File "C:\Egypt\.venv\Lib\site-packages\telegram\ext\_handlers\basehandler.py", line 159, in handle_update
    return await self.callback(update, context)
           ^^^^^^^^^^^^^^^^^^^^^^^^^^^^^^^^^^^^
  File "C:\Egypt\bot.py", line 276, in on_button
    await query.answer()
  File "C:\Egypt\.venv\Lib\site-packages\telegram\_callbackquery.py", line 190, in answer
    return await self.get_bot().answer_callback_query(
           ^^^^^^^^^^^^^^^^^^^^^^^^^^^^^^^^^^^^^^^^^^^
    ...<10 lines>...
    )
    ^
  File "C:\Egypt\.venv\Lib\site-packages\telegram\ext\_extbot.py", line 969, in answer_callback_query
    return await super().answer_callback_query(
           ^^^^^^^^^^^^^^^^^^^^^^^^^^^^^^^^^^^^
    ...<10 lines>...
    )
    ^
  File "C:\Egypt\.venv\Lib\site-packages\telegram\_bot.py", line 4440, in answer_callback_query
    return await self._post(
           ^^^^^^^^^^^^^^^^^
    ...<7 lines>...
    )
    ^
  File "C:\Egypt\.venv\Lib\site-packages\telegram\_bot.py", line 703, in _post
    return await self._do_post(
           ^^^^^^^^^^^^^^^^^^^^
    ...<6 lines>...
    )
    ^
  File "C:\Egypt\.venv\Lib\site-packages\telegram\ext\_extbot.py", line 369, in _do_post
    return await super()._do_post(
           ^^^^^^^^^^^^^^^^^^^^^^^
    ...<6 lines>...
    )
    ^
  File "C:\Egypt\.venv\Lib\site-packages\telegram\_bot.py", line 732, in _do_post
    result = await request.post(
             ^^^^^^^^^^^^^^^^^^^
    ...<6 lines>...
    )
    ^
  File "C:\Egypt\.venv\Lib\site-packages\telegram\request\_baserequest.py", line 198, in post
    result = await self._request_wrapper(
             ^^^^^^^^^^^^^^^^^^^^^^^^^^^^
    ...<7 lines>...
    )
    ^
  File "C:\Egypt\.venv\Lib\site-packages\telegram\request\_baserequest.py", line 375, in _request_wrapper
    raise exception
telegram.error.BadRequest: Query is too old and response timeout expired or query id is invalid
2026-03-14 08:42:27,267 [INFO] httpx: HTTP Request: POST https://api.telegram.org/bot8611683567:AAFcLxkFz7jJSkr7jhzas3Y1KHZI8CN8W8g/answerCallbackQuery "HTTP/1.1 400 Bad Request"
2026-03-14 08:42:27,269 [ERROR] telegram.ext.Application: No error handlers are registered, logging exception.
Traceback (most recent call last):
  File "C:\Egypt\.venv\Lib\site-packages\telegram\ext\_application.py", line 1315, in process_update
    await coroutine
  File "C:\Egypt\.venv\Lib\site-packages\telegram\ext\_handlers\basehandler.py", line 159, in handle_update
    return await self.callback(update, context)
           ^^^^^^^^^^^^^^^^^^^^^^^^^^^^^^^^^^^^
  File "C:\Egypt\bot.py", line 276, in on_button
    await query.answer()
  File "C:\Egypt\.venv\Lib\site-packages\telegram\_callbackquery.py", line 190, in answer
    return await self.get_bot().answer_callback_query(
           ^^^^^^^^^^^^^^^^^^^^^^^^^^^^^^^^^^^^^^^^^^^
    ...<10 lines>...
    )
    ^
  File "C:\Egypt\.venv\Lib\site-packages\telegram\ext\_extbot.py", line 969, in answer_callback_query
    return await super().answer_callback_query(
           ^^^^^^^^^^^^^^^^^^^^^^^^^^^^^^^^^^^^
    ...<10 lines>...
    )
    ^
  File "C:\Egypt\.venv\Lib\site-packages\telegram\_bot.py", line 4440, in answer_callback_query
    return await self._post(
           ^^^^^^^^^^^^^^^^^
    ...<7 lines>...
    )
    ^
  File "C:\Egypt\.venv\Lib\site-packages\telegram\_bot.py", line 703, in _post
    return await self._do_post(
           ^^^^^^^^^^^^^^^^^^^^
    ...<6 lines>...
    )
    ^
  File "C:\Egypt\.venv\Lib\site-packages\telegram\ext\_extbot.py", line 369, in _do_post
    return await super()._do_post(
           ^^^^^^^^^^^^^^^^^^^^^^^
    ...<6 lines>...
    )
    ^
  File "C:\Egypt\.venv\Lib\site-packages\telegram\_bot.py", line 732, in _do_post
    result = await request.post(
             ^^^^^^^^^^^^^^^^^^^
    ...<6 lines>...
    )
    ^
  File "C:\Egypt\.venv\Lib\site-packages\telegram\request\_baserequest.py", line 198, in post
    result = await self._request_wrapper(
             ^^^^^^^^^^^^^^^^^^^^^^^^^^^^
    ...<7 lines>...
    )
    ^
  File "C:\Egypt\.venv\Lib\site-packages\telegram\request\_baserequest.py", line 375, in _request_wrapper
    raise exception
telegram.error.BadRequest: Query is too old and response timeout expired or query id is invalid
2026-03-14 08:42:27,343 [INFO] httpx: HTTP Request: POST https://api.telegram.org/bot8611683567:AAFcLxkFz7jJSkr7jhzas3Y1KHZI8CN8W8g/sendMessage "HTTP/1.1 200 OK"
2026-03-14 08:42:27,415 [INFO] httpx: HTTP Request: POST https://api.telegram.org/bot8611683567:AAFcLxkFz7jJSkr7jhzas3Y1KHZI8CN8W8g/sendMessage "HTTP/1.1 200 OK"
2026-03-14 08:42:27,501 [INFO] httpx: HTTP Request: POST https://api.telegram.org/bot8611683567:AAFcLxkFz7jJSkr7jhzas3Y1KHZI8CN8W8g/sendMessage "HTTP/1.1 200 OK"
2026-03-14 08:42:36,971 [INFO] httpx: HTTP Request: POST https://api.telegram.org/bot8611683567:AAFcLxkFz7jJSkr7jhzas3Y1KHZI8CN8W8g/getUpdates "HTTP/1.1 200 OK"
2026-03-14 08:42:47,020 [INFO] httpx: HTTP Request: POST https://api.telegram.org/bot8611683567:AAFcLxkFz7jJSkr7jhzas3Y1KHZI8CN8W8g/getUpdates "HTTP/1.1 200 OK"
2026-03-14 08:42:57,063 [INFO] httpx: HTTP Request: POST https://api.telegram.org/bot8611683567:AAFcLxkFz7jJSkr7jhzas3Y1KHZI8CN8W8g/getUpdates "HTTP/1.1 200 OK"
2026-03-14 08:43:07,103 [INFO] httpx: HTTP Request: POST https://api.telegram.org/bot8611683567:AAFcLxkFz7jJSkr7jhzas3Y1KHZI8CN8W8g/getUpdates "HTTP/1.1 200 OK"
2026-03-14 08:43:17,142 [INFO] httpx: HTTP Request: POST https://api.telegram.org/bot8611683567:AAFcLxkFz7jJSkr7jhzas3Y1KHZI8CN8W8g/getUpdates "HTTP/1.1 200 OK"
2026-03-14 08:43:27,181 [INFO] httpx: HTTP Request: POST https://api.telegram.org/bot8611683567:AAFcLxkFz7jJSkr7jhzas3Y1KHZI8CN8W8g/getUpdates "HTTP/1.1 200 OK"
2026-03-14 08:43:37,217 [INFO] httpx: HTTP Request: POST https://api.telegram.org/bot8611683567:AAFcLxkFz7jJSkr7jhzas3Y1KHZI8CN8W8g/getUpdates "HTTP/1.1 200 OK"
2026-03-14 08:43:47,255 [INFO] httpx: HTTP Request: POST https://api.telegram.org/bot8611683567:AAFcLxkFz7jJSkr7jhzas3Y1KHZI8CN8W8g/getUpdates "HTTP/1.1 200 OK"
2026-03-14 08:43:57,291 [INFO] httpx: HTTP Request: POST https://api.telegram.org/bot8611683567:AAFcLxkFz7jJSkr7jhzas3Y1KHZI8CN8W8g/getUpdates "HTTP/1.1 200 OK"
2026-03-14 08:44:07,336 [INFO] httpx: HTTP Request: POST https://api.telegram.org/bot8611683567:AAFcLxkFz7jJSkr7jhzas3Y1KHZI8CN8W8g/getUpdates "HTTP/1.1 200 OK"
2026-03-14 08:44:17,378 [INFO] httpx: HTTP Request: POST https://api.telegram.org/bot8611683567:AAFcLxkFz7jJSkr7jhzas3Y1KHZI8CN8W8g/getUpdates "HTTP/1.1 200 OK"
2026-03-14 08:44:27,420 [INFO] httpx: HTTP Request: POST https://api.telegram.org/bot8611683567:AAFcLxkFz7jJSkr7jhzas3Y1KHZI8CN8W8g/getUpdates "HTTP/1.1 200 OK"
2026-03-14 08:44:37,508 [INFO] httpx: HTTP Request: POST https://api.telegram.org/bot8611683567:AAFcLxkFz7jJSkr7jhzas3Y1KHZI8CN8W8g/getUpdates "HTTP/1.1 200 OK"
2026-03-14 08:44:47,545 [INFO] httpx: HTTP Request: POST https://api.telegram.org/bot8611683567:AAFcLxkFz7jJSkr7jhzas3Y1KHZI8CN8W8g/getUpdates "HTTP/1.1 200 OK"
2026-03-14 08:44:57,648 [INFO] httpx: HTTP Request: POST https://api.telegram.org/bot8611683567:AAFcLxkFz7jJSkr7jhzas3Y1KHZI8CN8W8g/getUpdates "HTTP/1.1 200 OK"
2026-03-14 08:45:07,689 [INFO] httpx: HTTP Request: POST https://api.telegram.org/bot8611683567:AAFcLxkFz7jJSkr7jhzas3Y1KHZI8CN8W8g/getUpdates "HTTP/1.1 200 OK"
2026-03-14 08:45:17,731 [INFO] httpx: HTTP Request: POST https://api.telegram.org/bot8611683567:AAFcLxkFz7jJSkr7jhzas3Y1KHZI8CN8W8g/getUpdates "HTTP/1.1 200 OK"
2026-03-14 08:45:27,781 [INFO] httpx: HTTP Request: POST https://api.telegram.org/bot8611683567:AAFcLxkFz7jJSkr7jhzas3Y1KHZI8CN8W8g/getUpdates "HTTP/1.1 200 OK"
2026-03-14 08:45:37,822 [INFO] httpx: HTTP Request: POST https://api.telegram.org/bot8611683567:AAFcLxkFz7jJSkr7jhzas3Y1KHZI8CN8W8g/getUpdates "HTTP/1.1 200 OK"
2026-03-14 08:45:47,906 [INFO] httpx: HTTP Request: POST https://api.telegram.org/bot8611683567:AAFcLxkFz7jJSkr7jhzas3Y1KHZI8CN8W8g/getUpdates "HTTP/1.1 200 OK"
2026-03-14 08:45:57,957 [INFO] httpx: HTTP Request: POST https://api.telegram.org/bot8611683567:AAFcLxkFz7jJSkr7jhzas3Y1KHZI8CN8W8g/getUpdates "HTTP/1.1 200 OK"
2026-03-14 08:46:07,999 [INFO] httpx: HTTP Request: POST https://api.telegram.org/bot8611683567:AAFcLxkFz7jJSkr7jhzas3Y1KHZI8CN8W8g/getUpdates "HTTP/1.1 200 OK"
2026-03-14 08:46:18,042 [INFO] httpx: HTTP Request: POST https://api.telegram.org/bot8611683567:AAFcLxkFz7jJSkr7jhzas3Y1KHZI8CN8W8g/getUpdates "HTTP/1.1 200 OK"
2026-03-14 08:46:28,078 [INFO] httpx: HTTP Request: POST https://api.telegram.org/bot8611683567:AAFcLxkFz7jJSkr7jhzas3Y1KHZI8CN8W8g/getUpdates "HTTP/1.1 200 OK"
2026-03-14 08:46:38,119 [INFO] httpx: HTTP Request: POST https://api.telegram.org/bot8611683567:AAFcLxkFz7jJSkr7jhzas3Y1KHZI8CN8W8g/getUpdates "HTTP/1.1 200 OK"
2026-03-14 08:46:48,158 [INFO] httpx: HTTP Request: POST https://api.telegram.org/bot8611683567:AAFcLxkFz7jJSkr7jhzas3Y1KHZI8CN8W8g/getUpdates "HTTP/1.1 200 OK"
2026-03-14 08:46:58,197 [INFO] httpx: HTTP Request: POST https://api.telegram.org/bot8611683567:AAFcLxkFz7jJSkr7jhzas3Y1KHZI8CN8W8g/getUpdates "HTTP/1.1 200 OK"
2026-03-14 08:47:08,242 [INFO] httpx: HTTP Request: POST https://api.telegram.org/bot8611683567:AAFcLxkFz7jJSkr7jhzas3Y1KHZI8CN8W8g/getUpdates "HTTP/1.1 200 OK"
2026-03-14 08:47:18,284 [INFO] httpx: HTTP Request: POST https://api.telegram.org/bot8611683567:AAFcLxkFz7jJSkr7jhzas3Y1KHZI8CN8W8g/getUpdates "HTTP/1.1 200 OK"
2026-03-14 08:47:28,329 [INFO] httpx: HTTP Request: POST https://api.telegram.org/bot8611683567:AAFcLxkFz7jJSkr7jhzas3Y1KHZI8CN8W8g/getUpdates "HTTP/1.1 200 OK"
2026-03-14 08:47:38,366 [INFO] httpx: HTTP Request: POST https://api.telegram.org/bot8611683567:AAFcLxkFz7jJSkr7jhzas3Y1KHZI8CN8W8g/getUpdates "HTTP/1.1 200 OK"
2026-03-14 08:47:48,404 [INFO] httpx: HTTP Request: POST https://api.telegram.org/bot8611683567:AAFcLxkFz7jJSkr7jhzas3Y1KHZI8CN8W8g/getUpdates "HTTP/1.1 200 OK"
2026-03-14 08:47:58,454 [INFO] httpx: HTTP Request: POST https://api.telegram.org/bot8611683567:AAFcLxkFz7jJSkr7jhzas3Y1KHZI8CN8W8g/getUpdates "HTTP/1.1 200 OK"
2026-03-14 08:48:08,493 [INFO] httpx: HTTP Request: POST https://api.telegram.org/bot8611683567:AAFcLxkFz7jJSkr7jhzas3Y1KHZI8CN8W8g/getUpdates "HTTP/1.1 200 OK"
2026-03-14 08:48:18,531 [INFO] httpx: HTTP Request: POST https://api.telegram.org/bot8611683567:AAFcLxkFz7jJSkr7jhzas3Y1KHZI8CN8W8g/getUpdates "HTTP/1.1 200 OK"
2026-03-14 08:48:28,569 [INFO] httpx: HTTP Request: POST https://api.telegram.org/bot8611683567:AAFcLxkFz7jJSkr7jhzas3Y1KHZI8CN8W8g/getUpdates "HTTP/1.1 200 OK"
2026-03-14 08:48:38,609 [INFO] httpx: HTTP Request: POST https://api.telegram.org/bot8611683567:AAFcLxkFz7jJSkr7jhzas3Y1KHZI8CN8W8g/getUpdates "HTTP/1.1 200 OK"
2026-03-14 08:48:48,653 [INFO] httpx: HTTP Request: POST https://api.telegram.org/bot8611683567:AAFcLxkFz7jJSkr7jhzas3Y1KHZI8CN8W8g/getUpdates "HTTP/1.1 200 OK"
2026-03-14 08:48:58,693 [INFO] httpx: HTTP Request: POST https://api.telegram.org/bot8611683567:AAFcLxkFz7jJSkr7jhzas3Y1KHZI8CN8W8g/getUpdates "HTTP/1.1 200 OK"
2026-03-14 08:49:08,734 [INFO] httpx: HTTP Request: POST https://api.telegram.org/bot8611683567:AAFcLxkFz7jJSkr7jhzas3Y1KHZI8CN8W8g/getUpdates "HTTP/1.1 200 OK"
2026-03-14 08:49:18,776 [INFO] httpx: HTTP Request: POST https://api.telegram.org/bot8611683567:AAFcLxkFz7jJSkr7jhzas3Y1KHZI8CN8W8g/getUpdates "HTTP/1.1 200 OK"
2026-03-14 08:49:28,821 [INFO] httpx: HTTP Request: POST https://api.telegram.org/bot8611683567:AAFcLxkFz7jJSkr7jhzas3Y1KHZI8CN8W8g/getUpdates "HTTP/1.1 200 OK"
2026-03-14 08:49:38,971 [INFO] httpx: HTTP Request: POST https://api.telegram.org/bot8611683567:AAFcLxkFz7jJSkr7jhzas3Y1KHZI8CN8W8g/getUpdates "HTTP/1.1 200 OK"
2026-03-14 08:49:49,014 [INFO] httpx: HTTP Request: POST https://api.telegram.org/bot8611683567:AAFcLxkFz7jJSkr7jhzas3Y1KHZI8CN8W8g/getUpdates "HTTP/1.1 200 OK"
2026-03-14 08:49:59,056 [INFO] httpx: HTTP Request: POST https://api.telegram.org/bot8611683567:AAFcLxkFz7jJSkr7jhzas3Y1KHZI8CN8W8g/getUpdates "HTTP/1.1 200 OK"
2026-03-14 08:50:09,092 [INFO] httpx: HTTP Request: POST https://api.telegram.org/bot8611683567:AAFcLxkFz7jJSkr7jhzas3Y1KHZI8CN8W8g/getUpdates "HTTP/1.1 200 OK"
2026-03-14 08:50:19,132 [INFO] httpx: HTTP Request: POST https://api.telegram.org/bot8611683567:AAFcLxkFz7jJSkr7jhzas3Y1KHZI8CN8W8g/getUpdates "HTTP/1.1 200 OK"
2026-03-14 08:50:29,182 [INFO] httpx: HTTP Request: POST https://api.telegram.org/bot8611683567:AAFcLxkFz7jJSkr7jhzas3Y1KHZI8CN8W8g/getUpdates "HTTP/1.1 200 OK"
2026-03-14 08:50:39,226 [INFO] httpx: HTTP Request: POST https://api.telegram.org/bot8611683567:AAFcLxkFz7jJSkr7jhzas3Y1KHZI8CN8W8g/getUpdates "HTTP/1.1 200 OK"
2026-03-14 08:50:49,268 [INFO] httpx: HTTP Request: POST https://api.telegram.org/bot8611683567:AAFcLxkFz7jJSkr7jhzas3Y1KHZI8CN8W8g/getUpdates "HTTP/1.1 200 OK"
2026-03-14 08:50:59,317 [INFO] httpx: HTTP Request: POST https://api.telegram.org/bot8611683567:AAFcLxkFz7jJSkr7jhzas3Y1KHZI8CN8W8g/getUpdates "HTTP/1.1 200 OK"
2026-03-14 08:51:09,360 [INFO] httpx: HTTP Request: POST https://api.telegram.org/bot8611683567:AAFcLxkFz7jJSkr7jhzas3Y1KHZI8CN8W8g/getUpdates "HTTP/1.1 200 OK"
2026-03-14 08:51:19,397 [INFO] httpx: HTTP Request: POST https://api.telegram.org/bot8611683567:AAFcLxkFz7jJSkr7jhzas3Y1KHZI8CN8W8g/getUpdates "HTTP/1.1 200 OK"
2026-03-14 08:51:29,434 [INFO] httpx: HTTP Request: POST https://api.telegram.org/bot8611683567:AAFcLxkFz7jJSkr7jhzas3Y1KHZI8CN8W8g/getUpdates "HTTP/1.1 200 OK"
2026-03-14 08:51:39,471 [INFO] httpx: HTTP Request: POST https://api.telegram.org/bot8611683567:AAFcLxkFz7jJSkr7jhzas3Y1KHZI8CN8W8g/getUpdates "HTTP/1.1 200 OK"
2026-03-14 08:51:49,509 [INFO] httpx: HTTP Request: POST https://api.telegram.org/bot8611683567:AAFcLxkFz7jJSkr7jhzas3Y1KHZI8CN8W8g/getUpdates "HTTP/1.1 200 OK"
2026-03-14 08:51:59,559 [INFO] httpx: HTTP Request: POST https://api.telegram.org/bot8611683567:AAFcLxkFz7jJSkr7jhzas3Y1KHZI8CN8W8g/getUpdates "HTTP/1.1 200 OK"
2026-03-14 08:52:09,599 [INFO] httpx: HTTP Request: POST https://api.telegram.org/bot8611683567:AAFcLxkFz7jJSkr7jhzas3Y1KHZI8CN8W8g/getUpdates "HTTP/1.1 200 OK"
2026-03-14 08:52:19,656 [INFO] httpx: HTTP Request: POST https://api.telegram.org/bot8611683567:AAFcLxkFz7jJSkr7jhzas3Y1KHZI8CN8W8g/getUpdates "HTTP/1.1 200 OK"
2026-03-14 08:52:29,713 [INFO] httpx: HTTP Request: POST https://api.telegram.org/bot8611683567:AAFcLxkFz7jJSkr7jhzas3Y1KHZI8CN8W8g/getUpdates "HTTP/1.1 200 OK"
2026-03-14 08:52:39,748 [INFO] httpx: HTTP Request: POST https://api.telegram.org/bot8611683567:AAFcLxkFz7jJSkr7jhzas3Y1KHZI8CN8W8g/getUpdates "HTTP/1.1 200 OK"
2026-03-14 08:52:49,845 [INFO] httpx: HTTP Request: POST https://api.telegram.org/bot8611683567:AAFcLxkFz7jJSkr7jhzas3Y1KHZI8CN8W8g/getUpdates "HTTP/1.1 200 OK"
2026-03-14 08:52:59,885 [INFO] httpx: HTTP Request: POST https://api.telegram.org/bot8611683567:AAFcLxkFz7jJSkr7jhzas3Y1KHZI8CN8W8g/getUpdates "HTTP/1.1 200 OK"
2026-03-14 08:53:09,946 [INFO] httpx: HTTP Request: POST https://api.telegram.org/bot8611683567:AAFcLxkFz7jJSkr7jhzas3Y1KHZI8CN8W8g/getUpdates "HTTP/1.1 200 OK"
2026-03-14 08:53:19,989 [INFO] httpx: HTTP Request: POST https://api.telegram.org/bot8611683567:AAFcLxkFz7jJSkr7jhzas3Y1KHZI8CN8W8g/getUpdates "HTTP/1.1 200 OK"
2026-03-14 08:53:30,027 [INFO] httpx: HTTP Request: POST https://api.telegram.org/bot8611683567:AAFcLxkFz7jJSkr7jhzas3Y1KHZI8CN8W8g/getUpdates "HTTP/1.1 200 OK"
2026-03-14 08:53:40,071 [INFO] httpx: HTTP Request: POST https://api.telegram.org/bot8611683567:AAFcLxkFz7jJSkr7jhzas3Y1KHZI8CN8W8g/getUpdates "HTTP/1.1 200 OK"
2026-03-14 08:53:50,113 [INFO] httpx: HTTP Request: POST https://api.telegram.org/bot8611683567:AAFcLxkFz7jJSkr7jhzas3Y1KHZI8CN8W8g/getUpdates "HTTP/1.1 200 OK"
2026-03-14 08:54:00,157 [INFO] httpx: HTTP Request: POST https://api.telegram.org/bot8611683567:AAFcLxkFz7jJSkr7jhzas3Y1KHZI8CN8W8g/getUpdates "HTTP/1.1 200 OK"
2026-03-14 08:54:10,195 [INFO] httpx: HTTP Request: POST https://api.telegram.org/bot8611683567:AAFcLxkFz7jJSkr7jhzas3Y1KHZI8CN8W8g/getUpdates "HTTP/1.1 200 OK"
2026-03-14 08:54:20,237 [INFO] httpx: HTTP Request: POST https://api.telegram.org/bot8611683567:AAFcLxkFz7jJSkr7jhzas3Y1KHZI8CN8W8g/getUpdates "HTTP/1.1 200 OK"
2026-03-14 08:54:30,284 [INFO] httpx: HTTP Request: POST https://api.telegram.org/bot8611683567:AAFcLxkFz7jJSkr7jhzas3Y1KHZI8CN8W8g/getUpdates "HTTP/1.1 200 OK"
2026-03-14 08:54:40,323 [INFO] httpx: HTTP Request: POST https://api.telegram.org/bot8611683567:AAFcLxkFz7jJSkr7jhzas3Y1KHZI8CN8W8g/getUpdates "HTTP/1.1 200 OK"
2026-03-14 08:54:50,364 [INFO] httpx: HTTP Request: POST https://api.telegram.org/bot8611683567:AAFcLxkFz7jJSkr7jhzas3Y1KHZI8CN8W8g/getUpdates "HTTP/1.1 200 OK"
2026-03-14 08:55:00,507 [INFO] httpx: HTTP Request: POST https://api.telegram.org/bot8611683567:AAFcLxkFz7jJSkr7jhzas3Y1KHZI8CN8W8g/getUpdates "HTTP/1.1 200 OK"
2026-03-14 08:55:10,606 [INFO] httpx: HTTP Request: POST https://api.telegram.org/bot8611683567:AAFcLxkFz7jJSkr7jhzas3Y1KHZI8CN8W8g/getUpdates "HTTP/1.1 200 OK"
2026-03-14 08:55:20,646 [INFO] httpx: HTTP Request: POST https://api.telegram.org/bot8611683567:AAFcLxkFz7jJSkr7jhzas3Y1KHZI8CN8W8g/getUpdates "HTTP/1.1 200 OK"
2026-03-14 08:55:30,688 [INFO] httpx: HTTP Request: POST https://api.telegram.org/bot8611683567:AAFcLxkFz7jJSkr7jhzas3Y1KHZI8CN8W8g/getUpdates "HTTP/1.1 200 OK"
2026-03-14 08:55:40,725 [INFO] httpx: HTTP Request: POST https://api.telegram.org/bot8611683567:AAFcLxkFz7jJSkr7jhzas3Y1KHZI8CN8W8g/getUpdates "HTTP/1.1 200 OK"
2026-03-14 08:55:50,763 [INFO] httpx: HTTP Request: POST https://api.telegram.org/bot8611683567:AAFcLxkFz7jJSkr7jhzas3Y1KHZI8CN8W8g/getUpdates "HTTP/1.1 200 OK"
2026-03-14 08:56:00,802 [INFO] httpx: HTTP Request: POST https://api.telegram.org/bot8611683567:AAFcLxkFz7jJSkr7jhzas3Y1KHZI8CN8W8g/getUpdates "HTTP/1.1 200 OK"
2026-03-14 08:56:10,845 [INFO] httpx: HTTP Request: POST https://api.telegram.org/bot8611683567:AAFcLxkFz7jJSkr7jhzas3Y1KHZI8CN8W8g/getUpdates "HTTP/1.1 200 OK"
2026-03-14 08:56:20,886 [INFO] httpx: HTTP Request: POST https://api.telegram.org/bot8611683567:AAFcLxkFz7jJSkr7jhzas3Y1KHZI8CN8W8g/getUpdates "HTTP/1.1 200 OK"
2026-03-14 08:56:30,924 [INFO] httpx: HTTP Request: POST https://api.telegram.org/bot8611683567:AAFcLxkFz7jJSkr7jhzas3Y1KHZI8CN8W8g/getUpdates "HTTP/1.1 200 OK"
2026-03-14 08:56:40,965 [INFO] httpx: HTTP Request: POST https://api.telegram.org/bot8611683567:AAFcLxkFz7jJSkr7jhzas3Y1KHZI8CN8W8g/getUpdates "HTTP/1.1 200 OK"
2026-03-14 08:56:51,099 [INFO] httpx: HTTP Request: POST https://api.telegram.org/bot8611683567:AAFcLxkFz7jJSkr7jhzas3Y1KHZI8CN8W8g/getUpdates "HTTP/1.1 200 OK"
2026-03-14 08:57:01,136 [INFO] httpx: HTTP Request: POST https://api.telegram.org/bot8611683567:AAFcLxkFz7jJSkr7jhzas3Y1KHZI8CN8W8g/getUpdates "HTTP/1.1 200 OK"
2026-03-14 08:57:11,179 [INFO] httpx: HTTP Request: POST https://api.telegram.org/bot8611683567:AAFcLxkFz7jJSkr7jhzas3Y1KHZI8CN8W8g/getUpdates "HTTP/1.1 200 OK"
2026-03-14 08:57:21,218 [INFO] httpx: HTTP Request: POST https://api.telegram.org/bot8611683567:AAFcLxkFz7jJSkr7jhzas3Y1KHZI8CN8W8g/getUpdates "HTTP/1.1 200 OK"
2026-03-14 08:57:31,260 [INFO] httpx: HTTP Request: POST https://api.telegram.org/bot8611683567:AAFcLxkFz7jJSkr7jhzas3Y1KHZI8CN8W8g/getUpdates "HTTP/1.1 200 OK"
2026-03-14 08:57:41,302 [INFO] httpx: HTTP Request: POST https://api.telegram.org/bot8611683567:AAFcLxkFz7jJSkr7jhzas3Y1KHZI8CN8W8g/getUpdates "HTTP/1.1 200 OK"
2026-03-14 08:57:51,343 [INFO] httpx: HTTP Request: POST https://api.telegram.org/bot8611683567:AAFcLxkFz7jJSkr7jhzas3Y1KHZI8CN8W8g/getUpdates "HTTP/1.1 200 OK"
2026-03-14 08:58:01,403 [INFO] httpx: HTTP Request: POST https://api.telegram.org/bot8611683567:AAFcLxkFz7jJSkr7jhzas3Y1KHZI8CN8W8g/getUpdates "HTTP/1.1 200 OK"
2026-03-14 08:58:11,452 [INFO] httpx: HTTP Request: POST https://api.telegram.org/bot8611683567:AAFcLxkFz7jJSkr7jhzas3Y1KHZI8CN8W8g/getUpdates "HTTP/1.1 200 OK"
2026-03-14 08:58:21,491 [INFO] httpx: HTTP Request: POST https://api.telegram.org/bot8611683567:AAFcLxkFz7jJSkr7jhzas3Y1KHZI8CN8W8g/getUpdates "HTTP/1.1 200 OK"
2026-03-14 08:58:31,525 [INFO] httpx: HTTP Request: POST https://api.telegram.org/bot8611683567:AAFcLxkFz7jJSkr7jhzas3Y1KHZI8CN8W8g/getUpdates "HTTP/1.1 200 OK"
2026-03-14 08:58:41,571 [INFO] httpx: HTTP Request: POST https://api.telegram.org/bot8611683567:AAFcLxkFz7jJSkr7jhzas3Y1KHZI8CN8W8g/getUpdates "HTTP/1.1 200 OK"
2026-03-14 08:58:51,862 [INFO] httpx: HTTP Request: POST https://api.telegram.org/bot8611683567:AAFcLxkFz7jJSkr7jhzas3Y1KHZI8CN8W8g/getUpdates "HTTP/1.1 200 OK"
2026-03-14 08:59:01,959 [INFO] httpx: HTTP Request: POST https://api.telegram.org/bot8611683567:AAFcLxkFz7jJSkr7jhzas3Y1KHZI8CN8W8g/getUpdates "HTTP/1.1 200 OK"
2026-03-14 08:59:12,083 [INFO] httpx: HTTP Request: POST https://api.telegram.org/bot8611683567:AAFcLxkFz7jJSkr7jhzas3Y1KHZI8CN8W8g/getUpdates "HTTP/1.1 200 OK"
2026-03-14 08:59:22,120 [INFO] httpx: HTTP Request: POST https://api.telegram.org/bot8611683567:AAFcLxkFz7jJSkr7jhzas3Y1KHZI8CN8W8g/getUpdates "HTTP/1.1 200 OK"
2026-03-14 08:59:32,158 [INFO] httpx: HTTP Request: POST https://api.telegram.org/bot8611683567:AAFcLxkFz7jJSkr7jhzas3Y1KHZI8CN8W8g/getUpdates "HTTP/1.1 200 OK"
2026-03-14 08:59:42,198 [INFO] httpx: HTTP Request: POST https://api.telegram.org/bot8611683567:AAFcLxkFz7jJSkr7jhzas3Y1KHZI8CN8W8g/getUpdates "HTTP/1.1 200 OK"
2026-03-14 08:59:52,237 [INFO] httpx: HTTP Request: POST https://api.telegram.org/bot8611683567:AAFcLxkFz7jJSkr7jhzas3Y1KHZI8CN8W8g/getUpdates "HTTP/1.1 200 OK"
2026-03-14 09:00:02,270 [INFO] httpx: HTTP Request: POST https://api.telegram.org/bot8611683567:AAFcLxkFz7jJSkr7jhzas3Y1KHZI8CN8W8g/getUpdates "HTTP/1.1 200 OK"
2026-03-14 09:00:12,309 [INFO] httpx: HTTP Request: POST https://api.telegram.org/bot8611683567:AAFcLxkFz7jJSkr7jhzas3Y1KHZI8CN8W8g/getUpdates "HTTP/1.1 200 OK"
2026-03-14 09:00:22,346 [INFO] httpx: HTTP Request: POST https://api.telegram.org/bot8611683567:AAFcLxkFz7jJSkr7jhzas3Y1KHZI8CN8W8g/getUpdates "HTTP/1.1 200 OK"
2026-03-14 09:00:32,385 [INFO] httpx: HTTP Request: POST https://api.telegram.org/bot8611683567:AAFcLxkFz7jJSkr7jhzas3Y1KHZI8CN8W8g/getUpdates "HTTP/1.1 200 OK"
2026-03-14 09:00:42,428 [INFO] httpx: HTTP Request: POST https://api.telegram.org/bot8611683567:AAFcLxkFz7jJSkr7jhzas3Y1KHZI8CN8W8g/getUpdates "HTTP/1.1 200 OK"
2026-03-14 09:00:52,467 [INFO] httpx: HTTP Request: POST https://api.telegram.org/bot8611683567:AAFcLxkFz7jJSkr7jhzas3Y1KHZI8CN8W8g/getUpdates "HTTP/1.1 200 OK"
2026-03-14 09:01:02,507 [INFO] httpx: HTTP Request: POST https://api.telegram.org/bot8611683567:AAFcLxkFz7jJSkr7jhzas3Y1KHZI8CN8W8g/getUpdates "HTTP/1.1 200 OK"
2026-03-14 09:01:12,546 [INFO] httpx: HTTP Request: POST https://api.telegram.org/bot8611683567:AAFcLxkFz7jJSkr7jhzas3Y1KHZI8CN8W8g/getUpdates "HTTP/1.1 200 OK"
2026-03-14 09:01:22,584 [INFO] httpx: HTTP Request: POST https://api.telegram.org/bot8611683567:AAFcLxkFz7jJSkr7jhzas3Y1KHZI8CN8W8g/getUpdates "HTTP/1.1 200 OK"
2026-03-14 09:01:32,621 [INFO] httpx: HTTP Request: POST https://api.telegram.org/bot8611683567:AAFcLxkFz7jJSkr7jhzas3Y1KHZI8CN8W8g/getUpdates "HTTP/1.1 200 OK"
2026-03-14 09:01:42,660 [INFO] httpx: HTTP Request: POST https://api.telegram.org/bot8611683567:AAFcLxkFz7jJSkr7jhzas3Y1KHZI8CN8W8g/getUpdates "HTTP/1.1 200 OK"
2026-03-14 09:01:52,697 [INFO] httpx: HTTP Request: POST https://api.telegram.org/bot8611683567:AAFcLxkFz7jJSkr7jhzas3Y1KHZI8CN8W8g/getUpdates "HTTP/1.1 200 OK"
2026-03-14 09:02:02,736 [INFO] httpx: HTTP Request: POST https://api.telegram.org/bot8611683567:AAFcLxkFz7jJSkr7jhzas3Y1KHZI8CN8W8g/getUpdates "HTTP/1.1 200 OK"
2026-03-14 09:02:12,772 [INFO] httpx: HTTP Request: POST https://api.telegram.org/bot8611683567:AAFcLxkFz7jJSkr7jhzas3Y1KHZI8CN8W8g/getUpdates "HTTP/1.1 200 OK"
2026-03-14 09:02:22,810 [INFO] httpx: HTTP Request: POST https://api.telegram.org/bot8611683567:AAFcLxkFz7jJSkr7jhzas3Y1KHZI8CN8W8g/getUpdates "HTTP/1.1 200 OK"
2026-03-14 09:02:32,845 [INFO] httpx: HTTP Request: POST https://api.telegram.org/bot8611683567:AAFcLxkFz7jJSkr7jhzas3Y1KHZI8CN8W8g/getUpdates "HTTP/1.1 200 OK"
2026-03-14 09:02:42,881 [INFO] httpx: HTTP Request: POST https://api.telegram.org/bot8611683567:AAFcLxkFz7jJSkr7jhzas3Y1KHZI8CN8W8g/getUpdates "HTTP/1.1 200 OK"
2026-03-14 09:02:52,919 [INFO] httpx: HTTP Request: POST https://api.telegram.org/bot8611683567:AAFcLxkFz7jJSkr7jhzas3Y1KHZI8CN8W8g/getUpdates "HTTP/1.1 200 OK"
2026-03-14 09:03:00,801 [INFO] httpx: HTTP Request: POST https://api.telegram.org/bot8611683567:AAFcLxkFz7jJSkr7jhzas3Y1KHZI8CN8W8g/getUpdates "HTTP/1.1 200 OK"
2026-03-14 09:03:00,804 [INFO] telegram.ext.Application: Application is stopping. This might take a moment.
2026-03-14 09:03:00,804 [INFO] apscheduler.scheduler: Scheduler has been shut down
2026-03-14 09:03:00,825 [INFO] telegram.ext.Application: Application.stop() complete
2026-03-14 09:03:00,826 [INFO] apscheduler.scheduler: Scheduler has been shut down
2026-03-14 09:03:12,197 [INFO] __main__: ✅ БД готова
2026-03-14 09:03:12,678 [INFO] apscheduler.scheduler: Adding job tentatively -- it will be properly scheduled when the scheduler starts
2026-03-14 09:03:12,678 [INFO] __main__: 🤖 Бот запущен!
2026-03-14 09:03:12,846 [INFO] httpx: HTTP Request: POST https://api.telegram.org/bot8611683567:AAFcLxkFz7jJSkr7jhzas3Y1KHZI8CN8W8g/getMe "HTTP/1.1 200 OK"
2026-03-14 09:03:12,848 [INFO] apscheduler.scheduler: Added job "main.<locals>.<lambda>" to job store "default"
2026-03-14 09:03:12,849 [INFO] apscheduler.scheduler: Scheduler started
2026-03-14 09:03:12,849 [INFO] __main__: ⏰ Планировщик: каждые 30 мин
2026-03-14 09:03:18,105 [INFO] httpx: HTTP Request: POST https://api.telegram.org/bot8611683567:AAFcLxkFz7jJSkr7jhzas3Y1KHZI8CN8W8g/sendMessage "HTTP/1.1 200 OK"
2026-03-14 09:03:18,107 [INFO] __main__: ▶️  Проверка [14.03.2026 09:03]
2026-03-14 09:03:24,918 [INFO] scrapers.novatours: Novatours: токен получен (03096e2114...)
2026-03-14 09:03:26,583 [INFO] scrapers.novatours: Novatours: 10 отелей с ценами
2026-03-14 09:03:31,600 [INFO] __main__: Novatours: 10 туров до фильтра
2026-03-14 09:03:31,601 [INFO] __main__: Итого до фильтра: 10
2026-03-14 09:03:31,632 [INFO] __main__: 🔥 Новых горящих: 2
2026-03-14 09:03:31,827 [INFO] httpx: HTTP Request: POST https://api.telegram.org/bot8611683567:AAFcLxkFz7jJSkr7jhzas3Y1KHZI8CN8W8g/sendPhoto "HTTP/1.1 200 OK"
2026-03-14 09:03:31,970 [INFO] httpx: HTTP Request: POST https://api.telegram.org/bot8611683567:AAFcLxkFz7jJSkr7jhzas3Y1KHZI8CN8W8g/sendPhoto "HTTP/1.1 200 OK"
2026-03-14 09:03:32,071 [INFO] httpx: HTTP Request: POST https://api.telegram.org/bot8611683567:AAFcLxkFz7jJSkr7jhzas3Y1KHZI8CN8W8g/deleteWebhook "HTTP/1.1 200 OK"
2026-03-14 09:03:32,076 [INFO] apscheduler.scheduler: Scheduler started
2026-03-14 09:03:32,076 [INFO] telegram.ext.Application: Application started
2026-03-14 09:03:41,110 [INFO] httpx: HTTP Request: POST https://api.telegram.org/bot8611683567:AAFcLxkFz7jJSkr7jhzas3Y1KHZI8CN8W8g/getUpdates "HTTP/1.1 200 OK"
2026-03-14 09:03:41,278 [INFO] httpx: HTTP Request: POST https://api.telegram.org/bot8611683567:AAFcLxkFz7jJSkr7jhzas3Y1KHZI8CN8W8g/sendMessage "HTTP/1.1 200 OK"
2026-03-14 09:03:44,147 [INFO] httpx: HTTP Request: POST https://api.telegram.org/bot8611683567:AAFcLxkFz7jJSkr7jhzas3Y1KHZI8CN8W8g/getUpdates "HTTP/1.1 200 OK"
2026-03-14 09:03:44,199 [INFO] httpx: HTTP Request: POST https://api.telegram.org/bot8611683567:AAFcLxkFz7jJSkr7jhzas3Y1KHZI8CN8W8g/answerCallbackQuery "HTTP/1.1 200 OK"
2026-03-14 09:03:44,267 [INFO] httpx: HTTP Request: POST https://api.telegram.org/bot8611683567:AAFcLxkFz7jJSkr7jhzas3Y1KHZI8CN8W8g/editMessageText "HTTP/1.1 200 OK"
2026-03-14 09:03:45,612 [INFO] httpx: HTTP Request: POST https://api.telegram.org/bot8611683567:AAFcLxkFz7jJSkr7jhzas3Y1KHZI8CN8W8g/getUpdates "HTTP/1.1 200 OK"
2026-03-14 09:03:45,696 [INFO] httpx: HTTP Request: POST https://api.telegram.org/bot8611683567:AAFcLxkFz7jJSkr7jhzas3Y1KHZI8CN8W8g/answerCallbackQuery "HTTP/1.1 200 OK"
2026-03-14 09:03:45,806 [INFO] httpx: HTTP Request: POST https://api.telegram.org/bot8611683567:AAFcLxkFz7jJSkr7jhzas3Y1KHZI8CN8W8g/editMessageText "HTTP/1.1 200 OK"
2026-03-14 09:03:46,366 [INFO] httpx: HTTP Request: POST https://api.telegram.org/bot8611683567:AAFcLxkFz7jJSkr7jhzas3Y1KHZI8CN8W8g/getUpdates "HTTP/1.1 200 OK"
2026-03-14 09:03:46,416 [INFO] httpx: HTTP Request: POST https://api.telegram.org/bot8611683567:AAFcLxkFz7jJSkr7jhzas3Y1KHZI8CN8W8g/answerCallbackQuery "HTTP/1.1 200 OK"
2026-03-14 09:03:46,477 [INFO] httpx: HTTP Request: POST https://api.telegram.org/bot8611683567:AAFcLxkFz7jJSkr7jhzas3Y1KHZI8CN8W8g/editMessageText "HTTP/1.1 200 OK"
2026-03-14 09:03:49,110 [INFO] httpx: HTTP Request: POST https://api.telegram.org/bot8611683567:AAFcLxkFz7jJSkr7jhzas3Y1KHZI8CN8W8g/getUpdates "HTTP/1.1 200 OK"
2026-03-14 09:03:49,170 [INFO] httpx: HTTP Request: POST https://api.telegram.org/bot8611683567:AAFcLxkFz7jJSkr7jhzas3Y1KHZI8CN8W8g/answerCallbackQuery "HTTP/1.1 200 OK"
2026-03-14 09:03:49,224 [INFO] httpx: HTTP Request: POST https://api.telegram.org/bot8611683567:AAFcLxkFz7jJSkr7jhzas3Y1KHZI8CN8W8g/editMessageText "HTTP/1.1 200 OK"
2026-03-14 09:03:50,213 [INFO] httpx: HTTP Request: POST https://api.telegram.org/bot8611683567:AAFcLxkFz7jJSkr7jhzas3Y1KHZI8CN8W8g/getUpdates "HTTP/1.1 200 OK"
2026-03-14 09:03:50,329 [INFO] httpx: HTTP Request: POST https://api.telegram.org/bot8611683567:AAFcLxkFz7jJSkr7jhzas3Y1KHZI8CN8W8g/answerCallbackQuery "HTTP/1.1 200 OK"
2026-03-14 09:03:50,470 [INFO] httpx: HTTP Request: POST https://api.telegram.org/bot8611683567:AAFcLxkFz7jJSkr7jhzas3Y1KHZI8CN8W8g/editMessageText "HTTP/1.1 200 OK"
2026-03-14 09:03:52,465 [INFO] httpx: HTTP Request: POST https://api.telegram.org/bot8611683567:AAFcLxkFz7jJSkr7jhzas3Y1KHZI8CN8W8g/getUpdates "HTTP/1.1 200 OK"
2026-03-14 09:03:52,517 [INFO] httpx: HTTP Request: POST https://api.telegram.org/bot8611683567:AAFcLxkFz7jJSkr7jhzas3Y1KHZI8CN8W8g/answerCallbackQuery "HTTP/1.1 200 OK"
2026-03-14 09:03:52,578 [INFO] httpx: HTTP Request: POST https://api.telegram.org/bot8611683567:AAFcLxkFz7jJSkr7jhzas3Y1KHZI8CN8W8g/editMessageText "HTTP/1.1 200 OK"
2026-03-14 09:03:55,126 [INFO] httpx: HTTP Request: POST https://api.telegram.org/bot8611683567:AAFcLxkFz7jJSkr7jhzas3Y1KHZI8CN8W8g/getUpdates "HTTP/1.1 200 OK"
2026-03-14 09:03:55,180 [INFO] httpx: HTTP Request: POST https://api.telegram.org/bot8611683567:AAFcLxkFz7jJSkr7jhzas3Y1KHZI8CN8W8g/answerCallbackQuery "HTTP/1.1 200 OK"
2026-03-14 09:03:55,243 [INFO] httpx: HTTP Request: POST https://api.telegram.org/bot8611683567:AAFcLxkFz7jJSkr7jhzas3Y1KHZI8CN8W8g/editMessageText "HTTP/1.1 200 OK"
2026-03-14 09:03:59,427 [INFO] httpx: HTTP Request: POST https://api.telegram.org/bot8611683567:AAFcLxkFz7jJSkr7jhzas3Y1KHZI8CN8W8g/getUpdates "HTTP/1.1 200 OK"
2026-03-14 09:03:59,472 [INFO] httpx: HTTP Request: POST https://api.telegram.org/bot8611683567:AAFcLxkFz7jJSkr7jhzas3Y1KHZI8CN8W8g/answerCallbackQuery "HTTP/1.1 200 OK"
2026-03-14 09:03:59,540 [INFO] httpx: HTTP Request: POST https://api.telegram.org/bot8611683567:AAFcLxkFz7jJSkr7jhzas3Y1KHZI8CN8W8g/editMessageText "HTTP/1.1 200 OK"
2026-03-14 09:04:00,408 [INFO] httpx: HTTP Request: POST https://api.telegram.org/bot8611683567:AAFcLxkFz7jJSkr7jhzas3Y1KHZI8CN8W8g/getUpdates "HTTP/1.1 200 OK"
2026-03-14 09:04:00,458 [INFO] httpx: HTTP Request: POST https://api.telegram.org/bot8611683567:AAFcLxkFz7jJSkr7jhzas3Y1KHZI8CN8W8g/answerCallbackQuery "HTTP/1.1 200 OK"
2026-03-14 09:04:00,519 [INFO] httpx: HTTP Request: POST https://api.telegram.org/bot8611683567:AAFcLxkFz7jJSkr7jhzas3Y1KHZI8CN8W8g/editMessageText "HTTP/1.1 200 OK"
2026-03-14 09:04:01,698 [INFO] httpx: HTTP Request: POST https://api.telegram.org/bot8611683567:AAFcLxkFz7jJSkr7jhzas3Y1KHZI8CN8W8g/getUpdates "HTTP/1.1 200 OK"
2026-03-14 09:04:01,746 [INFO] httpx: HTTP Request: POST https://api.telegram.org/bot8611683567:AAFcLxkFz7jJSkr7jhzas3Y1KHZI8CN8W8g/answerCallbackQuery "HTTP/1.1 200 OK"
2026-03-14 09:04:01,808 [INFO] httpx: HTTP Request: POST https://api.telegram.org/bot8611683567:AAFcLxkFz7jJSkr7jhzas3Y1KHZI8CN8W8g/editMessageText "HTTP/1.1 200 OK"
2026-03-14 09:04:02,683 [INFO] httpx: HTTP Request: POST https://api.telegram.org/bot8611683567:AAFcLxkFz7jJSkr7jhzas3Y1KHZI8CN8W8g/getUpdates "HTTP/1.1 200 OK"
2026-03-14 09:04:02,753 [INFO] httpx: HTTP Request: POST https://api.telegram.org/bot8611683567:AAFcLxkFz7jJSkr7jhzas3Y1KHZI8CN8W8g/answerCallbackQuery "HTTP/1.1 200 OK"
2026-03-14 09:04:02,833 [INFO] httpx: HTTP Request: POST https://api.telegram.org/bot8611683567:AAFcLxkFz7jJSkr7jhzas3Y1KHZI8CN8W8g/editMessageText "HTTP/1.1 200 OK"
2026-03-14 09:04:03,924 [INFO] httpx: HTTP Request: POST https://api.telegram.org/bot8611683567:AAFcLxkFz7jJSkr7jhzas3Y1KHZI8CN8W8g/getUpdates "HTTP/1.1 200 OK"
2026-03-14 09:04:03,981 [INFO] httpx: HTTP Request: POST https://api.telegram.org/bot8611683567:AAFcLxkFz7jJSkr7jhzas3Y1KHZI8CN8W8g/answerCallbackQuery "HTTP/1.1 200 OK"
2026-03-14 09:04:04,042 [INFO] httpx: HTTP Request: POST https://api.telegram.org/bot8611683567:AAFcLxkFz7jJSkr7jhzas3Y1KHZI8CN8W8g/editMessageText "HTTP/1.1 200 OK"
2026-03-14 09:04:04,800 [INFO] httpx: HTTP Request: POST https://api.telegram.org/bot8611683567:AAFcLxkFz7jJSkr7jhzas3Y1KHZI8CN8W8g/getUpdates "HTTP/1.1 200 OK"
2026-03-14 09:04:04,853 [INFO] httpx: HTTP Request: POST https://api.telegram.org/bot8611683567:AAFcLxkFz7jJSkr7jhzas3Y1KHZI8CN8W8g/answerCallbackQuery "HTTP/1.1 200 OK"
2026-03-14 09:04:04,917 [INFO] httpx: HTTP Request: POST https://api.telegram.org/bot8611683567:AAFcLxkFz7jJSkr7jhzas3Y1KHZI8CN8W8g/editMessageText "HTTP/1.1 200 OK"
2026-03-14 09:04:05,952 [INFO] httpx: HTTP Request: POST https://api.telegram.org/bot8611683567:AAFcLxkFz7jJSkr7jhzas3Y1KHZI8CN8W8g/getUpdates "HTTP/1.1 200 OK"
2026-03-14 09:04:06,001 [INFO] httpx: HTTP Request: POST https://api.telegram.org/bot8611683567:AAFcLxkFz7jJSkr7jhzas3Y1KHZI8CN8W8g/answerCallbackQuery "HTTP/1.1 200 OK"
2026-03-14 09:04:06,071 [INFO] httpx: HTTP Request: POST https://api.telegram.org/bot8611683567:AAFcLxkFz7jJSkr7jhzas3Y1KHZI8CN8W8g/editMessageText "HTTP/1.1 200 OK"
2026-03-14 09:04:07,003 [INFO] httpx: HTTP Request: POST https://api.telegram.org/bot8611683567:AAFcLxkFz7jJSkr7jhzas3Y1KHZI8CN8W8g/getUpdates "HTTP/1.1 200 OK"
2026-03-14 09:04:07,054 [INFO] httpx: HTTP Request: POST https://api.telegram.org/bot8611683567:AAFcLxkFz7jJSkr7jhzas3Y1KHZI8CN8W8g/answerCallbackQuery "HTTP/1.1 200 OK"
2026-03-14 09:04:07,109 [INFO] httpx: HTTP Request: POST https://api.telegram.org/bot8611683567:AAFcLxkFz7jJSkr7jhzas3Y1KHZI8CN8W8g/editMessageText "HTTP/1.1 200 OK"
2026-03-14 09:04:08,085 [INFO] httpx: HTTP Request: POST https://api.telegram.org/bot8611683567:AAFcLxkFz7jJSkr7jhzas3Y1KHZI8CN8W8g/getUpdates "HTTP/1.1 200 OK"
2026-03-14 09:04:08,128 [INFO] httpx: HTTP Request: POST https://api.telegram.org/bot8611683567:AAFcLxkFz7jJSkr7jhzas3Y1KHZI8CN8W8g/answerCallbackQuery "HTTP/1.1 200 OK"
2026-03-14 09:04:08,130 [ERROR] telegram.ext.Application: No error handlers are registered, logging exception.
Traceback (most recent call last):
  File "C:\Egypt\.venv\Lib\site-packages\telegram\ext\_application.py", line 1315, in process_update
    await coroutine
  File "C:\Egypt\.venv\Lib\site-packages\telegram\ext\_handlers\basehandler.py", line 159, in handle_update
    return await self.callback(update, context)
           ^^^^^^^^^^^^^^^^^^^^^^^^^^^^^^^^^^^^
  File "C:\Egypt\bot.py", line 342, in on_button
    set_setting(chat_id, "days_filter", val)
    ~~~~~~~~~~~^^^^^^^^^^^^^^^^^^^^^^^^^^^^^
  File "C:\Egypt\database.py", line 165, in set_setting
    conn.execute(
    ~~~~~~~~~~~~^
        f"UPDATE user_settings SET {key}=? WHERE chat_id=?", (value, chat_id)
        ^^^^^^^^^^^^^^^^^^^^^^^^^^^^^^^^^^^^^^^^^^^^^^^^^^^^^^^^^^^^^^^^^^^^^
    )
    ^
sqlite3.OperationalError: no such column: days_filter
2026-03-14 09:04:09,713 [INFO] httpx: HTTP Request: POST https://api.telegram.org/bot8611683567:AAFcLxkFz7jJSkr7jhzas3Y1KHZI8CN8W8g/getUpdates "HTTP/1.1 200 OK"
2026-03-14 09:04:09,769 [INFO] httpx: HTTP Request: POST https://api.telegram.org/bot8611683567:AAFcLxkFz7jJSkr7jhzas3Y1KHZI8CN8W8g/answerCallbackQuery "HTTP/1.1 200 OK"
2026-03-14 09:04:09,774 [ERROR] telegram.ext.Application: No error handlers are registered, logging exception.
Traceback (most recent call last):
  File "C:\Egypt\.venv\Lib\site-packages\telegram\ext\_application.py", line 1315, in process_update
    await coroutine
  File "C:\Egypt\.venv\Lib\site-packages\telegram\ext\_handlers\basehandler.py", line 159, in handle_update
    return await self.callback(update, context)
           ^^^^^^^^^^^^^^^^^^^^^^^^^^^^^^^^^^^^
  File "C:\Egypt\bot.py", line 342, in on_button
    set_setting(chat_id, "days_filter", val)
    ~~~~~~~~~~~^^^^^^^^^^^^^^^^^^^^^^^^^^^^^
  File "C:\Egypt\database.py", line 165, in set_setting
    conn.execute(
    ~~~~~~~~~~~~^
        f"UPDATE user_settings SET {key}=? WHERE chat_id=?", (value, chat_id)
        ^^^^^^^^^^^^^^^^^^^^^^^^^^^^^^^^^^^^^^^^^^^^^^^^^^^^^^^^^^^^^^^^^^^^^
    )
    ^
sqlite3.OperationalError: no such column: days_filter
2026-03-14 09:04:11,081 [INFO] httpx: HTTP Request: POST https://api.telegram.org/bot8611683567:AAFcLxkFz7jJSkr7jhzas3Y1KHZI8CN8W8g/getUpdates "HTTP/1.1 200 OK"
2026-03-14 09:04:11,133 [INFO] httpx: HTTP Request: POST https://api.telegram.org/bot8611683567:AAFcLxkFz7jJSkr7jhzas3Y1KHZI8CN8W8g/answerCallbackQuery "HTTP/1.1 200 OK"
2026-03-14 09:04:11,193 [INFO] httpx: HTTP Request: POST https://api.telegram.org/bot8611683567:AAFcLxkFz7jJSkr7jhzas3Y1KHZI8CN8W8g/editMessageText "HTTP/1.1 200 OK"
2026-03-14 09:04:11,716 [INFO] httpx: HTTP Request: POST https://api.telegram.org/bot8611683567:AAFcLxkFz7jJSkr7jhzas3Y1KHZI8CN8W8g/getUpdates "HTTP/1.1 200 OK"
2026-03-14 09:04:11,762 [INFO] httpx: HTTP Request: POST https://api.telegram.org/bot8611683567:AAFcLxkFz7jJSkr7jhzas3Y1KHZI8CN8W8g/answerCallbackQuery "HTTP/1.1 200 OK"
2026-03-14 09:04:11,816 [INFO] httpx: HTTP Request: POST https://api.telegram.org/bot8611683567:AAFcLxkFz7jJSkr7jhzas3Y1KHZI8CN8W8g/editMessageText "HTTP/1.1 200 OK"
2026-03-14 09:04:12,441 [INFO] httpx: HTTP Request: POST https://api.telegram.org/bot8611683567:AAFcLxkFz7jJSkr7jhzas3Y1KHZI8CN8W8g/getUpdates "HTTP/1.1 200 OK"
2026-03-14 09:04:12,500 [INFO] httpx: HTTP Request: POST https://api.telegram.org/bot8611683567:AAFcLxkFz7jJSkr7jhzas3Y1KHZI8CN8W8g/answerCallbackQuery "HTTP/1.1 200 OK"
2026-03-14 09:04:12,562 [INFO] httpx: HTTP Request: POST https://api.telegram.org/bot8611683567:AAFcLxkFz7jJSkr7jhzas3Y1KHZI8CN8W8g/editMessageText "HTTP/1.1 200 OK"
2026-03-14 09:04:13,551 [INFO] httpx: HTTP Request: POST https://api.telegram.org/bot8611683567:AAFcLxkFz7jJSkr7jhzas3Y1KHZI8CN8W8g/getUpdates "HTTP/1.1 200 OK"
2026-03-14 09:04:13,599 [INFO] httpx: HTTP Request: POST https://api.telegram.org/bot8611683567:AAFcLxkFz7jJSkr7jhzas3Y1KHZI8CN8W8g/answerCallbackQuery "HTTP/1.1 200 OK"
2026-03-14 09:04:13,656 [INFO] httpx: HTTP Request: POST https://api.telegram.org/bot8611683567:AAFcLxkFz7jJSkr7jhzas3Y1KHZI8CN8W8g/editMessageText "HTTP/1.1 200 OK"
2026-03-14 09:04:23,592 [INFO] httpx: HTTP Request: POST https://api.telegram.org/bot8611683567:AAFcLxkFz7jJSkr7jhzas3Y1KHZI8CN8W8g/getUpdates "HTTP/1.1 200 OK"
2026-03-14 09:04:29,152 [INFO] httpx: HTTP Request: POST https://api.telegram.org/bot8611683567:AAFcLxkFz7jJSkr7jhzas3Y1KHZI8CN8W8g/getUpdates "HTTP/1.1 200 OK"
2026-03-14 09:04:29,284 [INFO] httpx: HTTP Request: POST https://api.telegram.org/bot8611683567:AAFcLxkFz7jJSkr7jhzas3Y1KHZI8CN8W8g/answerCallbackQuery "HTTP/1.1 200 OK"
2026-03-14 09:04:29,288 [ERROR] telegram.ext.Application: No error handlers are registered, logging exception.
Traceback (most recent call last):
  File "C:\Egypt\.venv\Lib\site-packages\telegram\ext\_application.py", line 1315, in process_update
    await coroutine
  File "C:\Egypt\.venv\Lib\site-packages\telegram\ext\_handlers\basehandler.py", line 159, in handle_update
    return await self.callback(update, context)
           ^^^^^^^^^^^^^^^^^^^^^^^^^^^^^^^^^^^^
  File "C:\Egypt\bot.py", line 342, in on_button
    set_setting(chat_id, "days_filter", val)
    ~~~~~~~~~~~^^^^^^^^^^^^^^^^^^^^^^^^^^^^^
  File "C:\Egypt\database.py", line 165, in set_setting
    conn.execute(
    ~~~~~~~~~~~~^
        f"UPDATE user_settings SET {key}=? WHERE chat_id=?", (value, chat_id)
        ^^^^^^^^^^^^^^^^^^^^^^^^^^^^^^^^^^^^^^^^^^^^^^^^^^^^^^^^^^^^^^^^^^^^^
    )
    ^
sqlite3.OperationalError: no such column: days_filter
2026-03-14 09:04:29,787 [INFO] httpx: HTTP Request: POST https://api.telegram.org/bot8611683567:AAFcLxkFz7jJSkr7jhzas3Y1KHZI8CN8W8g/getUpdates "HTTP/1.1 200 OK"
2026-03-14 09:04:29,908 [INFO] httpx: HTTP Request: POST https://api.telegram.org/bot8611683567:AAFcLxkFz7jJSkr7jhzas3Y1KHZI8CN8W8g/answerCallbackQuery "HTTP/1.1 200 OK"
2026-03-14 09:04:30,004 [INFO] httpx: HTTP Request: POST https://api.telegram.org/bot8611683567:AAFcLxkFz7jJSkr7jhzas3Y1KHZI8CN8W8g/editMessageText "HTTP/1.1 200 OK"
2026-03-14 09:04:30,914 [INFO] httpx: HTTP Request: POST https://api.telegram.org/bot8611683567:AAFcLxkFz7jJSkr7jhzas3Y1KHZI8CN8W8g/getUpdates "HTTP/1.1 200 OK"
2026-03-14 09:04:30,965 [INFO] httpx: HTTP Request: POST https://api.telegram.org/bot8611683567:AAFcLxkFz7jJSkr7jhzas3Y1KHZI8CN8W8g/answerCallbackQuery "HTTP/1.1 200 OK"
2026-03-14 09:04:31,037 [INFO] httpx: HTTP Request: POST https://api.telegram.org/bot8611683567:AAFcLxkFz7jJSkr7jhzas3Y1KHZI8CN8W8g/editMessageText "HTTP/1.1 200 OK"
2026-03-14 09:04:33,862 [INFO] httpx: HTTP Request: POST https://api.telegram.org/bot8611683567:AAFcLxkFz7jJSkr7jhzas3Y1KHZI8CN8W8g/getUpdates "HTTP/1.1 200 OK"
2026-03-14 09:04:33,919 [INFO] httpx: HTTP Request: POST https://api.telegram.org/bot8611683567:AAFcLxkFz7jJSkr7jhzas3Y1KHZI8CN8W8g/answerCallbackQuery "HTTP/1.1 200 OK"
2026-03-14 09:04:34,000 [INFO] httpx: HTTP Request: POST https://api.telegram.org/bot8611683567:AAFcLxkFz7jJSkr7jhzas3Y1KHZI8CN8W8g/editMessageText "HTTP/1.1 200 OK"
2026-03-14 09:04:35,023 [INFO] httpx: HTTP Request: POST https://api.telegram.org/bot8611683567:AAFcLxkFz7jJSkr7jhzas3Y1KHZI8CN8W8g/getUpdates "HTTP/1.1 200 OK"
2026-03-14 09:04:35,082 [INFO] httpx: HTTP Request: POST https://api.telegram.org/bot8611683567:AAFcLxkFz7jJSkr7jhzas3Y1KHZI8CN8W8g/answerCallbackQuery "HTTP/1.1 200 OK"
2026-03-14 09:04:35,140 [INFO] httpx: HTTP Request: POST https://api.telegram.org/bot8611683567:AAFcLxkFz7jJSkr7jhzas3Y1KHZI8CN8W8g/editMessageText "HTTP/1.1 200 OK"
2026-03-14 09:04:43,310 [INFO] httpx: HTTP Request: POST https://api.telegram.org/bot8611683567:AAFcLxkFz7jJSkr7jhzas3Y1KHZI8CN8W8g/getUpdates "HTTP/1.1 200 OK"
2026-03-14 09:04:43,436 [INFO] httpx: HTTP Request: POST https://api.telegram.org/bot8611683567:AAFcLxkFz7jJSkr7jhzas3Y1KHZI8CN8W8g/answerCallbackQuery "HTTP/1.1 200 OK"
2026-03-14 09:04:43,506 [INFO] httpx: HTTP Request: POST https://api.telegram.org/bot8611683567:AAFcLxkFz7jJSkr7jhzas3Y1KHZI8CN8W8g/editMessageText "HTTP/1.1 200 OK"
2026-03-14 09:04:46,766 [INFO] httpx: HTTP Request: POST https://api.telegram.org/bot8611683567:AAFcLxkFz7jJSkr7jhzas3Y1KHZI8CN8W8g/getUpdates "HTTP/1.1 200 OK"
2026-03-14 09:04:46,823 [INFO] httpx: HTTP Request: POST https://api.telegram.org/bot8611683567:AAFcLxkFz7jJSkr7jhzas3Y1KHZI8CN8W8g/sendMessage "HTTP/1.1 200 OK"
2026-03-14 09:04:46,825 [INFO] __main__: ▶️  Проверка [14.03.2026 09:04]
2026-03-14 09:04:47,388 [INFO] scrapers.novatours: Novatours: 10 отелей с ценами
2026-03-14 09:04:47,886 [INFO] __main__: Novatours: 10 туров до фильтра
2026-03-14 09:04:47,887 [INFO] __main__: Итого до фильтра: 10
2026-03-14 09:04:47,888 [INFO] __main__: 🔥 Новых горящих: 0
2026-03-14 09:04:47,952 [INFO] httpx: HTTP Request: POST https://api.telegram.org/bot8611683567:AAFcLxkFz7jJSkr7jhzas3Y1KHZI8CN8W8g/sendMessage "HTTP/1.1 200 OK"
2026-03-14 09:04:53,590 [INFO] httpx: HTTP Request: POST https://api.telegram.org/bot8611683567:AAFcLxkFz7jJSkr7jhzas3Y1KHZI8CN8W8g/getUpdates "HTTP/1.1 200 OK"
2026-03-14 09:04:53,726 [INFO] httpx: HTTP Request: POST https://api.telegram.org/bot8611683567:AAFcLxkFz7jJSkr7jhzas3Y1KHZI8CN8W8g/sendMessage "HTTP/1.1 200 OK"
2026-03-14 09:05:03,635 [INFO] httpx: HTTP Request: POST https://api.telegram.org/bot8611683567:AAFcLxkFz7jJSkr7jhzas3Y1KHZI8CN8W8g/getUpdates "HTTP/1.1 200 OK"
2026-03-14 09:05:13,671 [INFO] httpx: HTTP Request: POST https://api.telegram.org/bot8611683567:AAFcLxkFz7jJSkr7jhzas3Y1KHZI8CN8W8g/getUpdates "HTTP/1.1 200 OK"
2026-03-14 09:05:23,705 [INFO] httpx: HTTP Request: POST https://api.telegram.org/bot8611683567:AAFcLxkFz7jJSkr7jhzas3Y1KHZI8CN8W8g/getUpdates "HTTP/1.1 200 OK"
2026-03-14 09:05:32,538 [INFO] httpx: HTTP Request: POST https://api.telegram.org/bot8611683567:AAFcLxkFz7jJSkr7jhzas3Y1KHZI8CN8W8g/getUpdates "HTTP/1.1 200 OK"
2026-03-14 09:05:32,671 [INFO] httpx: HTTP Request: POST https://api.telegram.org/bot8611683567:AAFcLxkFz7jJSkr7jhzas3Y1KHZI8CN8W8g/answerCallbackQuery "HTTP/1.1 200 OK"
2026-03-14 09:05:32,728 [INFO] httpx: HTTP Request: POST https://api.telegram.org/bot8611683567:AAFcLxkFz7jJSkr7jhzas3Y1KHZI8CN8W8g/editMessageText "HTTP/1.1 200 OK"
2026-03-14 09:05:33,675 [INFO] httpx: HTTP Request: POST https://api.telegram.org/bot8611683567:AAFcLxkFz7jJSkr7jhzas3Y1KHZI8CN8W8g/getUpdates "HTTP/1.1 200 OK"
2026-03-14 09:05:33,737 [INFO] httpx: HTTP Request: POST https://api.telegram.org/bot8611683567:AAFcLxkFz7jJSkr7jhzas3Y1KHZI8CN8W8g/answerCallbackQuery "HTTP/1.1 200 OK"
2026-03-14 09:05:33,839 [INFO] httpx: HTTP Request: POST https://api.telegram.org/bot8611683567:AAFcLxkFz7jJSkr7jhzas3Y1KHZI8CN8W8g/editMessageText "HTTP/1.1 200 OK"
2026-03-14 09:05:35,059 [INFO] httpx: HTTP Request: POST https://api.telegram.org/bot8611683567:AAFcLxkFz7jJSkr7jhzas3Y1KHZI8CN8W8g/getUpdates "HTTP/1.1 200 OK"
2026-03-14 09:05:35,130 [INFO] httpx: HTTP Request: POST https://api.telegram.org/bot8611683567:AAFcLxkFz7jJSkr7jhzas3Y1KHZI8CN8W8g/sendMessage "HTTP/1.1 200 OK"
2026-03-14 09:05:35,133 [INFO] __main__: ▶️  Проверка [14.03.2026 09:05]
2026-03-14 09:05:35,592 [INFO] scrapers.novatours: Novatours: 10 отелей с ценами
2026-03-14 09:05:36,197 [INFO] __main__: Novatours: 10 туров до фильтра
2026-03-14 09:05:36,198 [INFO] __main__: Итого до фильтра: 10
2026-03-14 09:05:36,201 [INFO] __main__: 🔥 Новых горящих: 0
2026-03-14 09:05:36,259 [INFO] httpx: HTTP Request: POST https://api.telegram.org/bot8611683567:AAFcLxkFz7jJSkr7jhzas3Y1KHZI8CN8W8g/sendMessage "HTTP/1.1 200 OK"
2026-03-14 09:05:40,531 [INFO] httpx: HTTP Request: POST https://api.telegram.org/bot8611683567:AAFcLxkFz7jJSkr7jhzas3Y1KHZI8CN8W8g/getUpdates "HTTP/1.1 200 OK"
2026-03-14 09:05:40,595 [INFO] httpx: HTTP Request: POST https://api.telegram.org/bot8611683567:AAFcLxkFz7jJSkr7jhzas3Y1KHZI8CN8W8g/answerCallbackQuery "HTTP/1.1 200 OK"
2026-03-14 09:05:40,694 [INFO] httpx: HTTP Request: POST https://api.telegram.org/bot8611683567:AAFcLxkFz7jJSkr7jhzas3Y1KHZI8CN8W8g/editMessageText "HTTP/1.1 200 OK"
2026-03-14 09:05:41,919 [INFO] httpx: HTTP Request: POST https://api.telegram.org/bot8611683567:AAFcLxkFz7jJSkr7jhzas3Y1KHZI8CN8W8g/getUpdates "HTTP/1.1 200 OK"
2026-03-14 09:05:41,969 [INFO] httpx: HTTP Request: POST https://api.telegram.org/bot8611683567:AAFcLxkFz7jJSkr7jhzas3Y1KHZI8CN8W8g/answerCallbackQuery "HTTP/1.1 200 OK"
2026-03-14 09:05:42,041 [INFO] httpx: HTTP Request: POST https://api.telegram.org/bot8611683567:AAFcLxkFz7jJSkr7jhzas3Y1KHZI8CN8W8g/editMessageText "HTTP/1.1 200 OK"
2026-03-14 09:05:45,423 [INFO] httpx: HTTP Request: POST https://api.telegram.org/bot8611683567:AAFcLxkFz7jJSkr7jhzas3Y1KHZI8CN8W8g/getUpdates "HTTP/1.1 200 OK"
2026-03-14 09:05:45,501 [INFO] httpx: HTTP Request: POST https://api.telegram.org/bot8611683567:AAFcLxkFz7jJSkr7jhzas3Y1KHZI8CN8W8g/sendMessage "HTTP/1.1 200 OK"
2026-03-14 09:05:49,292 [INFO] httpx: HTTP Request: POST https://api.telegram.org/bot8611683567:AAFcLxkFz7jJSkr7jhzas3Y1KHZI8CN8W8g/getUpdates "HTTP/1.1 200 OK"
2026-03-14 09:05:49,367 [INFO] httpx: HTTP Request: POST https://api.telegram.org/bot8611683567:AAFcLxkFz7jJSkr7jhzas3Y1KHZI8CN8W8g/sendMessage "HTTP/1.1 200 OK"
2026-03-14 09:05:49,369 [INFO] __main__: ▶️  Проверка [14.03.2026 09:05]
2026-03-14 09:05:49,789 [INFO] scrapers.novatours: Novatours: 10 отелей с ценами
2026-03-14 09:05:50,289 [INFO] __main__: Novatours: 10 туров до фильтра
2026-03-14 09:05:50,290 [INFO] __main__: Итого до фильтра: 10
2026-03-14 09:05:50,294 [INFO] __main__: 🔥 Новых горящих: 0
2026-03-14 09:05:50,357 [INFO] httpx: HTTP Request: POST https://api.telegram.org/bot8611683567:AAFcLxkFz7jJSkr7jhzas3Y1KHZI8CN8W8g/sendMessage "HTTP/1.1 200 OK"
2026-03-14 09:05:59,329 [INFO] httpx: HTTP Request: POST https://api.telegram.org/bot8611683567:AAFcLxkFz7jJSkr7jhzas3Y1KHZI8CN8W8g/getUpdates "HTTP/1.1 200 OK"
2026-03-14 09:06:09,368 [INFO] httpx: HTTP Request: POST https://api.telegram.org/bot8611683567:AAFcLxkFz7jJSkr7jhzas3Y1KHZI8CN8W8g/getUpdates "HTTP/1.1 200 OK"
2026-03-14 09:06:19,402 [INFO] httpx: HTTP Request: POST https://api.telegram.org/bot8611683567:AAFcLxkFz7jJSkr7jhzas3Y1KHZI8CN8W8g/getUpdates "HTTP/1.1 200 OK"
2026-03-14 09:06:29,441 [INFO] httpx: HTTP Request: POST https://api.telegram.org/bot8611683567:AAFcLxkFz7jJSkr7jhzas3Y1KHZI8CN8W8g/getUpdates "HTTP/1.1 200 OK"
2026-03-14 09:06:39,476 [INFO] httpx: HTTP Request: POST https://api.telegram.org/bot8611683567:AAFcLxkFz7jJSkr7jhzas3Y1KHZI8CN8W8g/getUpdates "HTTP/1.1 200 OK"
2026-03-14 09:06:49,516 [INFO] httpx: HTTP Request: POST https://api.telegram.org/bot8611683567:AAFcLxkFz7jJSkr7jhzas3Y1KHZI8CN8W8g/getUpdates "HTTP/1.1 200 OK"
2026-03-14 09:06:59,552 [INFO] httpx: HTTP Request: POST https://api.telegram.org/bot8611683567:AAFcLxkFz7jJSkr7jhzas3Y1KHZI8CN8W8g/getUpdates "HTTP/1.1 200 OK"
2026-03-14 09:07:09,596 [INFO] httpx: HTTP Request: POST https://api.telegram.org/bot8611683567:AAFcLxkFz7jJSkr7jhzas3Y1KHZI8CN8W8g/getUpdates "HTTP/1.1 200 OK"
2026-03-14 09:07:19,096 [INFO] httpx: HTTP Request: POST https://api.telegram.org/bot8611683567:AAFcLxkFz7jJSkr7jhzas3Y1KHZI8CN8W8g/getUpdates "HTTP/1.1 200 OK"
2026-03-14 09:07:19,098 [INFO] telegram.ext.Application: Application is stopping. This might take a moment.
2026-03-14 09:07:19,099 [INFO] apscheduler.scheduler: Scheduler has been shut down
2026-03-14 09:07:19,114 [INFO] telegram.ext.Application: Application.stop() complete
2026-03-14 09:07:19,116 [INFO] apscheduler.scheduler: Scheduler has been shut down
2026-03-14 09:07:23,145 [INFO] __main__: ✅ БД готова
2026-03-14 09:07:23,623 [INFO] apscheduler.scheduler: Adding job tentatively -- it will be properly scheduled when the scheduler starts
2026-03-14 09:07:23,623 [INFO] __main__: 🤖 Бот запущен!
2026-03-14 09:07:23,786 [INFO] httpx: HTTP Request: POST https://api.telegram.org/bot8611683567:AAFcLxkFz7jJSkr7jhzas3Y1KHZI8CN8W8g/getMe "HTTP/1.1 200 OK"
2026-03-14 09:07:23,788 [INFO] apscheduler.scheduler: Added job "main.<locals>.<lambda>" to job store "default"
2026-03-14 09:07:23,788 [INFO] apscheduler.scheduler: Scheduler started
2026-03-14 09:07:23,789 [INFO] __main__: ⏰ Планировщик: каждые 30 мин
2026-03-14 09:07:29,013 [INFO] httpx: HTTP Request: POST https://api.telegram.org/bot8611683567:AAFcLxkFz7jJSkr7jhzas3Y1KHZI8CN8W8g/sendMessage "HTTP/1.1 200 OK"
2026-03-14 09:07:29,015 [INFO] __main__: ▶️  Проверка [14.03.2026 09:07]
2026-03-14 09:07:33,024 [INFO] scrapers.novatours: Novatours: токен получен (03096e2114...)
2026-03-14 09:07:33,582 [INFO] scrapers.novatours: Novatours: 10 отелей с ценами
2026-03-14 09:07:34,125 [INFO] __main__: Novatours: 10 туров до фильтра
2026-03-14 09:07:34,126 [INFO] __main__: Итого до фильтра: 10
2026-03-14 09:07:34,152 [INFO] __main__: 🔥 Новых горящих: 2
2026-03-14 09:07:34,312 [INFO] httpx: HTTP Request: POST https://api.telegram.org/bot8611683567:AAFcLxkFz7jJSkr7jhzas3Y1KHZI8CN8W8g/sendPhoto "HTTP/1.1 200 OK"
2026-03-14 09:07:34,459 [INFO] httpx: HTTP Request: POST https://api.telegram.org/bot8611683567:AAFcLxkFz7jJSkr7jhzas3Y1KHZI8CN8W8g/sendPhoto "HTTP/1.1 200 OK"
2026-03-14 09:07:34,548 [INFO] httpx: HTTP Request: POST https://api.telegram.org/bot8611683567:AAFcLxkFz7jJSkr7jhzas3Y1KHZI8CN8W8g/deleteWebhook "HTTP/1.1 200 OK"
2026-03-14 09:07:34,551 [INFO] apscheduler.scheduler: Scheduler started
2026-03-14 09:07:34,551 [INFO] telegram.ext.Application: Application started
2026-03-14 09:07:44,672 [INFO] httpx: HTTP Request: POST https://api.telegram.org/bot8611683567:AAFcLxkFz7jJSkr7jhzas3Y1KHZI8CN8W8g/getUpdates "HTTP/1.1 200 OK"
2026-03-14 09:07:45,217 [INFO] httpx: HTTP Request: POST https://api.telegram.org/bot8611683567:AAFcLxkFz7jJSkr7jhzas3Y1KHZI8CN8W8g/getUpdates "HTTP/1.1 200 OK"
2026-03-14 09:07:45,367 [INFO] httpx: HTTP Request: POST https://api.telegram.org/bot8611683567:AAFcLxkFz7jJSkr7jhzas3Y1KHZI8CN8W8g/sendMessage "HTTP/1.1 200 OK"
2026-03-14 09:07:51,244 [INFO] httpx: HTTP Request: POST https://api.telegram.org/bot8611683567:AAFcLxkFz7jJSkr7jhzas3Y1KHZI8CN8W8g/getUpdates "HTTP/1.1 200 OK"
2026-03-14 09:07:51,382 [INFO] httpx: HTTP Request: POST https://api.telegram.org/bot8611683567:AAFcLxkFz7jJSkr7jhzas3Y1KHZI8CN8W8g/answerCallbackQuery "HTTP/1.1 200 OK"
2026-03-14 09:07:51,484 [INFO] httpx: HTTP Request: POST https://api.telegram.org/bot8611683567:AAFcLxkFz7jJSkr7jhzas3Y1KHZI8CN8W8g/editMessageText "HTTP/1.1 200 OK"
2026-03-14 09:07:52,344 [INFO] httpx: HTTP Request: POST https://api.telegram.org/bot8611683567:AAFcLxkFz7jJSkr7jhzas3Y1KHZI8CN8W8g/getUpdates "HTTP/1.1 200 OK"
2026-03-14 09:07:52,401 [INFO] httpx: HTTP Request: POST https://api.telegram.org/bot8611683567:AAFcLxkFz7jJSkr7jhzas3Y1KHZI8CN8W8g/answerCallbackQuery "HTTP/1.1 200 OK"
2026-03-14 09:07:52,404 [ERROR] telegram.ext.Application: No error handlers are registered, logging exception.
Traceback (most recent call last):
  File "C:\Egypt\.venv\Lib\site-packages\telegram\ext\_application.py", line 1315, in process_update
    await coroutine
  File "C:\Egypt\.venv\Lib\site-packages\telegram\ext\_handlers\basehandler.py", line 159, in handle_update
    return await self.callback(update, context)
           ^^^^^^^^^^^^^^^^^^^^^^^^^^^^^^^^^^^^
  File "C:\Egypt\bot.py", line 357, in on_button
    set_setting(chat_id, "days_filter", val)
    ~~~~~~~~~~~^^^^^^^^^^^^^^^^^^^^^^^^^^^^^
  File "C:\Egypt\database.py", line 165, in set_setting
    conn.execute(
    ~~~~~~~~~~~~^
        f"UPDATE user_settings SET {key}=? WHERE chat_id=?", (value, chat_id)
        ^^^^^^^^^^^^^^^^^^^^^^^^^^^^^^^^^^^^^^^^^^^^^^^^^^^^^^^^^^^^^^^^^^^^^
    )
    ^
sqlite3.OperationalError: no such column: days_filter
2026-03-14 09:07:53,288 [INFO] httpx: HTTP Request: POST https://api.telegram.org/bot8611683567:AAFcLxkFz7jJSkr7jhzas3Y1KHZI8CN8W8g/getUpdates "HTTP/1.1 200 OK"
2026-03-14 09:07:53,355 [INFO] httpx: HTTP Request: POST https://api.telegram.org/bot8611683567:AAFcLxkFz7jJSkr7jhzas3Y1KHZI8CN8W8g/answerCallbackQuery "HTTP/1.1 200 OK"
2026-03-14 09:07:53,358 [ERROR] telegram.ext.Application: No error handlers are registered, logging exception.
Traceback (most recent call last):
  File "C:\Egypt\.venv\Lib\site-packages\telegram\ext\_application.py", line 1315, in process_update
    await coroutine
  File "C:\Egypt\.venv\Lib\site-packages\telegram\ext\_handlers\basehandler.py", line 159, in handle_update
    return await self.callback(update, context)
           ^^^^^^^^^^^^^^^^^^^^^^^^^^^^^^^^^^^^
  File "C:\Egypt\bot.py", line 357, in on_button
    set_setting(chat_id, "days_filter", val)
    ~~~~~~~~~~~^^^^^^^^^^^^^^^^^^^^^^^^^^^^^
  File "C:\Egypt\database.py", line 165, in set_setting
    conn.execute(
    ~~~~~~~~~~~~^
        f"UPDATE user_settings SET {key}=? WHERE chat_id=?", (value, chat_id)
        ^^^^^^^^^^^^^^^^^^^^^^^^^^^^^^^^^^^^^^^^^^^^^^^^^^^^^^^^^^^^^^^^^^^^^
    )
    ^
sqlite3.OperationalError: no such column: days_filter
2026-03-14 09:07:53,762 [INFO] httpx: HTTP Request: POST https://api.telegram.org/bot8611683567:AAFcLxkFz7jJSkr7jhzas3Y1KHZI8CN8W8g/getUpdates "HTTP/1.1 200 OK"
2026-03-14 09:07:53,811 [INFO] httpx: HTTP Request: POST https://api.telegram.org/bot8611683567:AAFcLxkFz7jJSkr7jhzas3Y1KHZI8CN8W8g/answerCallbackQuery "HTTP/1.1 200 OK"
2026-03-14 09:07:53,813 [ERROR] telegram.ext.Application: No error handlers are registered, logging exception.
Traceback (most recent call last):
  File "C:\Egypt\.venv\Lib\site-packages\telegram\ext\_application.py", line 1315, in process_update
    await coroutine
  File "C:\Egypt\.venv\Lib\site-packages\telegram\ext\_handlers\basehandler.py", line 159, in handle_update
    return await self.callback(update, context)
           ^^^^^^^^^^^^^^^^^^^^^^^^^^^^^^^^^^^^
  File "C:\Egypt\bot.py", line 357, in on_button
    set_setting(chat_id, "days_filter", val)
    ~~~~~~~~~~~^^^^^^^^^^^^^^^^^^^^^^^^^^^^^
  File "C:\Egypt\database.py", line 165, in set_setting
    conn.execute(
    ~~~~~~~~~~~~^
        f"UPDATE user_settings SET {key}=? WHERE chat_id=?", (value, chat_id)
        ^^^^^^^^^^^^^^^^^^^^^^^^^^^^^^^^^^^^^^^^^^^^^^^^^^^^^^^^^^^^^^^^^^^^^
    )
    ^
sqlite3.OperationalError: no such column: days_filter
2026-03-14 09:07:54,872 [INFO] httpx: HTTP Request: POST https://api.telegram.org/bot8611683567:AAFcLxkFz7jJSkr7jhzas3Y1KHZI8CN8W8g/getUpdates "HTTP/1.1 200 OK"
2026-03-14 09:07:54,917 [INFO] httpx: HTTP Request: POST https://api.telegram.org/bot8611683567:AAFcLxkFz7jJSkr7jhzas3Y1KHZI8CN8W8g/answerCallbackQuery "HTTP/1.1 200 OK"
2026-03-14 09:07:54,983 [INFO] httpx: HTTP Request: POST https://api.telegram.org/bot8611683567:AAFcLxkFz7jJSkr7jhzas3Y1KHZI8CN8W8g/editMessageText "HTTP/1.1 200 OK"
2026-03-14 09:07:58,661 [INFO] httpx: HTTP Request: POST https://api.telegram.org/bot8611683567:AAFcLxkFz7jJSkr7jhzas3Y1KHZI8CN8W8g/getUpdates "HTTP/1.1 200 OK"
2026-03-14 09:07:58,713 [INFO] httpx: HTTP Request: POST https://api.telegram.org/bot8611683567:AAFcLxkFz7jJSkr7jhzas3Y1KHZI8CN8W8g/answerCallbackQuery "HTTP/1.1 200 OK"
2026-03-14 09:07:58,754 [ERROR] telegram.ext.Application: No error handlers are registered, logging exception.
Traceback (most recent call last):
  File "C:\Egypt\.venv\Lib\site-packages\telegram\ext\_application.py", line 1315, in process_update
    await coroutine
  File "C:\Egypt\.venv\Lib\site-packages\telegram\ext\_handlers\basehandler.py", line 159, in handle_update
    return await self.callback(update, context)
           ^^^^^^^^^^^^^^^^^^^^^^^^^^^^^^^^^^^^
  File "C:\Egypt\bot.py", line 291, in on_button
    set_setting(chat_id, "days_filter", 30)
    ~~~~~~~~~~~^^^^^^^^^^^^^^^^^^^^^^^^^^^^
  File "C:\Egypt\database.py", line 165, in set_setting
    conn.execute(
    ~~~~~~~~~~~~^
        f"UPDATE user_settings SET {key}=? WHERE chat_id=?", (value, chat_id)
        ^^^^^^^^^^^^^^^^^^^^^^^^^^^^^^^^^^^^^^^^^^^^^^^^^^^^^^^^^^^^^^^^^^^^^
    )
    ^
sqlite3.OperationalError: no such column: days_filter
2026-03-14 09:08:00,055 [INFO] httpx: HTTP Request: POST https://api.telegram.org/bot8611683567:AAFcLxkFz7jJSkr7jhzas3Y1KHZI8CN8W8g/getUpdates "HTTP/1.1 200 OK"
2026-03-14 09:08:00,115 [INFO] httpx: HTTP Request: POST https://api.telegram.org/bot8611683567:AAFcLxkFz7jJSkr7jhzas3Y1KHZI8CN8W8g/sendMessage "HTTP/1.1 200 OK"
2026-03-14 09:08:00,117 [INFO] __main__: ▶️  Проверка [14.03.2026 09:08]
2026-03-14 09:08:00,686 [INFO] scrapers.novatours: Novatours: 10 отелей с ценами
2026-03-14 09:08:01,145 [INFO] __main__: Novatours: 10 туров до фильтра
2026-03-14 09:08:01,145 [INFO] __main__: Итого до фильтра: 10
2026-03-14 09:08:01,147 [INFO] __main__: 🔥 Новых горящих: 0
2026-03-14 09:08:01,217 [INFO] httpx: HTTP Request: POST https://api.telegram.org/bot8611683567:AAFcLxkFz7jJSkr7jhzas3Y1KHZI8CN8W8g/sendMessage "HTTP/1.1 200 OK"
2026-03-14 09:08:10,182 [INFO] httpx: HTTP Request: POST https://api.telegram.org/bot8611683567:AAFcLxkFz7jJSkr7jhzas3Y1KHZI8CN8W8g/getUpdates "HTTP/1.1 200 OK"
2026-03-14 09:08:20,256 [INFO] httpx: HTTP Request: POST https://api.telegram.org/bot8611683567:AAFcLxkFz7jJSkr7jhzas3Y1KHZI8CN8W8g/getUpdates "HTTP/1.1 200 OK"
2026-03-14 09:08:30,297 [INFO] httpx: HTTP Request: POST https://api.telegram.org/bot8611683567:AAFcLxkFz7jJSkr7jhzas3Y1KHZI8CN8W8g/getUpdates "HTTP/1.1 200 OK"
2026-03-14 09:08:39,243 [INFO] httpx: HTTP Request: POST https://api.telegram.org/bot8611683567:AAFcLxkFz7jJSkr7jhzas3Y1KHZI8CN8W8g/getUpdates "HTTP/1.1 200 OK"
2026-03-14 09:08:39,245 [INFO] telegram.ext.Application: Application is stopping. This might take a moment.
2026-03-14 09:08:39,246 [INFO] apscheduler.scheduler: Scheduler has been shut down
2026-03-14 09:08:39,270 [INFO] telegram.ext.Application: Application.stop() complete
2026-03-14 09:08:39,271 [INFO] apscheduler.scheduler: Scheduler has been shut down
2026-03-14 09:11:08,403 [INFO] __main__: ✅ БД готова
2026-03-14 09:11:08,938 [INFO] apscheduler.scheduler: Adding job tentatively -- it will be properly scheduled when the scheduler starts
2026-03-14 09:11:08,938 [INFO] __main__: 🤖 Бот запущен!
2026-03-14 09:11:09,107 [INFO] httpx: HTTP Request: POST https://api.telegram.org/bot8611683567:AAFcLxkFz7jJSkr7jhzas3Y1KHZI8CN8W8g/getMe "HTTP/1.1 200 OK"
2026-03-14 09:11:09,110 [INFO] apscheduler.scheduler: Added job "main.<locals>.<lambda>" to job store "default"
2026-03-14 09:11:09,110 [INFO] apscheduler.scheduler: Scheduler started
2026-03-14 09:11:09,110 [INFO] __main__: ⏰ Планировщик: каждые 30 мин
2026-03-14 09:11:14,253 [INFO] httpx: HTTP Request: POST https://api.telegram.org/bot8611683567:AAFcLxkFz7jJSkr7jhzas3Y1KHZI8CN8W8g/sendMessage "HTTP/1.1 200 OK"
2026-03-14 09:11:14,255 [INFO] __main__: ▶️  Проверка [14.03.2026 09:11]
2026-03-14 09:11:18,319 [INFO] scrapers.novatours: Novatours: токен получен (03096e2114...)
2026-03-14 09:11:18,972 [INFO] scrapers.novatours: Novatours: 10 отелей с ценами
2026-03-14 09:11:19,588 [INFO] __main__: Novatours: 10 туров до фильтра
2026-03-14 09:11:19,588 [INFO] __main__: Итого до фильтра: 10
2026-03-14 09:11:19,612 [INFO] __main__: 🔥 Новых горящих: 2
2026-03-14 09:11:19,782 [INFO] httpx: HTTP Request: POST https://api.telegram.org/bot8611683567:AAFcLxkFz7jJSkr7jhzas3Y1KHZI8CN8W8g/sendPhoto "HTTP/1.1 200 OK"
2026-03-14 09:11:19,933 [INFO] httpx: HTTP Request: POST https://api.telegram.org/bot8611683567:AAFcLxkFz7jJSkr7jhzas3Y1KHZI8CN8W8g/sendPhoto "HTTP/1.1 200 OK"
2026-03-14 09:11:20,030 [INFO] httpx: HTTP Request: POST https://api.telegram.org/bot8611683567:AAFcLxkFz7jJSkr7jhzas3Y1KHZI8CN8W8g/deleteWebhook "HTTP/1.1 200 OK"
2026-03-14 09:11:20,034 [INFO] apscheduler.scheduler: Scheduler started
2026-03-14 09:11:20,034 [INFO] telegram.ext.Application: Application started
2026-03-14 09:11:29,167 [INFO] httpx: HTTP Request: POST https://api.telegram.org/bot8611683567:AAFcLxkFz7jJSkr7jhzas3Y1KHZI8CN8W8g/getUpdates "HTTP/1.1 200 OK"
2026-03-14 09:11:29,481 [INFO] httpx: HTTP Request: POST https://api.telegram.org/bot8611683567:AAFcLxkFz7jJSkr7jhzas3Y1KHZI8CN8W8g/sendMessage "HTTP/1.1 200 OK"
2026-03-14 09:11:31,925 [INFO] httpx: HTTP Request: POST https://api.telegram.org/bot8611683567:AAFcLxkFz7jJSkr7jhzas3Y1KHZI8CN8W8g/getUpdates "HTTP/1.1 200 OK"
2026-03-14 09:11:31,971 [INFO] httpx: HTTP Request: POST https://api.telegram.org/bot8611683567:AAFcLxkFz7jJSkr7jhzas3Y1KHZI8CN8W8g/answerCallbackQuery "HTTP/1.1 200 OK"
2026-03-14 09:11:32,029 [INFO] httpx: HTTP Request: POST https://api.telegram.org/bot8611683567:AAFcLxkFz7jJSkr7jhzas3Y1KHZI8CN8W8g/editMessageText "HTTP/1.1 200 OK"
2026-03-14 09:11:33,024 [INFO] httpx: HTTP Request: POST https://api.telegram.org/bot8611683567:AAFcLxkFz7jJSkr7jhzas3Y1KHZI8CN8W8g/getUpdates "HTTP/1.1 200 OK"
2026-03-14 09:11:33,170 [INFO] httpx: HTTP Request: POST https://api.telegram.org/bot8611683567:AAFcLxkFz7jJSkr7jhzas3Y1KHZI8CN8W8g/answerCallbackQuery "HTTP/1.1 200 OK"
2026-03-14 09:11:33,175 [ERROR] telegram.ext.Application: No error handlers are registered, logging exception.
Traceback (most recent call last):
  File "C:\Egypt\.venv\Lib\site-packages\telegram\ext\_application.py", line 1315, in process_update
    await coroutine
  File "C:\Egypt\.venv\Lib\site-packages\telegram\ext\_handlers\basehandler.py", line 159, in handle_update
    return await self.callback(update, context)
           ^^^^^^^^^^^^^^^^^^^^^^^^^^^^^^^^^^^^
  File "C:\Egypt\bot.py", line 357, in on_button
    set_setting(chat_id, "days_filter", val)
    ~~~~~~~~~~~^^^^^^^^^^^^^^^^^^^^^^^^^^^^^
  File "C:\Egypt\database.py", line 165, in set_setting
    conn.execute(
    ~~~~~~~~~~~~^
        f"UPDATE user_settings SET {key}=? WHERE chat_id=?", (value, chat_id)
        ^^^^^^^^^^^^^^^^^^^^^^^^^^^^^^^^^^^^^^^^^^^^^^^^^^^^^^^^^^^^^^^^^^^^^
    )
    ^
sqlite3.OperationalError: no such column: days_filter
2026-03-14 09:11:34,072 [INFO] httpx: HTTP Request: POST https://api.telegram.org/bot8611683567:AAFcLxkFz7jJSkr7jhzas3Y1KHZI8CN8W8g/getUpdates "HTTP/1.1 200 OK"
2026-03-14 09:11:34,244 [INFO] httpx: HTTP Request: POST https://api.telegram.org/bot8611683567:AAFcLxkFz7jJSkr7jhzas3Y1KHZI8CN8W8g/answerCallbackQuery "HTTP/1.1 200 OK"
2026-03-14 09:11:34,250 [ERROR] telegram.ext.Application: No error handlers are registered, logging exception.
Traceback (most recent call last):
  File "C:\Egypt\.venv\Lib\site-packages\telegram\ext\_application.py", line 1315, in process_update
    await coroutine
  File "C:\Egypt\.venv\Lib\site-packages\telegram\ext\_handlers\basehandler.py", line 159, in handle_update
    return await self.callback(update, context)
           ^^^^^^^^^^^^^^^^^^^^^^^^^^^^^^^^^^^^
  File "C:\Egypt\bot.py", line 357, in on_button
    set_setting(chat_id, "days_filter", val)
    ~~~~~~~~~~~^^^^^^^^^^^^^^^^^^^^^^^^^^^^^
  File "C:\Egypt\database.py", line 165, in set_setting
    conn.execute(
    ~~~~~~~~~~~~^
        f"UPDATE user_settings SET {key}=? WHERE chat_id=?", (value, chat_id)
        ^^^^^^^^^^^^^^^^^^^^^^^^^^^^^^^^^^^^^^^^^^^^^^^^^^^^^^^^^^^^^^^^^^^^^
    )
    ^
sqlite3.OperationalError: no such column: days_filter
2026-03-14 09:11:34,606 [INFO] httpx: HTTP Request: POST https://api.telegram.org/bot8611683567:AAFcLxkFz7jJSkr7jhzas3Y1KHZI8CN8W8g/getUpdates "HTTP/1.1 200 OK"
2026-03-14 09:11:34,657 [INFO] httpx: HTTP Request: POST https://api.telegram.org/bot8611683567:AAFcLxkFz7jJSkr7jhzas3Y1KHZI8CN8W8g/answerCallbackQuery "HTTP/1.1 200 OK"
2026-03-14 09:11:34,660 [ERROR] telegram.ext.Application: No error handlers are registered, logging exception.
Traceback (most recent call last):
  File "C:\Egypt\.venv\Lib\site-packages\telegram\ext\_application.py", line 1315, in process_update
    await coroutine
  File "C:\Egypt\.venv\Lib\site-packages\telegram\ext\_handlers\basehandler.py", line 159, in handle_update
    return await self.callback(update, context)
           ^^^^^^^^^^^^^^^^^^^^^^^^^^^^^^^^^^^^
  File "C:\Egypt\bot.py", line 357, in on_button
    set_setting(chat_id, "days_filter", val)
    ~~~~~~~~~~~^^^^^^^^^^^^^^^^^^^^^^^^^^^^^
  File "C:\Egypt\database.py", line 165, in set_setting
    conn.execute(
    ~~~~~~~~~~~~^
        f"UPDATE user_settings SET {key}=? WHERE chat_id=?", (value, chat_id)
        ^^^^^^^^^^^^^^^^^^^^^^^^^^^^^^^^^^^^^^^^^^^^^^^^^^^^^^^^^^^^^^^^^^^^^
    )
    ^
sqlite3.OperationalError: no such column: days_filter
2026-03-14 09:11:35,098 [INFO] httpx: HTTP Request: POST https://api.telegram.org/bot8611683567:AAFcLxkFz7jJSkr7jhzas3Y1KHZI8CN8W8g/getUpdates "HTTP/1.1 200 OK"
2026-03-14 09:11:35,158 [INFO] httpx: HTTP Request: POST https://api.telegram.org/bot8611683567:AAFcLxkFz7jJSkr7jhzas3Y1KHZI8CN8W8g/answerCallbackQuery "HTTP/1.1 200 OK"
2026-03-14 09:11:35,160 [ERROR] telegram.ext.Application: No error handlers are registered, logging exception.
Traceback (most recent call last):
  File "C:\Egypt\.venv\Lib\site-packages\telegram\ext\_application.py", line 1315, in process_update
    await coroutine
  File "C:\Egypt\.venv\Lib\site-packages\telegram\ext\_handlers\basehandler.py", line 159, in handle_update
    return await self.callback(update, context)
           ^^^^^^^^^^^^^^^^^^^^^^^^^^^^^^^^^^^^
  File "C:\Egypt\bot.py", line 357, in on_button
    set_setting(chat_id, "days_filter", val)
    ~~~~~~~~~~~^^^^^^^^^^^^^^^^^^^^^^^^^^^^^
  File "C:\Egypt\database.py", line 165, in set_setting
    conn.execute(
    ~~~~~~~~~~~~^
        f"UPDATE user_settings SET {key}=? WHERE chat_id=?", (value, chat_id)
        ^^^^^^^^^^^^^^^^^^^^^^^^^^^^^^^^^^^^^^^^^^^^^^^^^^^^^^^^^^^^^^^^^^^^^
    )
    ^
sqlite3.OperationalError: no such column: days_filter
2026-03-14 09:11:38,930 [INFO] httpx: HTTP Request: POST https://api.telegram.org/bot8611683567:AAFcLxkFz7jJSkr7jhzas3Y1KHZI8CN8W8g/getUpdates "HTTP/1.1 200 OK"
2026-03-14 09:11:39,015 [INFO] httpx: HTTP Request: POST https://api.telegram.org/bot8611683567:AAFcLxkFz7jJSkr7jhzas3Y1KHZI8CN8W8g/answerCallbackQuery "HTTP/1.1 200 OK"
2026-03-14 09:11:39,096 [INFO] httpx: HTTP Request: POST https://api.telegram.org/bot8611683567:AAFcLxkFz7jJSkr7jhzas3Y1KHZI8CN8W8g/editMessageText "HTTP/1.1 200 OK"
2026-03-14 09:11:48,973 [INFO] httpx: HTTP Request: POST https://api.telegram.org/bot8611683567:AAFcLxkFz7jJSkr7jhzas3Y1KHZI8CN8W8g/getUpdates "HTTP/1.1 200 OK"
2026-03-14 09:11:57,027 [INFO] httpx: HTTP Request: POST https://api.telegram.org/bot8611683567:AAFcLxkFz7jJSkr7jhzas3Y1KHZI8CN8W8g/getUpdates "HTTP/1.1 200 OK"
2026-03-14 09:11:57,179 [INFO] httpx: HTTP Request: POST https://api.telegram.org/bot8611683567:AAFcLxkFz7jJSkr7jhzas3Y1KHZI8CN8W8g/sendMessage "HTTP/1.1 200 OK"
2026-03-14 09:11:57,246 [INFO] httpx: HTTP Request: POST https://api.telegram.org/bot8611683567:AAFcLxkFz7jJSkr7jhzas3Y1KHZI8CN8W8g/sendMessage "HTTP/1.1 200 OK"
2026-03-14 09:11:57,250 [INFO] __main__: ▶️  Проверка [14.03.2026 09:11]
2026-03-14 09:11:57,770 [INFO] scrapers.novatours: Novatours: 10 отелей с ценами
2026-03-14 09:11:58,328 [INFO] __main__: Novatours: 10 туров до фильтра
2026-03-14 09:11:58,328 [INFO] __main__: Итого до фильтра: 10
2026-03-14 09:11:58,330 [INFO] __main__: 🔥 Новых горящих: 0
2026-03-14 09:11:58,393 [INFO] httpx: HTTP Request: POST https://api.telegram.org/bot8611683567:AAFcLxkFz7jJSkr7jhzas3Y1KHZI8CN8W8g/sendMessage "HTTP/1.1 200 OK"
2026-03-14 09:12:07,074 [INFO] httpx: HTTP Request: POST https://api.telegram.org/bot8611683567:AAFcLxkFz7jJSkr7jhzas3Y1KHZI8CN8W8g/getUpdates "HTTP/1.1 200 OK"
2026-03-14 09:12:17,111 [INFO] httpx: HTTP Request: POST https://api.telegram.org/bot8611683567:AAFcLxkFz7jJSkr7jhzas3Y1KHZI8CN8W8g/getUpdates "HTTP/1.1 200 OK"
2026-03-14 09:12:27,146 [INFO] httpx: HTTP Request: POST https://api.telegram.org/bot8611683567:AAFcLxkFz7jJSkr7jhzas3Y1KHZI8CN8W8g/getUpdates "HTTP/1.1 200 OK"
2026-03-14 09:12:37,186 [INFO] httpx: HTTP Request: POST https://api.telegram.org/bot8611683567:AAFcLxkFz7jJSkr7jhzas3Y1KHZI8CN8W8g/getUpdates "HTTP/1.1 200 OK"
2026-03-14 09:12:47,224 [INFO] httpx: HTTP Request: POST https://api.telegram.org/bot8611683567:AAFcLxkFz7jJSkr7jhzas3Y1KHZI8CN8W8g/getUpdates "HTTP/1.1 200 OK"
2026-03-14 09:12:57,262 [INFO] httpx: HTTP Request: POST https://api.telegram.org/bot8611683567:AAFcLxkFz7jJSkr7jhzas3Y1KHZI8CN8W8g/getUpdates "HTTP/1.1 200 OK"
2026-03-14 09:13:07,300 [INFO] httpx: HTTP Request: POST https://api.telegram.org/bot8611683567:AAFcLxkFz7jJSkr7jhzas3Y1KHZI8CN8W8g/getUpdates "HTTP/1.1 200 OK"
2026-03-14 09:13:12,582 [INFO] httpx: HTTP Request: POST https://api.telegram.org/bot8611683567:AAFcLxkFz7jJSkr7jhzas3Y1KHZI8CN8W8g/getUpdates "HTTP/1.1 200 OK"
2026-03-14 09:13:12,724 [INFO] httpx: HTTP Request: POST https://api.telegram.org/bot8611683567:AAFcLxkFz7jJSkr7jhzas3Y1KHZI8CN8W8g/sendMessage "HTTP/1.1 200 OK"
2026-03-14 09:13:13,257 [INFO] scrapers.novatours: Novatours: 10 отелей с ценами
2026-03-14 09:13:14,010 [INFO] httpx: HTTP Request: POST https://api.telegram.org/bot8611683567:AAFcLxkFz7jJSkr7jhzas3Y1KHZI8CN8W8g/sendPhoto "HTTP/1.1 200 OK"
2026-03-14 09:13:14,276 [INFO] httpx: HTTP Request: POST https://api.telegram.org/bot8611683567:AAFcLxkFz7jJSkr7jhzas3Y1KHZI8CN8W8g/sendPhoto "HTTP/1.1 200 OK"
2026-03-14 09:13:18,531 [INFO] httpx: HTTP Request: POST https://api.telegram.org/bot8611683567:AAFcLxkFz7jJSkr7jhzas3Y1KHZI8CN8W8g/sendPhoto "HTTP/1.1 200 OK"
2026-03-14 09:13:18,626 [INFO] httpx: HTTP Request: POST https://api.telegram.org/bot8611683567:AAFcLxkFz7jJSkr7jhzas3Y1KHZI8CN8W8g/sendPhoto "HTTP/1.1 200 OK"
2026-03-14 09:13:18,709 [INFO] httpx: HTTP Request: POST https://api.telegram.org/bot8611683567:AAFcLxkFz7jJSkr7jhzas3Y1KHZI8CN8W8g/sendPhoto "HTTP/1.1 200 OK"
2026-03-14 09:13:22,624 [INFO] httpx: HTTP Request: POST https://api.telegram.org/bot8611683567:AAFcLxkFz7jJSkr7jhzas3Y1KHZI8CN8W8g/getUpdates "HTTP/1.1 200 OK"
2026-03-14 09:13:32,660 [INFO] httpx: HTTP Request: POST https://api.telegram.org/bot8611683567:AAFcLxkFz7jJSkr7jhzas3Y1KHZI8CN8W8g/getUpdates "HTTP/1.1 200 OK"
2026-03-14 09:13:42,696 [INFO] httpx: HTTP Request: POST https://api.telegram.org/bot8611683567:AAFcLxkFz7jJSkr7jhzas3Y1KHZI8CN8W8g/getUpdates "HTTP/1.1 200 OK"
2026-03-14 09:13:52,180 [INFO] httpx: HTTP Request: POST https://api.telegram.org/bot8611683567:AAFcLxkFz7jJSkr7jhzas3Y1KHZI8CN8W8g/getUpdates "HTTP/1.1 200 OK"
2026-03-14 09:13:52,319 [INFO] httpx: HTTP Request: POST https://api.telegram.org/bot8611683567:AAFcLxkFz7jJSkr7jhzas3Y1KHZI8CN8W8g/sendMessage "HTTP/1.1 200 OK"
2026-03-14 09:13:54,594 [INFO] httpx: HTTP Request: POST https://api.telegram.org/bot8611683567:AAFcLxkFz7jJSkr7jhzas3Y1KHZI8CN8W8g/getUpdates "HTTP/1.1 200 OK"
2026-03-14 09:13:54,651 [INFO] httpx: HTTP Request: POST https://api.telegram.org/bot8611683567:AAFcLxkFz7jJSkr7jhzas3Y1KHZI8CN8W8g/answerCallbackQuery "HTTP/1.1 200 OK"
2026-03-14 09:13:54,709 [INFO] httpx: HTTP Request: POST https://api.telegram.org/bot8611683567:AAFcLxkFz7jJSkr7jhzas3Y1KHZI8CN8W8g/editMessageText "HTTP/1.1 200 OK"
2026-03-14 09:13:55,900 [INFO] httpx: HTTP Request: POST https://api.telegram.org/bot8611683567:AAFcLxkFz7jJSkr7jhzas3Y1KHZI8CN8W8g/getUpdates "HTTP/1.1 200 OK"
2026-03-14 09:13:55,946 [INFO] httpx: HTTP Request: POST https://api.telegram.org/bot8611683567:AAFcLxkFz7jJSkr7jhzas3Y1KHZI8CN8W8g/answerCallbackQuery "HTTP/1.1 200 OK"
2026-03-14 09:13:56,037 [INFO] httpx: HTTP Request: POST https://api.telegram.org/bot8611683567:AAFcLxkFz7jJSkr7jhzas3Y1KHZI8CN8W8g/editMessageText "HTTP/1.1 200 OK"
2026-03-14 09:13:58,549 [INFO] httpx: HTTP Request: POST https://api.telegram.org/bot8611683567:AAFcLxkFz7jJSkr7jhzas3Y1KHZI8CN8W8g/getUpdates "HTTP/1.1 200 OK"
2026-03-14 09:13:58,624 [INFO] httpx: HTTP Request: POST https://api.telegram.org/bot8611683567:AAFcLxkFz7jJSkr7jhzas3Y1KHZI8CN8W8g/sendMessage "HTTP/1.1 200 OK"
2026-03-14 09:13:59,128 [INFO] scrapers.novatours: Novatours: 10 отелей с ценами
2026-03-14 09:13:59,776 [INFO] httpx: HTTP Request: POST https://api.telegram.org/bot8611683567:AAFcLxkFz7jJSkr7jhzas3Y1KHZI8CN8W8g/sendPhoto "HTTP/1.1 200 OK"
2026-03-14 09:13:59,864 [INFO] httpx: HTTP Request: POST https://api.telegram.org/bot8611683567:AAFcLxkFz7jJSkr7jhzas3Y1KHZI8CN8W8g/sendPhoto "HTTP/1.1 200 OK"
2026-03-14 09:13:59,947 [INFO] httpx: HTTP Request: POST https://api.telegram.org/bot8611683567:AAFcLxkFz7jJSkr7jhzas3Y1KHZI8CN8W8g/sendPhoto "HTTP/1.1 200 OK"
2026-03-14 09:14:00,026 [INFO] httpx: HTTP Request: POST https://api.telegram.org/bot8611683567:AAFcLxkFz7jJSkr7jhzas3Y1KHZI8CN8W8g/sendPhoto "HTTP/1.1 200 OK"
2026-03-14 09:14:00,120 [INFO] httpx: HTTP Request: POST https://api.telegram.org/bot8611683567:AAFcLxkFz7jJSkr7jhzas3Y1KHZI8CN8W8g/sendPhoto "HTTP/1.1 200 OK"
2026-03-14 09:14:07,697 [INFO] httpx: HTTP Request: POST https://api.telegram.org/bot8611683567:AAFcLxkFz7jJSkr7jhzas3Y1KHZI8CN8W8g/getUpdates "HTTP/1.1 200 OK"
2026-03-14 09:14:07,846 [INFO] httpx: HTTP Request: POST https://api.telegram.org/bot8611683567:AAFcLxkFz7jJSkr7jhzas3Y1KHZI8CN8W8g/sendMessage "HTTP/1.1 200 OK"
2026-03-14 09:14:10,337 [INFO] httpx: HTTP Request: POST https://api.telegram.org/bot8611683567:AAFcLxkFz7jJSkr7jhzas3Y1KHZI8CN8W8g/getUpdates "HTTP/1.1 200 OK"
2026-03-14 09:14:10,385 [INFO] httpx: HTTP Request: POST https://api.telegram.org/bot8611683567:AAFcLxkFz7jJSkr7jhzas3Y1KHZI8CN8W8g/answerCallbackQuery "HTTP/1.1 200 OK"
2026-03-14 09:14:10,403 [ERROR] telegram.ext.Application: No error handlers are registered, logging exception.
Traceback (most recent call last):
  File "C:\Egypt\.venv\Lib\site-packages\telegram\ext\_application.py", line 1315, in process_update
    await coroutine
  File "C:\Egypt\.venv\Lib\site-packages\telegram\ext\_handlers\basehandler.py", line 159, in handle_update
    return await self.callback(update, context)
           ^^^^^^^^^^^^^^^^^^^^^^^^^^^^^^^^^^^^
  File "C:\Egypt\bot.py", line 291, in on_button
    set_setting(chat_id, "days_filter", 30)
    ~~~~~~~~~~~^^^^^^^^^^^^^^^^^^^^^^^^^^^^
  File "C:\Egypt\database.py", line 165, in set_setting
    conn.execute(
    ~~~~~~~~~~~~^
        f"UPDATE user_settings SET {key}=? WHERE chat_id=?", (value, chat_id)
        ^^^^^^^^^^^^^^^^^^^^^^^^^^^^^^^^^^^^^^^^^^^^^^^^^^^^^^^^^^^^^^^^^^^^^
    )
    ^
sqlite3.OperationalError: no such column: days_filter
2026-03-14 09:14:11,964 [INFO] httpx: HTTP Request: POST https://api.telegram.org/bot8611683567:AAFcLxkFz7jJSkr7jhzas3Y1KHZI8CN8W8g/getUpdates "HTTP/1.1 200 OK"
2026-03-14 09:14:12,012 [INFO] httpx: HTTP Request: POST https://api.telegram.org/bot8611683567:AAFcLxkFz7jJSkr7jhzas3Y1KHZI8CN8W8g/answerCallbackQuery "HTTP/1.1 200 OK"
2026-03-14 09:14:12,029 [ERROR] telegram.ext.Application: No error handlers are registered, logging exception.
Traceback (most recent call last):
  File "C:\Egypt\.venv\Lib\site-packages\telegram\ext\_application.py", line 1315, in process_update
    await coroutine
  File "C:\Egypt\.venv\Lib\site-packages\telegram\ext\_handlers\basehandler.py", line 159, in handle_update
    return await self.callback(update, context)
           ^^^^^^^^^^^^^^^^^^^^^^^^^^^^^^^^^^^^
  File "C:\Egypt\bot.py", line 291, in on_button
    set_setting(chat_id, "days_filter", 30)
    ~~~~~~~~~~~^^^^^^^^^^^^^^^^^^^^^^^^^^^^
  File "C:\Egypt\database.py", line 165, in set_setting
    conn.execute(
    ~~~~~~~~~~~~^
        f"UPDATE user_settings SET {key}=? WHERE chat_id=?", (value, chat_id)
        ^^^^^^^^^^^^^^^^^^^^^^^^^^^^^^^^^^^^^^^^^^^^^^^^^^^^^^^^^^^^^^^^^^^^^
    )
    ^
sqlite3.OperationalError: no such column: days_filter
2026-03-14 09:14:13,156 [INFO] httpx: HTTP Request: POST https://api.telegram.org/bot8611683567:AAFcLxkFz7jJSkr7jhzas3Y1KHZI8CN8W8g/getUpdates "HTTP/1.1 200 OK"
2026-03-14 09:14:13,224 [INFO] httpx: HTTP Request: POST https://api.telegram.org/bot8611683567:AAFcLxkFz7jJSkr7jhzas3Y1KHZI8CN8W8g/sendMessage "HTTP/1.1 200 OK"
2026-03-14 09:14:13,794 [INFO] scrapers.novatours: Novatours: 10 отелей с ценами
2026-03-14 09:14:14,541 [INFO] httpx: HTTP Request: POST https://api.telegram.org/bot8611683567:AAFcLxkFz7jJSkr7jhzas3Y1KHZI8CN8W8g/sendPhoto "HTTP/1.1 200 OK"
2026-03-14 09:14:14,623 [INFO] httpx: HTTP Request: POST https://api.telegram.org/bot8611683567:AAFcLxkFz7jJSkr7jhzas3Y1KHZI8CN8W8g/sendPhoto "HTTP/1.1 200 OK"
2026-03-14 09:14:14,725 [INFO] httpx: HTTP Request: POST https://api.telegram.org/bot8611683567:AAFcLxkFz7jJSkr7jhzas3Y1KHZI8CN8W8g/sendPhoto "HTTP/1.1 200 OK"
2026-03-14 09:14:14,804 [INFO] httpx: HTTP Request: POST https://api.telegram.org/bot8611683567:AAFcLxkFz7jJSkr7jhzas3Y1KHZI8CN8W8g/sendPhoto "HTTP/1.1 200 OK"
2026-03-14 09:14:14,892 [INFO] httpx: HTTP Request: POST https://api.telegram.org/bot8611683567:AAFcLxkFz7jJSkr7jhzas3Y1KHZI8CN8W8g/sendPhoto "HTTP/1.1 200 OK"
2026-03-14 09:14:15,599 [INFO] httpx: HTTP Request: POST https://api.telegram.org/bot8611683567:AAFcLxkFz7jJSkr7jhzas3Y1KHZI8CN8W8g/getUpdates "HTTP/1.1 200 OK"
2026-03-14 09:14:15,779 [INFO] httpx: HTTP Request: POST https://api.telegram.org/bot8611683567:AAFcLxkFz7jJSkr7jhzas3Y1KHZI8CN8W8g/sendMessage "HTTP/1.1 200 OK"
2026-03-14 09:14:23,894 [INFO] httpx: HTTP Request: POST https://api.telegram.org/bot8611683567:AAFcLxkFz7jJSkr7jhzas3Y1KHZI8CN8W8g/getUpdates "HTTP/1.1 200 OK"
2026-03-14 09:14:24,010 [INFO] httpx: HTTP Request: POST https://api.telegram.org/bot8611683567:AAFcLxkFz7jJSkr7jhzas3Y1KHZI8CN8W8g/answerCallbackQuery "HTTP/1.1 200 OK"
2026-03-14 09:14:24,070 [INFO] httpx: HTTP Request: POST https://api.telegram.org/bot8611683567:AAFcLxkFz7jJSkr7jhzas3Y1KHZI8CN8W8g/editMessageText "HTTP/1.1 200 OK"
2026-03-14 09:14:25,342 [INFO] httpx: HTTP Request: POST https://api.telegram.org/bot8611683567:AAFcLxkFz7jJSkr7jhzas3Y1KHZI8CN8W8g/getUpdates "HTTP/1.1 200 OK"
2026-03-14 09:14:25,388 [INFO] httpx: HTTP Request: POST https://api.telegram.org/bot8611683567:AAFcLxkFz7jJSkr7jhzas3Y1KHZI8CN8W8g/answerCallbackQuery "HTTP/1.1 200 OK"
2026-03-14 09:14:25,462 [INFO] httpx: HTTP Request: POST https://api.telegram.org/bot8611683567:AAFcLxkFz7jJSkr7jhzas3Y1KHZI8CN8W8g/editMessageText "HTTP/1.1 200 OK"
2026-03-14 09:14:26,691 [INFO] httpx: HTTP Request: POST https://api.telegram.org/bot8611683567:AAFcLxkFz7jJSkr7jhzas3Y1KHZI8CN8W8g/getUpdates "HTTP/1.1 200 OK"
2026-03-14 09:14:26,737 [INFO] httpx: HTTP Request: POST https://api.telegram.org/bot8611683567:AAFcLxkFz7jJSkr7jhzas3Y1KHZI8CN8W8g/answerCallbackQuery "HTTP/1.1 200 OK"
2026-03-14 09:14:26,752 [ERROR] telegram.ext.Application: No error handlers are registered, logging exception.
Traceback (most recent call last):
  File "C:\Egypt\.venv\Lib\site-packages\telegram\ext\_application.py", line 1315, in process_update
    await coroutine
  File "C:\Egypt\.venv\Lib\site-packages\telegram\ext\_handlers\basehandler.py", line 159, in handle_update
    return await self.callback(update, context)
           ^^^^^^^^^^^^^^^^^^^^^^^^^^^^^^^^^^^^
  File "C:\Egypt\bot.py", line 291, in on_button
    set_setting(chat_id, "days_filter", 30)
    ~~~~~~~~~~~^^^^^^^^^^^^^^^^^^^^^^^^^^^^
  File "C:\Egypt\database.py", line 165, in set_setting
    conn.execute(
    ~~~~~~~~~~~~^
        f"UPDATE user_settings SET {key}=? WHERE chat_id=?", (value, chat_id)
        ^^^^^^^^^^^^^^^^^^^^^^^^^^^^^^^^^^^^^^^^^^^^^^^^^^^^^^^^^^^^^^^^^^^^^
    )
    ^
sqlite3.OperationalError: no such column: days_filter
2026-03-14 09:14:28,185 [INFO] httpx: HTTP Request: POST https://api.telegram.org/bot8611683567:AAFcLxkFz7jJSkr7jhzas3Y1KHZI8CN8W8g/getUpdates "HTTP/1.1 200 OK"
2026-03-14 09:14:28,247 [INFO] httpx: HTTP Request: POST https://api.telegram.org/bot8611683567:AAFcLxkFz7jJSkr7jhzas3Y1KHZI8CN8W8g/sendMessage "HTTP/1.1 200 OK"
2026-03-14 09:14:28,772 [INFO] scrapers.novatours: Novatours: 10 отелей с ценами
2026-03-14 09:14:29,511 [INFO] httpx: HTTP Request: POST https://api.telegram.org/bot8611683567:AAFcLxkFz7jJSkr7jhzas3Y1KHZI8CN8W8g/sendPhoto "HTTP/1.1 200 OK"
2026-03-14 09:14:29,607 [INFO] httpx: HTTP Request: POST https://api.telegram.org/bot8611683567:AAFcLxkFz7jJSkr7jhzas3Y1KHZI8CN8W8g/sendPhoto "HTTP/1.1 200 OK"
2026-03-14 09:14:29,685 [INFO] httpx: HTTP Request: POST https://api.telegram.org/bot8611683567:AAFcLxkFz7jJSkr7jhzas3Y1KHZI8CN8W8g/sendPhoto "HTTP/1.1 200 OK"
2026-03-14 09:14:29,780 [INFO] httpx: HTTP Request: POST https://api.telegram.org/bot8611683567:AAFcLxkFz7jJSkr7jhzas3Y1KHZI8CN8W8g/sendPhoto "HTTP/1.1 200 OK"
2026-03-14 09:14:29,860 [INFO] httpx: HTTP Request: POST https://api.telegram.org/bot8611683567:AAFcLxkFz7jJSkr7jhzas3Y1KHZI8CN8W8g/sendPhoto "HTTP/1.1 200 OK"
2026-03-14 09:14:31,014 [INFO] httpx: HTTP Request: POST https://api.telegram.org/bot8611683567:AAFcLxkFz7jJSkr7jhzas3Y1KHZI8CN8W8g/getUpdates "HTTP/1.1 200 OK"
2026-03-14 09:14:31,093 [INFO] httpx: HTTP Request: POST https://api.telegram.org/bot8611683567:AAFcLxkFz7jJSkr7jhzas3Y1KHZI8CN8W8g/sendMessage "HTTP/1.1 200 OK"
2026-03-14 09:14:41,059 [INFO] httpx: HTTP Request: POST https://api.telegram.org/bot8611683567:AAFcLxkFz7jJSkr7jhzas3Y1KHZI8CN8W8g/getUpdates "HTTP/1.1 200 OK"
2026-03-14 09:14:51,096 [INFO] httpx: HTTP Request: POST https://api.telegram.org/bot8611683567:AAFcLxkFz7jJSkr7jhzas3Y1KHZI8CN8W8g/getUpdates "HTTP/1.1 200 OK"
2026-03-14 09:15:01,137 [INFO] httpx: HTTP Request: POST https://api.telegram.org/bot8611683567:AAFcLxkFz7jJSkr7jhzas3Y1KHZI8CN8W8g/getUpdates "HTTP/1.1 200 OK"
2026-03-14 09:15:11,172 [INFO] httpx: HTTP Request: POST https://api.telegram.org/bot8611683567:AAFcLxkFz7jJSkr7jhzas3Y1KHZI8CN8W8g/getUpdates "HTTP/1.1 200 OK"
2026-03-14 09:15:21,319 [INFO] httpx: HTTP Request: POST https://api.telegram.org/bot8611683567:AAFcLxkFz7jJSkr7jhzas3Y1KHZI8CN8W8g/getUpdates "HTTP/1.1 200 OK"
2026-03-14 09:15:31,354 [INFO] httpx: HTTP Request: POST https://api.telegram.org/bot8611683567:AAFcLxkFz7jJSkr7jhzas3Y1KHZI8CN8W8g/getUpdates "HTTP/1.1 200 OK"
2026-03-14 09:15:41,393 [INFO] httpx: HTTP Request: POST https://api.telegram.org/bot8611683567:AAFcLxkFz7jJSkr7jhzas3Y1KHZI8CN8W8g/getUpdates "HTTP/1.1 200 OK"
2026-03-14 09:15:51,428 [INFO] httpx: HTTP Request: POST https://api.telegram.org/bot8611683567:AAFcLxkFz7jJSkr7jhzas3Y1KHZI8CN8W8g/getUpdates "HTTP/1.1 200 OK"
2026-03-14 09:16:01,463 [INFO] httpx: HTTP Request: POST https://api.telegram.org/bot8611683567:AAFcLxkFz7jJSkr7jhzas3Y1KHZI8CN8W8g/getUpdates "HTTP/1.1 200 OK"
2026-03-14 09:16:11,501 [INFO] httpx: HTTP Request: POST https://api.telegram.org/bot8611683567:AAFcLxkFz7jJSkr7jhzas3Y1KHZI8CN8W8g/getUpdates "HTTP/1.1 200 OK"
2026-03-14 09:16:21,536 [INFO] httpx: HTTP Request: POST https://api.telegram.org/bot8611683567:AAFcLxkFz7jJSkr7jhzas3Y1KHZI8CN8W8g/getUpdates "HTTP/1.1 200 OK"
2026-03-14 09:16:31,573 [INFO] httpx: HTTP Request: POST https://api.telegram.org/bot8611683567:AAFcLxkFz7jJSkr7jhzas3Y1KHZI8CN8W8g/getUpdates "HTTP/1.1 200 OK"
2026-03-14 09:16:41,610 [INFO] httpx: HTTP Request: POST https://api.telegram.org/bot8611683567:AAFcLxkFz7jJSkr7jhzas3Y1KHZI8CN8W8g/getUpdates "HTTP/1.1 200 OK"
2026-03-14 09:16:51,649 [INFO] httpx: HTTP Request: POST https://api.telegram.org/bot8611683567:AAFcLxkFz7jJSkr7jhzas3Y1KHZI8CN8W8g/getUpdates "HTTP/1.1 200 OK"
2026-03-14 09:17:01,687 [INFO] httpx: HTTP Request: POST https://api.telegram.org/bot8611683567:AAFcLxkFz7jJSkr7jhzas3Y1KHZI8CN8W8g/getUpdates "HTTP/1.1 200 OK"
2026-03-14 09:17:11,731 [INFO] httpx: HTTP Request: POST https://api.telegram.org/bot8611683567:AAFcLxkFz7jJSkr7jhzas3Y1KHZI8CN8W8g/getUpdates "HTTP/1.1 200 OK"
2026-03-14 09:17:21,768 [INFO] httpx: HTTP Request: POST https://api.telegram.org/bot8611683567:AAFcLxkFz7jJSkr7jhzas3Y1KHZI8CN8W8g/getUpdates "HTTP/1.1 200 OK"
2026-03-14 09:17:31,804 [INFO] httpx: HTTP Request: POST https://api.telegram.org/bot8611683567:AAFcLxkFz7jJSkr7jhzas3Y1KHZI8CN8W8g/getUpdates "HTTP/1.1 200 OK"
2026-03-14 09:17:41,840 [INFO] httpx: HTTP Request: POST https://api.telegram.org/bot8611683567:AAFcLxkFz7jJSkr7jhzas3Y1KHZI8CN8W8g/getUpdates "HTTP/1.1 200 OK"
2026-03-14 09:17:51,880 [INFO] httpx: HTTP Request: POST https://api.telegram.org/bot8611683567:AAFcLxkFz7jJSkr7jhzas3Y1KHZI8CN8W8g/getUpdates "HTTP/1.1 200 OK"
2026-03-14 09:18:00,171 [INFO] __main__: ✅ БД готова
2026-03-14 09:18:00,678 [INFO] apscheduler.scheduler: Adding job tentatively -- it will be properly scheduled when the scheduler starts
2026-03-14 09:18:00,678 [INFO] __main__: 🤖 Бот запущен!
2026-03-14 09:18:00,847 [INFO] httpx: HTTP Request: POST https://api.telegram.org/bot8611683567:AAFcLxkFz7jJSkr7jhzas3Y1KHZI8CN8W8g/getMe "HTTP/1.1 200 OK"
2026-03-14 09:18:00,850 [INFO] apscheduler.scheduler: Added job "main.<locals>.<lambda>" to job store "default"
2026-03-14 09:18:00,850 [INFO] apscheduler.scheduler: Scheduler started
2026-03-14 09:18:00,851 [INFO] __main__: ⏰ Планировщик: каждые 30 мин
2026-03-14 09:18:05,999 [INFO] httpx: HTTP Request: POST https://api.telegram.org/bot8611683567:AAFcLxkFz7jJSkr7jhzas3Y1KHZI8CN8W8g/sendMessage "HTTP/1.1 200 OK"
2026-03-14 09:18:06,001 [INFO] __main__: ▶️  Проверка [14.03.2026 09:18]
2026-03-14 09:18:12,815 [INFO] scrapers.novatours: Novatours: токен получен (03096e2114...)
2026-03-14 09:18:13,423 [INFO] scrapers.novatours: Novatours: 10 отелей с ценами
2026-03-14 09:18:14,434 [INFO] __main__: Novatours: 10 туров до фильтра
2026-03-14 09:18:14,435 [INFO] __main__: Итого до фильтра: 10
2026-03-14 09:18:14,532 [INFO] __main__: 🔥 Новых горящих: 10
2026-03-14 09:18:14,785 [INFO] httpx: HTTP Request: POST https://api.telegram.org/bot8611683567:AAFcLxkFz7jJSkr7jhzas3Y1KHZI8CN8W8g/sendPhoto "HTTP/1.1 200 OK"
2026-03-14 09:18:14,990 [INFO] httpx: HTTP Request: POST https://api.telegram.org/bot8611683567:AAFcLxkFz7jJSkr7jhzas3Y1KHZI8CN8W8g/sendPhoto "HTTP/1.1 200 OK"
2026-03-14 09:18:15,194 [INFO] httpx: HTTP Request: POST https://api.telegram.org/bot8611683567:AAFcLxkFz7jJSkr7jhzas3Y1KHZI8CN8W8g/sendPhoto "HTTP/1.1 200 OK"
2026-03-14 09:18:15,346 [INFO] httpx: HTTP Request: POST https://api.telegram.org/bot8611683567:AAFcLxkFz7jJSkr7jhzas3Y1KHZI8CN8W8g/sendPhoto "HTTP/1.1 200 OK"
2026-03-14 09:18:15,493 [INFO] httpx: HTTP Request: POST https://api.telegram.org/bot8611683567:AAFcLxkFz7jJSkr7jhzas3Y1KHZI8CN8W8g/sendPhoto "HTTP/1.1 200 OK"
2026-03-14 09:18:15,593 [INFO] httpx: HTTP Request: POST https://api.telegram.org/bot8611683567:AAFcLxkFz7jJSkr7jhzas3Y1KHZI8CN8W8g/deleteWebhook "HTTP/1.1 200 OK"
2026-03-14 09:18:15,596 [INFO] apscheduler.scheduler: Scheduler started
2026-03-14 09:18:15,597 [INFO] telegram.ext.Application: Application started
2026-03-14 09:18:15,699 [INFO] httpx: HTTP Request: POST https://api.telegram.org/bot8611683567:AAFcLxkFz7jJSkr7jhzas3Y1KHZI8CN8W8g/getUpdates "HTTP/1.1 200 OK"
2026-03-14 09:18:15,751 [INFO] httpx: HTTP Request: POST https://api.telegram.org/bot8611683567:AAFcLxkFz7jJSkr7jhzas3Y1KHZI8CN8W8g/answerCallbackQuery "HTTP/1.1 200 OK"
2026-03-14 09:18:15,814 [INFO] httpx: HTTP Request: POST https://api.telegram.org/bot8611683567:AAFcLxkFz7jJSkr7jhzas3Y1KHZI8CN8W8g/editMessageText "HTTP/1.1 200 OK"
2026-03-14 09:18:15,875 [INFO] httpx: HTTP Request: POST https://api.telegram.org/bot8611683567:AAFcLxkFz7jJSkr7jhzas3Y1KHZI8CN8W8g/sendMessage "HTTP/1.1 200 OK"
2026-03-14 09:18:17,290 [INFO] httpx: HTTP Request: POST https://api.telegram.org/bot8611683567:AAFcLxkFz7jJSkr7jhzas3Y1KHZI8CN8W8g/getUpdates "HTTP/1.1 200 OK"
2026-03-14 09:18:17,357 [INFO] httpx: HTTP Request: POST https://api.telegram.org/bot8611683567:AAFcLxkFz7jJSkr7jhzas3Y1KHZI8CN8W8g/sendMessage "HTTP/1.1 200 OK"
2026-03-14 09:18:20,303 [INFO] httpx: HTTP Request: POST https://api.telegram.org/bot8611683567:AAFcLxkFz7jJSkr7jhzas3Y1KHZI8CN8W8g/getUpdates "HTTP/1.1 200 OK"
2026-03-14 09:18:20,356 [INFO] httpx: HTTP Request: POST https://api.telegram.org/bot8611683567:AAFcLxkFz7jJSkr7jhzas3Y1KHZI8CN8W8g/answerCallbackQuery "HTTP/1.1 200 OK"
2026-03-14 09:18:20,519 [INFO] httpx: HTTP Request: POST https://api.telegram.org/bot8611683567:AAFcLxkFz7jJSkr7jhzas3Y1KHZI8CN8W8g/editMessageText "HTTP/1.1 200 OK"
2026-03-14 09:18:22,210 [INFO] httpx: HTTP Request: POST https://api.telegram.org/bot8611683567:AAFcLxkFz7jJSkr7jhzas3Y1KHZI8CN8W8g/getUpdates "HTTP/1.1 200 OK"
2026-03-14 09:18:22,363 [INFO] httpx: HTTP Request: POST https://api.telegram.org/bot8611683567:AAFcLxkFz7jJSkr7jhzas3Y1KHZI8CN8W8g/answerCallbackQuery "HTTP/1.1 200 OK"
2026-03-14 09:18:22,428 [INFO] httpx: HTTP Request: POST https://api.telegram.org/bot8611683567:AAFcLxkFz7jJSkr7jhzas3Y1KHZI8CN8W8g/editMessageText "HTTP/1.1 200 OK"
2026-03-14 09:18:23,215 [INFO] httpx: HTTP Request: POST https://api.telegram.org/bot8611683567:AAFcLxkFz7jJSkr7jhzas3Y1KHZI8CN8W8g/getUpdates "HTTP/1.1 200 OK"
2026-03-14 09:18:23,261 [INFO] httpx: HTTP Request: POST https://api.telegram.org/bot8611683567:AAFcLxkFz7jJSkr7jhzas3Y1KHZI8CN8W8g/answerCallbackQuery "HTTP/1.1 200 OK"
2026-03-14 09:18:23,324 [INFO] httpx: HTTP Request: POST https://api.telegram.org/bot8611683567:AAFcLxkFz7jJSkr7jhzas3Y1KHZI8CN8W8g/editMessageText "HTTP/1.1 200 OK"
2026-03-14 09:18:25,363 [INFO] httpx: HTTP Request: POST https://api.telegram.org/bot8611683567:AAFcLxkFz7jJSkr7jhzas3Y1KHZI8CN8W8g/getUpdates "HTTP/1.1 200 OK"
2026-03-14 09:18:25,410 [INFO] httpx: HTTP Request: POST https://api.telegram.org/bot8611683567:AAFcLxkFz7jJSkr7jhzas3Y1KHZI8CN8W8g/answerCallbackQuery "HTTP/1.1 200 OK"
2026-03-14 09:18:25,476 [INFO] httpx: HTTP Request: POST https://api.telegram.org/bot8611683567:AAFcLxkFz7jJSkr7jhzas3Y1KHZI8CN8W8g/editMessageText "HTTP/1.1 200 OK"
2026-03-14 09:18:26,260 [INFO] httpx: HTTP Request: POST https://api.telegram.org/bot8611683567:AAFcLxkFz7jJSkr7jhzas3Y1KHZI8CN8W8g/getUpdates "HTTP/1.1 200 OK"
2026-03-14 09:18:26,310 [INFO] httpx: HTTP Request: POST https://api.telegram.org/bot8611683567:AAFcLxkFz7jJSkr7jhzas3Y1KHZI8CN8W8g/answerCallbackQuery "HTTP/1.1 200 OK"
2026-03-14 09:18:26,373 [INFO] httpx: HTTP Request: POST https://api.telegram.org/bot8611683567:AAFcLxkFz7jJSkr7jhzas3Y1KHZI8CN8W8g/editMessageText "HTTP/1.1 200 OK"
2026-03-14 09:18:27,154 [INFO] httpx: HTTP Request: POST https://api.telegram.org/bot8611683567:AAFcLxkFz7jJSkr7jhzas3Y1KHZI8CN8W8g/getUpdates "HTTP/1.1 200 OK"
2026-03-14 09:18:27,200 [INFO] httpx: HTTP Request: POST https://api.telegram.org/bot8611683567:AAFcLxkFz7jJSkr7jhzas3Y1KHZI8CN8W8g/answerCallbackQuery "HTTP/1.1 200 OK"
2026-03-14 09:18:27,203 [ERROR] telegram.ext.Application: No error handlers are registered, logging exception.
Traceback (most recent call last):
  File "C:\Egypt\.venv\Lib\site-packages\telegram\ext\_application.py", line 1315, in process_update
    await coroutine
  File "C:\Egypt\.venv\Lib\site-packages\telegram\ext\_handlers\basehandler.py", line 159, in handle_update
    return await self.callback(update, context)
           ^^^^^^^^^^^^^^^^^^^^^^^^^^^^^^^^^^^^
  File "C:\Egypt\bot.py", line 357, in on_button
    set_setting(chat_id, "days_filter", val)
    ~~~~~~~~~~~^^^^^^^^^^^^^^^^^^^^^^^^^^^^^
  File "C:\Egypt\database.py", line 165, in set_setting
    conn.execute(
    ~~~~~~~~~~~~^
        f"UPDATE user_settings SET {key}=? WHERE chat_id=?", (value, chat_id)
        ^^^^^^^^^^^^^^^^^^^^^^^^^^^^^^^^^^^^^^^^^^^^^^^^^^^^^^^^^^^^^^^^^^^^^
    )
    ^
sqlite3.OperationalError: no such column: days_filter
2026-03-14 09:18:28,122 [INFO] httpx: HTTP Request: POST https://api.telegram.org/bot8611683567:AAFcLxkFz7jJSkr7jhzas3Y1KHZI8CN8W8g/getUpdates "HTTP/1.1 200 OK"
2026-03-14 09:18:28,168 [INFO] httpx: HTTP Request: POST https://api.telegram.org/bot8611683567:AAFcLxkFz7jJSkr7jhzas3Y1KHZI8CN8W8g/answerCallbackQuery "HTTP/1.1 200 OK"
2026-03-14 09:18:28,170 [ERROR] telegram.ext.Application: No error handlers are registered, logging exception.
Traceback (most recent call last):
  File "C:\Egypt\.venv\Lib\site-packages\telegram\ext\_application.py", line 1315, in process_update
    await coroutine
  File "C:\Egypt\.venv\Lib\site-packages\telegram\ext\_handlers\basehandler.py", line 159, in handle_update
    return await self.callback(update, context)
           ^^^^^^^^^^^^^^^^^^^^^^^^^^^^^^^^^^^^
  File "C:\Egypt\bot.py", line 357, in on_button
    set_setting(chat_id, "days_filter", val)
    ~~~~~~~~~~~^^^^^^^^^^^^^^^^^^^^^^^^^^^^^
  File "C:\Egypt\database.py", line 165, in set_setting
    conn.execute(
    ~~~~~~~~~~~~^
        f"UPDATE user_settings SET {key}=? WHERE chat_id=?", (value, chat_id)
        ^^^^^^^^^^^^^^^^^^^^^^^^^^^^^^^^^^^^^^^^^^^^^^^^^^^^^^^^^^^^^^^^^^^^^
    )
    ^
sqlite3.OperationalError: no such column: days_filter
2026-03-14 09:18:28,273 [INFO] httpx: HTTP Request: POST https://api.telegram.org/bot8611683567:AAFcLxkFz7jJSkr7jhzas3Y1KHZI8CN8W8g/getUpdates "HTTP/1.1 200 OK"
2026-03-14 09:18:28,320 [INFO] httpx: HTTP Request: POST https://api.telegram.org/bot8611683567:AAFcLxkFz7jJSkr7jhzas3Y1KHZI8CN8W8g/answerCallbackQuery "HTTP/1.1 200 OK"
2026-03-14 09:18:28,324 [ERROR] telegram.ext.Application: No error handlers are registered, logging exception.
Traceback (most recent call last):
  File "C:\Egypt\.venv\Lib\site-packages\telegram\ext\_application.py", line 1315, in process_update
    await coroutine
  File "C:\Egypt\.venv\Lib\site-packages\telegram\ext\_handlers\basehandler.py", line 159, in handle_update
    return await self.callback(update, context)
           ^^^^^^^^^^^^^^^^^^^^^^^^^^^^^^^^^^^^
  File "C:\Egypt\bot.py", line 357, in on_button
    set_setting(chat_id, "days_filter", val)
    ~~~~~~~~~~~^^^^^^^^^^^^^^^^^^^^^^^^^^^^^
  File "C:\Egypt\database.py", line 165, in set_setting
    conn.execute(
    ~~~~~~~~~~~~^
        f"UPDATE user_settings SET {key}=? WHERE chat_id=?", (value, chat_id)
        ^^^^^^^^^^^^^^^^^^^^^^^^^^^^^^^^^^^^^^^^^^^^^^^^^^^^^^^^^^^^^^^^^^^^^
    )
    ^
sqlite3.OperationalError: no such column: days_filter
2026-03-14 09:18:31,539 [INFO] httpx: HTTP Request: POST https://api.telegram.org/bot8611683567:AAFcLxkFz7jJSkr7jhzas3Y1KHZI8CN8W8g/getUpdates "HTTP/1.1 200 OK"
2026-03-14 09:18:31,582 [INFO] httpx: HTTP Request: POST https://api.telegram.org/bot8611683567:AAFcLxkFz7jJSkr7jhzas3Y1KHZI8CN8W8g/answerCallbackQuery "HTTP/1.1 200 OK"
2026-03-14 09:18:31,584 [ERROR] telegram.ext.Application: No error handlers are registered, logging exception.
Traceback (most recent call last):
  File "C:\Egypt\.venv\Lib\site-packages\telegram\ext\_application.py", line 1315, in process_update
    await coroutine
  File "C:\Egypt\.venv\Lib\site-packages\telegram\ext\_handlers\basehandler.py", line 159, in handle_update
    return await self.callback(update, context)
           ^^^^^^^^^^^^^^^^^^^^^^^^^^^^^^^^^^^^
  File "C:\Egypt\bot.py", line 357, in on_button
    set_setting(chat_id, "days_filter", val)
    ~~~~~~~~~~~^^^^^^^^^^^^^^^^^^^^^^^^^^^^^
  File "C:\Egypt\database.py", line 165, in set_setting
    conn.execute(
    ~~~~~~~~~~~~^
        f"UPDATE user_settings SET {key}=? WHERE chat_id=?", (value, chat_id)
        ^^^^^^^^^^^^^^^^^^^^^^^^^^^^^^^^^^^^^^^^^^^^^^^^^^^^^^^^^^^^^^^^^^^^^
    )
    ^
sqlite3.OperationalError: no such column: days_filter
2026-03-14 09:18:31,754 [INFO] httpx: HTTP Request: POST https://api.telegram.org/bot8611683567:AAFcLxkFz7jJSkr7jhzas3Y1KHZI8CN8W8g/getUpdates "HTTP/1.1 200 OK"
2026-03-14 09:18:31,799 [INFO] httpx: HTTP Request: POST https://api.telegram.org/bot8611683567:AAFcLxkFz7jJSkr7jhzas3Y1KHZI8CN8W8g/answerCallbackQuery "HTTP/1.1 200 OK"
2026-03-14 09:18:31,801 [ERROR] telegram.ext.Application: No error handlers are registered, logging exception.
Traceback (most recent call last):
  File "C:\Egypt\.venv\Lib\site-packages\telegram\ext\_application.py", line 1315, in process_update
    await coroutine
  File "C:\Egypt\.venv\Lib\site-packages\telegram\ext\_handlers\basehandler.py", line 159, in handle_update
    return await self.callback(update, context)
           ^^^^^^^^^^^^^^^^^^^^^^^^^^^^^^^^^^^^
  File "C:\Egypt\bot.py", line 357, in on_button
    set_setting(chat_id, "days_filter", val)
    ~~~~~~~~~~~^^^^^^^^^^^^^^^^^^^^^^^^^^^^^
  File "C:\Egypt\database.py", line 165, in set_setting
    conn.execute(
    ~~~~~~~~~~~~^
        f"UPDATE user_settings SET {key}=? WHERE chat_id=?", (value, chat_id)
        ^^^^^^^^^^^^^^^^^^^^^^^^^^^^^^^^^^^^^^^^^^^^^^^^^^^^^^^^^^^^^^^^^^^^^
    )
    ^
sqlite3.OperationalError: no such column: days_filter
2026-03-14 09:18:32,377 [INFO] httpx: HTTP Request: POST https://api.telegram.org/bot8611683567:AAFcLxkFz7jJSkr7jhzas3Y1KHZI8CN8W8g/getUpdates "HTTP/1.1 200 OK"
2026-03-14 09:18:32,441 [INFO] httpx: HTTP Request: POST https://api.telegram.org/bot8611683567:AAFcLxkFz7jJSkr7jhzas3Y1KHZI8CN8W8g/sendMessage "HTTP/1.1 200 OK"
2026-03-14 09:18:32,642 [INFO] httpx: HTTP Request: POST https://api.telegram.org/bot8611683567:AAFcLxkFz7jJSkr7jhzas3Y1KHZI8CN8W8g/getUpdates "HTTP/1.1 200 OK"
2026-03-14 09:18:32,705 [INFO] httpx: HTTP Request: POST https://api.telegram.org/bot8611683567:AAFcLxkFz7jJSkr7jhzas3Y1KHZI8CN8W8g/sendMessage "HTTP/1.1 200 OK"
2026-03-14 09:18:33,249 [INFO] httpx: HTTP Request: POST https://api.telegram.org/bot8611683567:AAFcLxkFz7jJSkr7jhzas3Y1KHZI8CN8W8g/getUpdates "HTTP/1.1 200 OK"
2026-03-14 09:18:33,298 [INFO] httpx: HTTP Request: POST https://api.telegram.org/bot8611683567:AAFcLxkFz7jJSkr7jhzas3Y1KHZI8CN8W8g/answerCallbackQuery "HTTP/1.1 200 OK"
2026-03-14 09:18:33,356 [INFO] httpx: HTTP Request: POST https://api.telegram.org/bot8611683567:AAFcLxkFz7jJSkr7jhzas3Y1KHZI8CN8W8g/editMessageText "HTTP/1.1 200 OK"
2026-03-14 09:18:34,465 [INFO] httpx: HTTP Request: POST https://api.telegram.org/bot8611683567:AAFcLxkFz7jJSkr7jhzas3Y1KHZI8CN8W8g/getUpdates "HTTP/1.1 200 OK"
2026-03-14 09:18:34,509 [INFO] httpx: HTTP Request: POST https://api.telegram.org/bot8611683567:AAFcLxkFz7jJSkr7jhzas3Y1KHZI8CN8W8g/answerCallbackQuery "HTTP/1.1 200 OK"
2026-03-14 09:18:34,568 [INFO] httpx: HTTP Request: POST https://api.telegram.org/bot8611683567:AAFcLxkFz7jJSkr7jhzas3Y1KHZI8CN8W8g/editMessageText "HTTP/1.1 200 OK"
2026-03-14 09:18:38,526 [INFO] httpx: HTTP Request: POST https://api.telegram.org/bot8611683567:AAFcLxkFz7jJSkr7jhzas3Y1KHZI8CN8W8g/getUpdates "HTTP/1.1 200 OK"
2026-03-14 09:18:38,572 [INFO] httpx: HTTP Request: POST https://api.telegram.org/bot8611683567:AAFcLxkFz7jJSkr7jhzas3Y1KHZI8CN8W8g/answerCallbackQuery "HTTP/1.1 200 OK"
2026-03-14 09:18:38,659 [INFO] httpx: HTTP Request: POST https://api.telegram.org/bot8611683567:AAFcLxkFz7jJSkr7jhzas3Y1KHZI8CN8W8g/editMessageText "HTTP/1.1 200 OK"
2026-03-14 09:18:40,181 [INFO] httpx: HTTP Request: POST https://api.telegram.org/bot8611683567:AAFcLxkFz7jJSkr7jhzas3Y1KHZI8CN8W8g/getUpdates "HTTP/1.1 200 OK"
2026-03-14 09:18:40,231 [INFO] httpx: HTTP Request: POST https://api.telegram.org/bot8611683567:AAFcLxkFz7jJSkr7jhzas3Y1KHZI8CN8W8g/answerCallbackQuery "HTTP/1.1 200 OK"
2026-03-14 09:18:40,287 [INFO] httpx: HTTP Request: POST https://api.telegram.org/bot8611683567:AAFcLxkFz7jJSkr7jhzas3Y1KHZI8CN8W8g/editMessageText "HTTP/1.1 200 OK"
2026-03-14 09:18:42,784 [INFO] httpx: HTTP Request: POST https://api.telegram.org/bot8611683567:AAFcLxkFz7jJSkr7jhzas3Y1KHZI8CN8W8g/getUpdates "HTTP/1.1 200 OK"
2026-03-14 09:18:42,829 [INFO] httpx: HTTP Request: POST https://api.telegram.org/bot8611683567:AAFcLxkFz7jJSkr7jhzas3Y1KHZI8CN8W8g/answerCallbackQuery "HTTP/1.1 200 OK"
2026-03-14 09:18:42,899 [INFO] httpx: HTTP Request: POST https://api.telegram.org/bot8611683567:AAFcLxkFz7jJSkr7jhzas3Y1KHZI8CN8W8g/editMessageText "HTTP/1.1 200 OK"
2026-03-14 09:18:43,815 [INFO] httpx: HTTP Request: POST https://api.telegram.org/bot8611683567:AAFcLxkFz7jJSkr7jhzas3Y1KHZI8CN8W8g/getUpdates "HTTP/1.1 200 OK"
2026-03-14 09:18:43,859 [INFO] httpx: HTTP Request: POST https://api.telegram.org/bot8611683567:AAFcLxkFz7jJSkr7jhzas3Y1KHZI8CN8W8g/answerCallbackQuery "HTTP/1.1 200 OK"
2026-03-14 09:18:43,915 [INFO] httpx: HTTP Request: POST https://api.telegram.org/bot8611683567:AAFcLxkFz7jJSkr7jhzas3Y1KHZI8CN8W8g/editMessageText "HTTP/1.1 200 OK"
2026-03-14 09:18:45,938 [INFO] httpx: HTTP Request: POST https://api.telegram.org/bot8611683567:AAFcLxkFz7jJSkr7jhzas3Y1KHZI8CN8W8g/getUpdates "HTTP/1.1 200 OK"
2026-03-14 09:18:45,984 [INFO] httpx: HTTP Request: POST https://api.telegram.org/bot8611683567:AAFcLxkFz7jJSkr7jhzas3Y1KHZI8CN8W8g/answerCallbackQuery "HTTP/1.1 200 OK"
2026-03-14 09:18:46,052 [INFO] httpx: HTTP Request: POST https://api.telegram.org/bot8611683567:AAFcLxkFz7jJSkr7jhzas3Y1KHZI8CN8W8g/editMessageText "HTTP/1.1 200 OK"
2026-03-14 09:18:48,161 [INFO] httpx: HTTP Request: POST https://api.telegram.org/bot8611683567:AAFcLxkFz7jJSkr7jhzas3Y1KHZI8CN8W8g/getUpdates "HTTP/1.1 200 OK"
2026-03-14 09:18:48,212 [INFO] httpx: HTTP Request: POST https://api.telegram.org/bot8611683567:AAFcLxkFz7jJSkr7jhzas3Y1KHZI8CN8W8g/answerCallbackQuery "HTTP/1.1 200 OK"
2026-03-14 09:18:48,269 [INFO] httpx: HTTP Request: POST https://api.telegram.org/bot8611683567:AAFcLxkFz7jJSkr7jhzas3Y1KHZI8CN8W8g/editMessageText "HTTP/1.1 200 OK"
2026-03-14 09:18:52,487 [INFO] httpx: HTTP Request: POST https://api.telegram.org/bot8611683567:AAFcLxkFz7jJSkr7jhzas3Y1KHZI8CN8W8g/getUpdates "HTTP/1.1 200 OK"
2026-03-14 09:18:52,531 [INFO] httpx: HTTP Request: POST https://api.telegram.org/bot8611683567:AAFcLxkFz7jJSkr7jhzas3Y1KHZI8CN8W8g/answerCallbackQuery "HTTP/1.1 200 OK"
2026-03-14 09:18:52,592 [INFO] httpx: HTTP Request: POST https://api.telegram.org/bot8611683567:AAFcLxkFz7jJSkr7jhzas3Y1KHZI8CN8W8g/editMessageText "HTTP/1.1 200 OK"
2026-03-14 09:18:54,486 [INFO] httpx: HTTP Request: POST https://api.telegram.org/bot8611683567:AAFcLxkFz7jJSkr7jhzas3Y1KHZI8CN8W8g/getUpdates "HTTP/1.1 200 OK"
2026-03-14 09:18:54,541 [INFO] httpx: HTTP Request: POST https://api.telegram.org/bot8611683567:AAFcLxkFz7jJSkr7jhzas3Y1KHZI8CN8W8g/answerCallbackQuery "HTTP/1.1 200 OK"
2026-03-14 09:18:54,599 [INFO] httpx: HTTP Request: POST https://api.telegram.org/bot8611683567:AAFcLxkFz7jJSkr7jhzas3Y1KHZI8CN8W8g/editMessageText "HTTP/1.1 200 OK"
2026-03-14 09:18:58,998 [INFO] httpx: HTTP Request: POST https://api.telegram.org/bot8611683567:AAFcLxkFz7jJSkr7jhzas3Y1KHZI8CN8W8g/getUpdates "HTTP/1.1 200 OK"
2026-03-14 09:18:59,058 [INFO] httpx: HTTP Request: POST https://api.telegram.org/bot8611683567:AAFcLxkFz7jJSkr7jhzas3Y1KHZI8CN8W8g/answerCallbackQuery "HTTP/1.1 200 OK"
2026-03-14 09:18:59,139 [INFO] httpx: HTTP Request: POST https://api.telegram.org/bot8611683567:AAFcLxkFz7jJSkr7jhzas3Y1KHZI8CN8W8g/editMessageText "HTTP/1.1 200 OK"
2026-03-14 09:19:09,039 [INFO] httpx: HTTP Request: POST https://api.telegram.org/bot8611683567:AAFcLxkFz7jJSkr7jhzas3Y1KHZI8CN8W8g/getUpdates "HTTP/1.1 200 OK"
2026-03-14 09:19:19,080 [INFO] httpx: HTTP Request: POST https://api.telegram.org/bot8611683567:AAFcLxkFz7jJSkr7jhzas3Y1KHZI8CN8W8g/getUpdates "HTTP/1.1 200 OK"
2026-03-14 09:19:29,116 [INFO] httpx: HTTP Request: POST https://api.telegram.org/bot8611683567:AAFcLxkFz7jJSkr7jhzas3Y1KHZI8CN8W8g/getUpdates "HTTP/1.1 200 OK"
2026-03-14 09:19:36,675 [INFO] httpx: HTTP Request: POST https://api.telegram.org/bot8611683567:AAFcLxkFz7jJSkr7jhzas3Y1KHZI8CN8W8g/getUpdates "HTTP/1.1 200 OK"
2026-03-14 09:19:36,793 [INFO] httpx: HTTP Request: POST https://api.telegram.org/bot8611683567:AAFcLxkFz7jJSkr7jhzas3Y1KHZI8CN8W8g/answerCallbackQuery "HTTP/1.1 200 OK"
2026-03-14 09:19:36,849 [INFO] httpx: HTTP Request: POST https://api.telegram.org/bot8611683567:AAFcLxkFz7jJSkr7jhzas3Y1KHZI8CN8W8g/editMessageText "HTTP/1.1 200 OK"
2026-03-14 09:19:38,429 [INFO] httpx: HTTP Request: POST https://api.telegram.org/bot8611683567:AAFcLxkFz7jJSkr7jhzas3Y1KHZI8CN8W8g/getUpdates "HTTP/1.1 200 OK"
2026-03-14 09:19:38,498 [INFO] httpx: HTTP Request: POST https://api.telegram.org/bot8611683567:AAFcLxkFz7jJSkr7jhzas3Y1KHZI8CN8W8g/answerCallbackQuery "HTTP/1.1 200 OK"
2026-03-14 09:19:38,591 [INFO] httpx: HTTP Request: POST https://api.telegram.org/bot8611683567:AAFcLxkFz7jJSkr7jhzas3Y1KHZI8CN8W8g/editMessageText "HTTP/1.1 200 OK"
2026-03-14 09:19:40,249 [INFO] httpx: HTTP Request: POST https://api.telegram.org/bot8611683567:AAFcLxkFz7jJSkr7jhzas3Y1KHZI8CN8W8g/getUpdates "HTTP/1.1 200 OK"
2026-03-14 09:19:40,345 [INFO] httpx: HTTP Request: POST https://api.telegram.org/bot8611683567:AAFcLxkFz7jJSkr7jhzas3Y1KHZI8CN8W8g/answerCallbackQuery "HTTP/1.1 200 OK"
2026-03-14 09:19:40,434 [INFO] httpx: HTTP Request: POST https://api.telegram.org/bot8611683567:AAFcLxkFz7jJSkr7jhzas3Y1KHZI8CN8W8g/editMessageText "HTTP/1.1 200 OK"
2026-03-14 09:19:41,779 [INFO] httpx: HTTP Request: POST https://api.telegram.org/bot8611683567:AAFcLxkFz7jJSkr7jhzas3Y1KHZI8CN8W8g/getUpdates "HTTP/1.1 200 OK"
2026-03-14 09:19:41,830 [INFO] httpx: HTTP Request: POST https://api.telegram.org/bot8611683567:AAFcLxkFz7jJSkr7jhzas3Y1KHZI8CN8W8g/answerCallbackQuery "HTTP/1.1 200 OK"
2026-03-14 09:19:41,910 [INFO] httpx: HTTP Request: POST https://api.telegram.org/bot8611683567:AAFcLxkFz7jJSkr7jhzas3Y1KHZI8CN8W8g/editMessageText "HTTP/1.1 200 OK"
2026-03-14 09:19:51,821 [INFO] httpx: HTTP Request: POST https://api.telegram.org/bot8611683567:AAFcLxkFz7jJSkr7jhzas3Y1KHZI8CN8W8g/getUpdates "HTTP/1.1 200 OK"
2026-03-14 09:19:52,683 [INFO] httpx: HTTP Request: POST https://api.telegram.org/bot8611683567:AAFcLxkFz7jJSkr7jhzas3Y1KHZI8CN8W8g/getUpdates "HTTP/1.1 200 OK"
2026-03-14 09:19:52,858 [INFO] httpx: HTTP Request: POST https://api.telegram.org/bot8611683567:AAFcLxkFz7jJSkr7jhzas3Y1KHZI8CN8W8g/sendMessage "HTTP/1.1 200 OK"
2026-03-14 09:19:54,235 [INFO] scrapers.novatours: Novatours: 10 отелей с ценами
2026-03-14 09:19:59,560 [INFO] httpx: HTTP Request: POST https://api.telegram.org/bot8611683567:AAFcLxkFz7jJSkr7jhzas3Y1KHZI8CN8W8g/sendMessage "HTTP/1.1 200 OK"
2026-03-14 09:20:02,724 [INFO] httpx: HTTP Request: POST https://api.telegram.org/bot8611683567:AAFcLxkFz7jJSkr7jhzas3Y1KHZI8CN8W8g/getUpdates "HTTP/1.1 200 OK"
2026-03-14 09:20:07,541 [INFO] httpx: HTTP Request: POST https://api.telegram.org/bot8611683567:AAFcLxkFz7jJSkr7jhzas3Y1KHZI8CN8W8g/getUpdates "HTTP/1.1 200 OK"
2026-03-14 09:20:07,664 [INFO] httpx: HTTP Request: POST https://api.telegram.org/bot8611683567:AAFcLxkFz7jJSkr7jhzas3Y1KHZI8CN8W8g/answerCallbackQuery "HTTP/1.1 200 OK"
2026-03-14 09:20:07,725 [INFO] httpx: HTTP Request: POST https://api.telegram.org/bot8611683567:AAFcLxkFz7jJSkr7jhzas3Y1KHZI8CN8W8g/editMessageText "HTTP/1.1 200 OK"
2026-03-14 09:20:08,876 [INFO] httpx: HTTP Request: POST https://api.telegram.org/bot8611683567:AAFcLxkFz7jJSkr7jhzas3Y1KHZI8CN8W8g/getUpdates "HTTP/1.1 200 OK"
2026-03-14 09:20:08,924 [INFO] httpx: HTTP Request: POST https://api.telegram.org/bot8611683567:AAFcLxkFz7jJSkr7jhzas3Y1KHZI8CN8W8g/answerCallbackQuery "HTTP/1.1 200 OK"
2026-03-14 09:20:09,013 [INFO] httpx: HTTP Request: POST https://api.telegram.org/bot8611683567:AAFcLxkFz7jJSkr7jhzas3Y1KHZI8CN8W8g/editMessageText "HTTP/1.1 200 OK"
2026-03-14 09:20:09,701 [INFO] httpx: HTTP Request: POST https://api.telegram.org/bot8611683567:AAFcLxkFz7jJSkr7jhzas3Y1KHZI8CN8W8g/getUpdates "HTTP/1.1 200 OK"
2026-03-14 09:20:09,769 [INFO] httpx: HTTP Request: POST https://api.telegram.org/bot8611683567:AAFcLxkFz7jJSkr7jhzas3Y1KHZI8CN8W8g/sendMessage "HTTP/1.1 200 OK"
2026-03-14 09:20:10,307 [INFO] scrapers.novatours: Novatours: 10 отелей с ценами
2026-03-14 09:20:10,906 [INFO] httpx: HTTP Request: POST https://api.telegram.org/bot8611683567:AAFcLxkFz7jJSkr7jhzas3Y1KHZI8CN8W8g/sendPhoto "HTTP/1.1 200 OK"
2026-03-14 09:20:10,997 [INFO] httpx: HTTP Request: POST https://api.telegram.org/bot8611683567:AAFcLxkFz7jJSkr7jhzas3Y1KHZI8CN8W8g/sendPhoto "HTTP/1.1 200 OK"
2026-03-14 09:20:19,738 [INFO] httpx: HTTP Request: POST https://api.telegram.org/bot8611683567:AAFcLxkFz7jJSkr7jhzas3Y1KHZI8CN8W8g/getUpdates "HTTP/1.1 200 OK"
2026-03-14 09:20:23,420 [INFO] httpx: HTTP Request: POST https://api.telegram.org/bot8611683567:AAFcLxkFz7jJSkr7jhzas3Y1KHZI8CN8W8g/getUpdates "HTTP/1.1 200 OK"
2026-03-14 09:20:23,564 [INFO] httpx: HTTP Request: POST https://api.telegram.org/bot8611683567:AAFcLxkFz7jJSkr7jhzas3Y1KHZI8CN8W8g/sendMessage "HTTP/1.1 200 OK"
2026-03-14 09:20:24,935 [INFO] httpx: HTTP Request: POST https://api.telegram.org/bot8611683567:AAFcLxkFz7jJSkr7jhzas3Y1KHZI8CN8W8g/getUpdates "HTTP/1.1 200 OK"
2026-03-14 09:20:24,982 [INFO] httpx: HTTP Request: POST https://api.telegram.org/bot8611683567:AAFcLxkFz7jJSkr7jhzas3Y1KHZI8CN8W8g/answerCallbackQuery "HTTP/1.1 200 OK"
2026-03-14 09:20:25,031 [ERROR] telegram.ext.Application: No error handlers are registered, logging exception.
Traceback (most recent call last):
  File "C:\Egypt\.venv\Lib\site-packages\telegram\ext\_application.py", line 1315, in process_update
    await coroutine
  File "C:\Egypt\.venv\Lib\site-packages\telegram\ext\_handlers\basehandler.py", line 159, in handle_update
    return await self.callback(update, context)
           ^^^^^^^^^^^^^^^^^^^^^^^^^^^^^^^^^^^^
  File "C:\Egypt\bot.py", line 291, in on_button
    set_setting(chat_id, "days_filter", 180)
    ~~~~~~~~~~~^^^^^^^^^^^^^^^^^^^^^^^^^^^^^
  File "C:\Egypt\database.py", line 165, in set_setting
    conn.execute(
    ~~~~~~~~~~~~^
        f"UPDATE user_settings SET {key}=? WHERE chat_id=?", (value, chat_id)
        ^^^^^^^^^^^^^^^^^^^^^^^^^^^^^^^^^^^^^^^^^^^^^^^^^^^^^^^^^^^^^^^^^^^^^
    )
    ^
sqlite3.OperationalError: no such column: days_filter
2026-03-14 09:20:27,015 [INFO] httpx: HTTP Request: POST https://api.telegram.org/bot8611683567:AAFcLxkFz7jJSkr7jhzas3Y1KHZI8CN8W8g/getUpdates "HTTP/1.1 200 OK"
2026-03-14 09:20:27,059 [INFO] httpx: HTTP Request: POST https://api.telegram.org/bot8611683567:AAFcLxkFz7jJSkr7jhzas3Y1KHZI8CN8W8g/answerCallbackQuery "HTTP/1.1 200 OK"
2026-03-14 09:20:27,075 [ERROR] telegram.ext.Application: No error handlers are registered, logging exception.
Traceback (most recent call last):
  File "C:\Egypt\.venv\Lib\site-packages\telegram\ext\_application.py", line 1315, in process_update
    await coroutine
  File "C:\Egypt\.venv\Lib\site-packages\telegram\ext\_handlers\basehandler.py", line 159, in handle_update
    return await self.callback(update, context)
           ^^^^^^^^^^^^^^^^^^^^^^^^^^^^^^^^^^^^
  File "C:\Egypt\bot.py", line 291, in on_button
    set_setting(chat_id, "days_filter", 180)
    ~~~~~~~~~~~^^^^^^^^^^^^^^^^^^^^^^^^^^^^^
  File "C:\Egypt\database.py", line 165, in set_setting
    conn.execute(
    ~~~~~~~~~~~~^
        f"UPDATE user_settings SET {key}=? WHERE chat_id=?", (value, chat_id)
        ^^^^^^^^^^^^^^^^^^^^^^^^^^^^^^^^^^^^^^^^^^^^^^^^^^^^^^^^^^^^^^^^^^^^^
    )
    ^
sqlite3.OperationalError: no such column: days_filter
2026-03-14 09:20:28,513 [INFO] httpx: HTTP Request: POST https://api.telegram.org/bot8611683567:AAFcLxkFz7jJSkr7jhzas3Y1KHZI8CN8W8g/getUpdates "HTTP/1.1 200 OK"
2026-03-14 09:20:28,591 [INFO] httpx: HTTP Request: POST https://api.telegram.org/bot8611683567:AAFcLxkFz7jJSkr7jhzas3Y1KHZI8CN8W8g/sendMessage "HTTP/1.1 200 OK"
2026-03-14 09:20:38,557 [INFO] httpx: HTTP Request: POST https://api.telegram.org/bot8611683567:AAFcLxkFz7jJSkr7jhzas3Y1KHZI8CN8W8g/getUpdates "HTTP/1.1 200 OK"
2026-03-14 09:20:38,597 [INFO] httpx: HTTP Request: POST https://api.telegram.org/bot8611683567:AAFcLxkFz7jJSkr7jhzas3Y1KHZI8CN8W8g/getUpdates "HTTP/1.1 200 OK"
2026-03-14 09:20:38,737 [INFO] httpx: HTTP Request: POST https://api.telegram.org/bot8611683567:AAFcLxkFz7jJSkr7jhzas3Y1KHZI8CN8W8g/sendMessage "HTTP/1.1 200 OK"
2026-03-14 09:20:39,233 [INFO] scrapers.novatours: Novatours: 10 отелей с ценами
2026-03-14 09:20:39,750 [INFO] httpx: HTTP Request: POST https://api.telegram.org/bot8611683567:AAFcLxkFz7jJSkr7jhzas3Y1KHZI8CN8W8g/sendPhoto "HTTP/1.1 200 OK"
2026-03-14 09:20:39,838 [INFO] httpx: HTTP Request: POST https://api.telegram.org/bot8611683567:AAFcLxkFz7jJSkr7jhzas3Y1KHZI8CN8W8g/sendPhoto "HTTP/1.1 200 OK"
2026-03-14 09:20:39,929 [INFO] httpx: HTTP Request: POST https://api.telegram.org/bot8611683567:AAFcLxkFz7jJSkr7jhzas3Y1KHZI8CN8W8g/sendPhoto "HTTP/1.1 200 OK"
2026-03-14 09:20:40,015 [INFO] httpx: HTTP Request: POST https://api.telegram.org/bot8611683567:AAFcLxkFz7jJSkr7jhzas3Y1KHZI8CN8W8g/sendPhoto "HTTP/1.1 200 OK"
2026-03-14 09:20:40,098 [INFO] httpx: HTTP Request: POST https://api.telegram.org/bot8611683567:AAFcLxkFz7jJSkr7jhzas3Y1KHZI8CN8W8g/sendPhoto "HTTP/1.1 200 OK"
2026-03-14 09:20:48,633 [INFO] httpx: HTTP Request: POST https://api.telegram.org/bot8611683567:AAFcLxkFz7jJSkr7jhzas3Y1KHZI8CN8W8g/getUpdates "HTTP/1.1 200 OK"
2026-03-14 09:20:58,669 [INFO] httpx: HTTP Request: POST https://api.telegram.org/bot8611683567:AAFcLxkFz7jJSkr7jhzas3Y1KHZI8CN8W8g/getUpdates "HTTP/1.1 200 OK"
2026-03-14 09:21:08,705 [INFO] httpx: HTTP Request: POST https://api.telegram.org/bot8611683567:AAFcLxkFz7jJSkr7jhzas3Y1KHZI8CN8W8g/getUpdates "HTTP/1.1 200 OK"
2026-03-14 09:21:18,747 [INFO] httpx: HTTP Request: POST https://api.telegram.org/bot8611683567:AAFcLxkFz7jJSkr7jhzas3Y1KHZI8CN8W8g/getUpdates "HTTP/1.1 200 OK"
2026-03-14 09:21:28,784 [INFO] httpx: HTTP Request: POST https://api.telegram.org/bot8611683567:AAFcLxkFz7jJSkr7jhzas3Y1KHZI8CN8W8g/getUpdates "HTTP/1.1 200 OK"
2026-03-14 09:21:37,880 [INFO] httpx: HTTP Request: POST https://api.telegram.org/bot8611683567:AAFcLxkFz7jJSkr7jhzas3Y1KHZI8CN8W8g/getUpdates "HTTP/1.1 200 OK"
2026-03-14 09:21:38,101 [INFO] httpx: HTTP Request: POST https://api.telegram.org/bot8611683567:AAFcLxkFz7jJSkr7jhzas3Y1KHZI8CN8W8g/sendMessage "HTTP/1.1 200 OK"
2026-03-14 09:21:39,505 [INFO] httpx: HTTP Request: POST https://api.telegram.org/bot8611683567:AAFcLxkFz7jJSkr7jhzas3Y1KHZI8CN8W8g/getUpdates "HTTP/1.1 200 OK"
2026-03-14 09:21:39,556 [INFO] httpx: HTTP Request: POST https://api.telegram.org/bot8611683567:AAFcLxkFz7jJSkr7jhzas3Y1KHZI8CN8W8g/answerCallbackQuery "HTTP/1.1 200 OK"
2026-03-14 09:21:39,624 [INFO] httpx: HTTP Request: POST https://api.telegram.org/bot8611683567:AAFcLxkFz7jJSkr7jhzas3Y1KHZI8CN8W8g/editMessageText "HTTP/1.1 200 OK"
2026-03-14 09:21:40,463 [INFO] httpx: HTTP Request: POST https://api.telegram.org/bot8611683567:AAFcLxkFz7jJSkr7jhzas3Y1KHZI8CN8W8g/getUpdates "HTTP/1.1 200 OK"
2026-03-14 09:21:40,507 [INFO] httpx: HTTP Request: POST https://api.telegram.org/bot8611683567:AAFcLxkFz7jJSkr7jhzas3Y1KHZI8CN8W8g/answerCallbackQuery "HTTP/1.1 200 OK"
2026-03-14 09:21:40,511 [ERROR] telegram.ext.Application: No error handlers are registered, logging exception.
Traceback (most recent call last):
  File "C:\Egypt\.venv\Lib\site-packages\telegram\ext\_application.py", line 1315, in process_update
    await coroutine
  File "C:\Egypt\.venv\Lib\site-packages\telegram\ext\_handlers\basehandler.py", line 159, in handle_update
    return await self.callback(update, context)
           ^^^^^^^^^^^^^^^^^^^^^^^^^^^^^^^^^^^^
  File "C:\Egypt\bot.py", line 357, in on_button
    set_setting(chat_id, "days_filter", val)
    ~~~~~~~~~~~^^^^^^^^^^^^^^^^^^^^^^^^^^^^^
  File "C:\Egypt\database.py", line 165, in set_setting
    conn.execute(
    ~~~~~~~~~~~~^
        f"UPDATE user_settings SET {key}=? WHERE chat_id=?", (value, chat_id)
        ^^^^^^^^^^^^^^^^^^^^^^^^^^^^^^^^^^^^^^^^^^^^^^^^^^^^^^^^^^^^^^^^^^^^^
    )
    ^
sqlite3.OperationalError: no such column: days_filter
2026-03-14 09:21:50,498 [INFO] httpx: HTTP Request: POST https://api.telegram.org/bot8611683567:AAFcLxkFz7jJSkr7jhzas3Y1KHZI8CN8W8g/getUpdates "HTTP/1.1 200 OK"
2026-03-14 09:22:00,538 [INFO] httpx: HTTP Request: POST https://api.telegram.org/bot8611683567:AAFcLxkFz7jJSkr7jhzas3Y1KHZI8CN8W8g/getUpdates "HTTP/1.1 200 OK"
2026-03-14 09:22:10,586 [INFO] httpx: HTTP Request: POST https://api.telegram.org/bot8611683567:AAFcLxkFz7jJSkr7jhzas3Y1KHZI8CN8W8g/getUpdates "HTTP/1.1 200 OK"
2026-03-14 09:22:20,624 [INFO] httpx: HTTP Request: POST https://api.telegram.org/bot8611683567:AAFcLxkFz7jJSkr7jhzas3Y1KHZI8CN8W8g/getUpdates "HTTP/1.1 200 OK"
2026-03-14 09:22:30,661 [INFO] httpx: HTTP Request: POST https://api.telegram.org/bot8611683567:AAFcLxkFz7jJSkr7jhzas3Y1KHZI8CN8W8g/getUpdates "HTTP/1.1 200 OK"
2026-03-14 09:22:40,698 [INFO] httpx: HTTP Request: POST https://api.telegram.org/bot8611683567:AAFcLxkFz7jJSkr7jhzas3Y1KHZI8CN8W8g/getUpdates "HTTP/1.1 200 OK"
2026-03-14 09:22:50,738 [INFO] httpx: HTTP Request: POST https://api.telegram.org/bot8611683567:AAFcLxkFz7jJSkr7jhzas3Y1KHZI8CN8W8g/getUpdates "HTTP/1.1 200 OK"
2026-03-14 09:23:00,773 [INFO] httpx: HTTP Request: POST https://api.telegram.org/bot8611683567:AAFcLxkFz7jJSkr7jhzas3Y1KHZI8CN8W8g/getUpdates "HTTP/1.1 200 OK"
2026-03-14 09:23:10,813 [INFO] httpx: HTTP Request: POST https://api.telegram.org/bot8611683567:AAFcLxkFz7jJSkr7jhzas3Y1KHZI8CN8W8g/getUpdates "HTTP/1.1 200 OK"
2026-03-14 09:23:20,853 [INFO] httpx: HTTP Request: POST https://api.telegram.org/bot8611683567:AAFcLxkFz7jJSkr7jhzas3Y1KHZI8CN8W8g/getUpdates "HTTP/1.1 200 OK"
2026-03-14 09:23:30,890 [INFO] httpx: HTTP Request: POST https://api.telegram.org/bot8611683567:AAFcLxkFz7jJSkr7jhzas3Y1KHZI8CN8W8g/getUpdates "HTTP/1.1 200 OK"
2026-03-14 09:23:41,031 [INFO] httpx: HTTP Request: POST https://api.telegram.org/bot8611683567:AAFcLxkFz7jJSkr7jhzas3Y1KHZI8CN8W8g/getUpdates "HTTP/1.1 200 OK"
2026-03-14 09:23:51,068 [INFO] httpx: HTTP Request: POST https://api.telegram.org/bot8611683567:AAFcLxkFz7jJSkr7jhzas3Y1KHZI8CN8W8g/getUpdates "HTTP/1.1 200 OK"
2026-03-14 09:24:01,104 [INFO] httpx: HTTP Request: POST https://api.telegram.org/bot8611683567:AAFcLxkFz7jJSkr7jhzas3Y1KHZI8CN8W8g/getUpdates "HTTP/1.1 200 OK"
2026-03-14 09:24:11,147 [INFO] httpx: HTTP Request: POST https://api.telegram.org/bot8611683567:AAFcLxkFz7jJSkr7jhzas3Y1KHZI8CN8W8g/getUpdates "HTTP/1.1 200 OK"
2026-03-14 09:24:20,655 [INFO] httpx: HTTP Request: POST https://api.telegram.org/bot8611683567:AAFcLxkFz7jJSkr7jhzas3Y1KHZI8CN8W8g/getUpdates "HTTP/1.1 200 OK"
2026-03-14 09:24:20,656 [INFO] telegram.ext.Application: Application is stopping. This might take a moment.
2026-03-14 09:24:20,657 [INFO] apscheduler.scheduler: Scheduler has been shut down
2026-03-14 09:24:20,673 [INFO] telegram.ext.Application: Application.stop() complete
2026-03-14 09:24:20,674 [INFO] apscheduler.scheduler: Scheduler has been shut down
2026-03-14 09:24:25,430 [INFO] __main__: ✅ БД готова
2026-03-14 09:24:25,870 [INFO] apscheduler.scheduler: Adding job tentatively -- it will be properly scheduled when the scheduler starts
2026-03-14 09:24:25,871 [INFO] __main__: 🤖 Бот запущен!
2026-03-14 09:24:26,045 [INFO] httpx: HTTP Request: POST https://api.telegram.org/bot8611683567:AAFcLxkFz7jJSkr7jhzas3Y1KHZI8CN8W8g/getMe "HTTP/1.1 200 OK"
2026-03-14 09:24:26,047 [INFO] apscheduler.scheduler: Added job "main.<locals>.<lambda>" to job store "default"
2026-03-14 09:24:26,048 [INFO] apscheduler.scheduler: Scheduler started
2026-03-14 09:24:26,048 [INFO] __main__: ⏰ Планировщик: каждые 30 мин
2026-03-14 09:24:31,188 [INFO] httpx: HTTP Request: POST https://api.telegram.org/bot8611683567:AAFcLxkFz7jJSkr7jhzas3Y1KHZI8CN8W8g/sendMessage "HTTP/1.1 200 OK"
2026-03-14 09:24:31,190 [INFO] __main__: ▶️  Проверка [14.03.2026 09:24]
2026-03-14 09:24:35,120 [INFO] scrapers.novatours: Novatours: токен получен (03096e2114...)
2026-03-14 09:24:35,653 [INFO] scrapers.novatours: Novatours: 10 отелей с ценами
2026-03-14 09:24:36,269 [INFO] __main__: Novatours: 10 туров до фильтра
2026-03-14 09:24:36,270 [INFO] __main__: Итого до фильтра: 10
2026-03-14 09:24:36,384 [INFO] __main__: 🔥 Новых горящих: 10
2026-03-14 09:24:36,555 [INFO] httpx: HTTP Request: POST https://api.telegram.org/bot8611683567:AAFcLxkFz7jJSkr7jhzas3Y1KHZI8CN8W8g/sendPhoto "HTTP/1.1 200 OK"
2026-03-14 09:24:36,700 [INFO] httpx: HTTP Request: POST https://api.telegram.org/bot8611683567:AAFcLxkFz7jJSkr7jhzas3Y1KHZI8CN8W8g/sendPhoto "HTTP/1.1 200 OK"
2026-03-14 09:24:36,838 [INFO] httpx: HTTP Request: POST https://api.telegram.org/bot8611683567:AAFcLxkFz7jJSkr7jhzas3Y1KHZI8CN8W8g/sendPhoto "HTTP/1.1 200 OK"
2026-03-14 09:24:36,977 [INFO] httpx: HTTP Request: POST https://api.telegram.org/bot8611683567:AAFcLxkFz7jJSkr7jhzas3Y1KHZI8CN8W8g/sendPhoto "HTTP/1.1 200 OK"
2026-03-14 09:24:37,126 [INFO] httpx: HTTP Request: POST https://api.telegram.org/bot8611683567:AAFcLxkFz7jJSkr7jhzas3Y1KHZI8CN8W8g/sendPhoto "HTTP/1.1 200 OK"
2026-03-14 09:24:37,228 [INFO] httpx: HTTP Request: POST https://api.telegram.org/bot8611683567:AAFcLxkFz7jJSkr7jhzas3Y1KHZI8CN8W8g/deleteWebhook "HTTP/1.1 200 OK"
2026-03-14 09:24:37,230 [INFO] apscheduler.scheduler: Scheduler started
2026-03-14 09:24:37,231 [INFO] telegram.ext.Application: Application started
2026-03-14 09:24:47,338 [INFO] httpx: HTTP Request: POST https://api.telegram.org/bot8611683567:AAFcLxkFz7jJSkr7jhzas3Y1KHZI8CN8W8g/getUpdates "HTTP/1.1 200 OK"
2026-03-14 09:24:57,372 [INFO] httpx: HTTP Request: POST https://api.telegram.org/bot8611683567:AAFcLxkFz7jJSkr7jhzas3Y1KHZI8CN8W8g/getUpdates "HTTP/1.1 200 OK"
2026-03-14 09:25:01,903 [INFO] httpx: HTTP Request: POST https://api.telegram.org/bot8611683567:AAFcLxkFz7jJSkr7jhzas3Y1KHZI8CN8W8g/getUpdates "HTTP/1.1 200 OK"
2026-03-14 09:25:02,063 [INFO] httpx: HTTP Request: POST https://api.telegram.org/bot8611683567:AAFcLxkFz7jJSkr7jhzas3Y1KHZI8CN8W8g/sendMessage "HTTP/1.1 200 OK"
2026-03-14 09:25:11,245 [INFO] httpx: HTTP Request: POST https://api.telegram.org/bot8611683567:AAFcLxkFz7jJSkr7jhzas3Y1KHZI8CN8W8g/getUpdates "HTTP/1.1 200 OK"
2026-03-14 09:25:11,365 [INFO] httpx: HTTP Request: POST https://api.telegram.org/bot8611683567:AAFcLxkFz7jJSkr7jhzas3Y1KHZI8CN8W8g/answerCallbackQuery "HTTP/1.1 200 OK"
2026-03-14 09:25:11,446 [INFO] httpx: HTTP Request: POST https://api.telegram.org/bot8611683567:AAFcLxkFz7jJSkr7jhzas3Y1KHZI8CN8W8g/editMessageText "HTTP/1.1 200 OK"
2026-03-14 09:25:12,715 [INFO] httpx: HTTP Request: POST https://api.telegram.org/bot8611683567:AAFcLxkFz7jJSkr7jhzas3Y1KHZI8CN8W8g/getUpdates "HTTP/1.1 200 OK"
2026-03-14 09:25:12,769 [INFO] httpx: HTTP Request: POST https://api.telegram.org/bot8611683567:AAFcLxkFz7jJSkr7jhzas3Y1KHZI8CN8W8g/answerCallbackQuery "HTTP/1.1 200 OK"
2026-03-14 09:25:12,841 [INFO] httpx: HTTP Request: POST https://api.telegram.org/bot8611683567:AAFcLxkFz7jJSkr7jhzas3Y1KHZI8CN8W8g/editMessageText "HTTP/1.1 200 OK"
2026-03-14 09:25:15,529 [INFO] httpx: HTTP Request: POST https://api.telegram.org/bot8611683567:AAFcLxkFz7jJSkr7jhzas3Y1KHZI8CN8W8g/getUpdates "HTTP/1.1 200 OK"
2026-03-14 09:25:15,585 [INFO] httpx: HTTP Request: POST https://api.telegram.org/bot8611683567:AAFcLxkFz7jJSkr7jhzas3Y1KHZI8CN8W8g/answerCallbackQuery "HTTP/1.1 200 OK"
2026-03-14 09:25:15,656 [INFO] httpx: HTTP Request: POST https://api.telegram.org/bot8611683567:AAFcLxkFz7jJSkr7jhzas3Y1KHZI8CN8W8g/editMessageText "HTTP/1.1 200 OK"
2026-03-14 09:25:17,204 [INFO] httpx: HTTP Request: POST https://api.telegram.org/bot8611683567:AAFcLxkFz7jJSkr7jhzas3Y1KHZI8CN8W8g/getUpdates "HTTP/1.1 200 OK"
2026-03-14 09:25:17,288 [INFO] httpx: HTTP Request: POST https://api.telegram.org/bot8611683567:AAFcLxkFz7jJSkr7jhzas3Y1KHZI8CN8W8g/answerCallbackQuery "HTTP/1.1 200 OK"
2026-03-14 09:25:17,386 [INFO] httpx: HTTP Request: POST https://api.telegram.org/bot8611683567:AAFcLxkFz7jJSkr7jhzas3Y1KHZI8CN8W8g/editMessageText "HTTP/1.1 200 OK"
2026-03-14 09:25:17,989 [INFO] httpx: HTTP Request: POST https://api.telegram.org/bot8611683567:AAFcLxkFz7jJSkr7jhzas3Y1KHZI8CN8W8g/getUpdates "HTTP/1.1 200 OK"
2026-03-14 09:25:18,043 [INFO] httpx: HTTP Request: POST https://api.telegram.org/bot8611683567:AAFcLxkFz7jJSkr7jhzas3Y1KHZI8CN8W8g/answerCallbackQuery "HTTP/1.1 200 OK"
2026-03-14 09:25:18,097 [INFO] httpx: HTTP Request: POST https://api.telegram.org/bot8611683567:AAFcLxkFz7jJSkr7jhzas3Y1KHZI8CN8W8g/editMessageText "HTTP/1.1 200 OK"
2026-03-14 09:25:19,186 [INFO] httpx: HTTP Request: POST https://api.telegram.org/bot8611683567:AAFcLxkFz7jJSkr7jhzas3Y1KHZI8CN8W8g/getUpdates "HTTP/1.1 200 OK"
2026-03-14 09:25:19,234 [INFO] httpx: HTTP Request: POST https://api.telegram.org/bot8611683567:AAFcLxkFz7jJSkr7jhzas3Y1KHZI8CN8W8g/answerCallbackQuery "HTTP/1.1 200 OK"
2026-03-14 09:25:19,298 [INFO] httpx: HTTP Request: POST https://api.telegram.org/bot8611683567:AAFcLxkFz7jJSkr7jhzas3Y1KHZI8CN8W8g/editMessageText "HTTP/1.1 200 OK"
2026-03-14 09:25:20,279 [INFO] httpx: HTTP Request: POST https://api.telegram.org/bot8611683567:AAFcLxkFz7jJSkr7jhzas3Y1KHZI8CN8W8g/getUpdates "HTTP/1.1 200 OK"
2026-03-14 09:25:20,336 [INFO] httpx: HTTP Request: POST https://api.telegram.org/bot8611683567:AAFcLxkFz7jJSkr7jhzas3Y1KHZI8CN8W8g/answerCallbackQuery "HTTP/1.1 200 OK"
2026-03-14 09:25:20,454 [INFO] httpx: HTTP Request: POST https://api.telegram.org/bot8611683567:AAFcLxkFz7jJSkr7jhzas3Y1KHZI8CN8W8g/editMessageText "HTTP/1.1 200 OK"
2026-03-14 09:25:22,139 [INFO] httpx: HTTP Request: POST https://api.telegram.org/bot8611683567:AAFcLxkFz7jJSkr7jhzas3Y1KHZI8CN8W8g/getUpdates "HTTP/1.1 200 OK"
2026-03-14 09:25:22,196 [INFO] httpx: HTTP Request: POST https://api.telegram.org/bot8611683567:AAFcLxkFz7jJSkr7jhzas3Y1KHZI8CN8W8g/answerCallbackQuery "HTTP/1.1 200 OK"
2026-03-14 09:25:22,284 [INFO] httpx: HTTP Request: POST https://api.telegram.org/bot8611683567:AAFcLxkFz7jJSkr7jhzas3Y1KHZI8CN8W8g/editMessageText "HTTP/1.1 200 OK"
2026-03-14 09:25:23,007 [INFO] httpx: HTTP Request: POST https://api.telegram.org/bot8611683567:AAFcLxkFz7jJSkr7jhzas3Y1KHZI8CN8W8g/getUpdates "HTTP/1.1 200 OK"
2026-03-14 09:25:23,060 [INFO] httpx: HTTP Request: POST https://api.telegram.org/bot8611683567:AAFcLxkFz7jJSkr7jhzas3Y1KHZI8CN8W8g/answerCallbackQuery "HTTP/1.1 200 OK"
2026-03-14 09:25:23,128 [INFO] httpx: HTTP Request: POST https://api.telegram.org/bot8611683567:AAFcLxkFz7jJSkr7jhzas3Y1KHZI8CN8W8g/editMessageText "HTTP/1.1 200 OK"
2026-03-14 09:25:24,424 [INFO] httpx: HTTP Request: POST https://api.telegram.org/bot8611683567:AAFcLxkFz7jJSkr7jhzas3Y1KHZI8CN8W8g/getUpdates "HTTP/1.1 200 OK"
2026-03-14 09:25:24,472 [INFO] httpx: HTTP Request: POST https://api.telegram.org/bot8611683567:AAFcLxkFz7jJSkr7jhzas3Y1KHZI8CN8W8g/answerCallbackQuery "HTTP/1.1 200 OK"
2026-03-14 09:25:24,548 [INFO] httpx: HTTP Request: POST https://api.telegram.org/bot8611683567:AAFcLxkFz7jJSkr7jhzas3Y1KHZI8CN8W8g/editMessageText "HTTP/1.1 200 OK"
2026-03-14 09:25:25,354 [INFO] httpx: HTTP Request: POST https://api.telegram.org/bot8611683567:AAFcLxkFz7jJSkr7jhzas3Y1KHZI8CN8W8g/getUpdates "HTTP/1.1 200 OK"
2026-03-14 09:25:25,413 [INFO] httpx: HTTP Request: POST https://api.telegram.org/bot8611683567:AAFcLxkFz7jJSkr7jhzas3Y1KHZI8CN8W8g/answerCallbackQuery "HTTP/1.1 200 OK"
2026-03-14 09:25:25,512 [INFO] httpx: HTTP Request: POST https://api.telegram.org/bot8611683567:AAFcLxkFz7jJSkr7jhzas3Y1KHZI8CN8W8g/editMessageText "HTTP/1.1 200 OK"
2026-03-14 09:25:27,314 [INFO] httpx: HTTP Request: POST https://api.telegram.org/bot8611683567:AAFcLxkFz7jJSkr7jhzas3Y1KHZI8CN8W8g/getUpdates "HTTP/1.1 200 OK"
2026-03-14 09:25:27,376 [INFO] httpx: HTTP Request: POST https://api.telegram.org/bot8611683567:AAFcLxkFz7jJSkr7jhzas3Y1KHZI8CN8W8g/answerCallbackQuery "HTTP/1.1 200 OK"
2026-03-14 09:25:27,496 [INFO] httpx: HTTP Request: POST https://api.telegram.org/bot8611683567:AAFcLxkFz7jJSkr7jhzas3Y1KHZI8CN8W8g/editMessageText "HTTP/1.1 200 OK"
2026-03-14 09:25:29,579 [INFO] httpx: HTTP Request: POST https://api.telegram.org/bot8611683567:AAFcLxkFz7jJSkr7jhzas3Y1KHZI8CN8W8g/getUpdates "HTTP/1.1 200 OK"
2026-03-14 09:25:29,778 [INFO] httpx: HTTP Request: POST https://api.telegram.org/bot8611683567:AAFcLxkFz7jJSkr7jhzas3Y1KHZI8CN8W8g/sendMessage "HTTP/1.1 200 OK"
2026-03-14 09:25:30,352 [INFO] scrapers.novatours: Novatours: 10 отелей с ценами
2026-03-14 09:25:31,430 [INFO] httpx: HTTP Request: POST https://api.telegram.org/bot8611683567:AAFcLxkFz7jJSkr7jhzas3Y1KHZI8CN8W8g/sendPhoto "HTTP/1.1 200 OK"
2026-03-14 09:25:31,623 [INFO] httpx: HTTP Request: POST https://api.telegram.org/bot8611683567:AAFcLxkFz7jJSkr7jhzas3Y1KHZI8CN8W8g/sendPhoto "HTTP/1.1 200 OK"
2026-03-14 09:25:38,036 [INFO] httpx: HTTP Request: POST https://api.telegram.org/bot8611683567:AAFcLxkFz7jJSkr7jhzas3Y1KHZI8CN8W8g/getUpdates "HTTP/1.1 200 OK"
2026-03-14 09:25:38,177 [INFO] httpx: HTTP Request: POST https://api.telegram.org/bot8611683567:AAFcLxkFz7jJSkr7jhzas3Y1KHZI8CN8W8g/sendMessage "HTTP/1.1 200 OK"
2026-03-14 09:25:39,454 [INFO] httpx: HTTP Request: POST https://api.telegram.org/bot8611683567:AAFcLxkFz7jJSkr7jhzas3Y1KHZI8CN8W8g/getUpdates "HTTP/1.1 200 OK"
2026-03-14 09:25:39,526 [INFO] httpx: HTTP Request: POST https://api.telegram.org/bot8611683567:AAFcLxkFz7jJSkr7jhzas3Y1KHZI8CN8W8g/sendMessage "HTTP/1.1 200 OK"
2026-03-14 09:25:49,498 [INFO] httpx: HTTP Request: POST https://api.telegram.org/bot8611683567:AAFcLxkFz7jJSkr7jhzas3Y1KHZI8CN8W8g/getUpdates "HTTP/1.1 200 OK"
2026-03-14 09:25:59,536 [INFO] httpx: HTTP Request: POST https://api.telegram.org/bot8611683567:AAFcLxkFz7jJSkr7jhzas3Y1KHZI8CN8W8g/getUpdates "HTTP/1.1 200 OK"
2026-03-14 09:26:09,573 [INFO] httpx: HTTP Request: POST https://api.telegram.org/bot8611683567:AAFcLxkFz7jJSkr7jhzas3Y1KHZI8CN8W8g/getUpdates "HTTP/1.1 200 OK"
2026-03-14 09:26:19,612 [INFO] httpx: HTTP Request: POST https://api.telegram.org/bot8611683567:AAFcLxkFz7jJSkr7jhzas3Y1KHZI8CN8W8g/getUpdates "HTTP/1.1 200 OK"
2026-03-14 09:26:29,650 [INFO] httpx: HTTP Request: POST https://api.telegram.org/bot8611683567:AAFcLxkFz7jJSkr7jhzas3Y1KHZI8CN8W8g/getUpdates "HTTP/1.1 200 OK"
2026-03-14 09:26:39,690 [INFO] httpx: HTTP Request: POST https://api.telegram.org/bot8611683567:AAFcLxkFz7jJSkr7jhzas3Y1KHZI8CN8W8g/getUpdates "HTTP/1.1 200 OK"
2026-03-14 09:49:00,117 [INFO] __main__: ✅ БД готова
2026-03-14 09:49:00,535 [INFO] apscheduler.scheduler: Adding job tentatively -- it will be properly scheduled when the scheduler starts
2026-03-14 09:49:00,536 [INFO] __main__: 🤖 Бот запущен!
2026-03-14 09:49:00,725 [INFO] httpx: HTTP Request: POST https://api.telegram.org/bot8611683567:AAFcLxkFz7jJSkr7jhzas3Y1KHZI8CN8W8g/getMe "HTTP/1.1 200 OK"
2026-03-14 09:49:00,727 [INFO] apscheduler.scheduler: Added job "main.<locals>.<lambda>" to job store "default"
2026-03-14 09:49:00,728 [INFO] apscheduler.scheduler: Scheduler started
2026-03-14 09:49:00,728 [INFO] __main__: ⏰ Планировщик: каждые 30 мин
2026-03-14 09:49:05,869 [INFO] httpx: HTTP Request: POST https://api.telegram.org/bot8611683567:AAFcLxkFz7jJSkr7jhzas3Y1KHZI8CN8W8g/sendMessage "HTTP/1.1 200 OK"
2026-03-14 09:49:05,870 [INFO] __main__: ▶️  Проверка [14.03.2026 09:49]
2026-03-14 09:49:12,688 [INFO] scrapers.novatours: Novatours: токен получен (03096e2114...)
2026-03-14 09:49:13,879 [INFO] scrapers.novatours: Novatours: 10 отелей с ценами
2026-03-14 09:49:18,789 [INFO] __main__: Novatours: 10 туров до фильтра
2026-03-14 09:49:18,790 [INFO] __main__: Итого до фильтра: 10
2026-03-14 09:49:18,858 [INFO] __main__: 🔥 Новых горящих: 10
2026-03-14 09:49:19,013 [INFO] httpx: HTTP Request: POST https://api.telegram.org/bot8611683567:AAFcLxkFz7jJSkr7jhzas3Y1KHZI8CN8W8g/sendPhoto "HTTP/1.1 200 OK"
2026-03-14 09:49:19,256 [INFO] httpx: HTTP Request: POST https://api.telegram.org/bot8611683567:AAFcLxkFz7jJSkr7jhzas3Y1KHZI8CN8W8g/sendPhoto "HTTP/1.1 200 OK"
2026-03-14 09:49:19,352 [INFO] httpx: HTTP Request: POST https://api.telegram.org/bot8611683567:AAFcLxkFz7jJSkr7jhzas3Y1KHZI8CN8W8g/deleteWebhook "HTTP/1.1 200 OK"
2026-03-14 09:49:19,353 [INFO] apscheduler.scheduler: Scheduler started
2026-03-14 09:49:19,354 [INFO] telegram.ext.Application: Application started
2026-03-14 09:49:26,629 [INFO] httpx: HTTP Request: POST https://api.telegram.org/bot8611683567:AAFcLxkFz7jJSkr7jhzas3Y1KHZI8CN8W8g/getUpdates "HTTP/1.1 200 OK"
2026-03-14 09:49:26,770 [INFO] httpx: HTTP Request: POST https://api.telegram.org/bot8611683567:AAFcLxkFz7jJSkr7jhzas3Y1KHZI8CN8W8g/sendMessage "HTTP/1.1 200 OK"
2026-03-14 09:49:27,731 [INFO] httpx: HTTP Request: POST https://api.telegram.org/bot8611683567:AAFcLxkFz7jJSkr7jhzas3Y1KHZI8CN8W8g/getUpdates "HTTP/1.1 200 OK"
2026-03-14 09:49:27,778 [INFO] httpx: HTTP Request: POST https://api.telegram.org/bot8611683567:AAFcLxkFz7jJSkr7jhzas3Y1KHZI8CN8W8g/answerCallbackQuery "HTTP/1.1 200 OK"
2026-03-14 09:49:27,867 [INFO] httpx: HTTP Request: POST https://api.telegram.org/bot8611683567:AAFcLxkFz7jJSkr7jhzas3Y1KHZI8CN8W8g/editMessageText "HTTP/1.1 200 OK"
2026-03-14 09:49:29,041 [INFO] httpx: HTTP Request: POST https://api.telegram.org/bot8611683567:AAFcLxkFz7jJSkr7jhzas3Y1KHZI8CN8W8g/getUpdates "HTTP/1.1 200 OK"
2026-03-14 09:49:29,100 [INFO] httpx: HTTP Request: POST https://api.telegram.org/bot8611683567:AAFcLxkFz7jJSkr7jhzas3Y1KHZI8CN8W8g/sendMessage "HTTP/1.1 200 OK"
2026-03-14 09:49:29,593 [INFO] scrapers.novatours: Novatours: 10 отелей с ценами
2026-03-14 09:49:30,150 [INFO] httpx: HTTP Request: POST https://api.telegram.org/bot8611683567:AAFcLxkFz7jJSkr7jhzas3Y1KHZI8CN8W8g/sendPhoto "HTTP/1.1 200 OK"
2026-03-14 09:49:30,314 [INFO] httpx: HTTP Request: POST https://api.telegram.org/bot8611683567:AAFcLxkFz7jJSkr7jhzas3Y1KHZI8CN8W8g/sendPhoto "HTTP/1.1 200 OK"
2026-03-14 09:49:30,402 [INFO] httpx: HTTP Request: POST https://api.telegram.org/bot8611683567:AAFcLxkFz7jJSkr7jhzas3Y1KHZI8CN8W8g/sendPhoto "HTTP/1.1 200 OK"
2026-03-14 09:49:30,491 [INFO] httpx: HTTP Request: POST https://api.telegram.org/bot8611683567:AAFcLxkFz7jJSkr7jhzas3Y1KHZI8CN8W8g/sendPhoto "HTTP/1.1 200 OK"
2026-03-14 09:49:30,562 [INFO] httpx: HTTP Request: POST https://api.telegram.org/bot8611683567:AAFcLxkFz7jJSkr7jhzas3Y1KHZI8CN8W8g/sendPhoto "HTTP/1.1 200 OK"
2026-03-14 09:49:39,078 [INFO] httpx: HTTP Request: POST https://api.telegram.org/bot8611683567:AAFcLxkFz7jJSkr7jhzas3Y1KHZI8CN8W8g/getUpdates "HTTP/1.1 200 OK"
2026-03-14 09:49:49,116 [INFO] httpx: HTTP Request: POST https://api.telegram.org/bot8611683567:AAFcLxkFz7jJSkr7jhzas3Y1KHZI8CN8W8g/getUpdates "HTTP/1.1 200 OK"
2026-03-14 09:49:59,157 [INFO] httpx: HTTP Request: POST https://api.telegram.org/bot8611683567:AAFcLxkFz7jJSkr7jhzas3Y1KHZI8CN8W8g/getUpdates "HTTP/1.1 200 OK"
2026-03-14 09:50:09,198 [INFO] httpx: HTTP Request: POST https://api.telegram.org/bot8611683567:AAFcLxkFz7jJSkr7jhzas3Y1KHZI8CN8W8g/getUpdates "HTTP/1.1 200 OK"
2026-03-14 09:50:19,240 [INFO] httpx: HTTP Request: POST https://api.telegram.org/bot8611683567:AAFcLxkFz7jJSkr7jhzas3Y1KHZI8CN8W8g/getUpdates "HTTP/1.1 200 OK"
2026-03-14 09:50:29,295 [INFO] httpx: HTTP Request: POST https://api.telegram.org/bot8611683567:AAFcLxkFz7jJSkr7jhzas3Y1KHZI8CN8W8g/getUpdates "HTTP/1.1 200 OK"
2026-03-14 09:50:39,333 [INFO] httpx: HTTP Request: POST https://api.telegram.org/bot8611683567:AAFcLxkFz7jJSkr7jhzas3Y1KHZI8CN8W8g/getUpdates "HTTP/1.1 200 OK"
2026-03-14 09:50:49,372 [INFO] httpx: HTTP Request: POST https://api.telegram.org/bot8611683567:AAFcLxkFz7jJSkr7jhzas3Y1KHZI8CN8W8g/getUpdates "HTTP/1.1 200 OK"
2026-03-14 09:50:59,410 [INFO] httpx: HTTP Request: POST https://api.telegram.org/bot8611683567:AAFcLxkFz7jJSkr7jhzas3Y1KHZI8CN8W8g/getUpdates "HTTP/1.1 200 OK"
2026-03-14 09:51:09,484 [INFO] httpx: HTTP Request: POST https://api.telegram.org/bot8611683567:AAFcLxkFz7jJSkr7jhzas3Y1KHZI8CN8W8g/getUpdates "HTTP/1.1 200 OK"
2026-03-14 09:51:19,526 [INFO] httpx: HTTP Request: POST https://api.telegram.org/bot8611683567:AAFcLxkFz7jJSkr7jhzas3Y1KHZI8CN8W8g/getUpdates "HTTP/1.1 200 OK"
2026-03-14 09:51:29,570 [INFO] httpx: HTTP Request: POST https://api.telegram.org/bot8611683567:AAFcLxkFz7jJSkr7jhzas3Y1KHZI8CN8W8g/getUpdates "HTTP/1.1 200 OK"
2026-03-14 09:51:39,614 [INFO] httpx: HTTP Request: POST https://api.telegram.org/bot8611683567:AAFcLxkFz7jJSkr7jhzas3Y1KHZI8CN8W8g/getUpdates "HTTP/1.1 200 OK"
2026-03-14 09:51:49,654 [INFO] httpx: HTTP Request: POST https://api.telegram.org/bot8611683567:AAFcLxkFz7jJSkr7jhzas3Y1KHZI8CN8W8g/getUpdates "HTTP/1.1 200 OK"
2026-03-14 09:51:59,692 [INFO] httpx: HTTP Request: POST https://api.telegram.org/bot8611683567:AAFcLxkFz7jJSkr7jhzas3Y1KHZI8CN8W8g/getUpdates "HTTP/1.1 200 OK"
2026-03-14 09:52:08,284 [INFO] __main__: ✅ БД готова
2026-03-14 09:52:08,731 [INFO] apscheduler.scheduler: Adding job tentatively -- it will be properly scheduled when the scheduler starts
2026-03-14 09:52:08,731 [INFO] __main__: 🤖 Бот запущен!
2026-03-14 09:52:08,890 [INFO] httpx: HTTP Request: POST https://api.telegram.org/bot8611683567:AAFcLxkFz7jJSkr7jhzas3Y1KHZI8CN8W8g/getMe "HTTP/1.1 200 OK"
2026-03-14 09:52:08,892 [INFO] apscheduler.scheduler: Added job "main.<locals>.<lambda>" to job store "default"
2026-03-14 09:52:08,892 [INFO] apscheduler.scheduler: Scheduler started
2026-03-14 09:52:08,892 [INFO] __main__: ⏰ Планировщик: каждые 30 мин
2026-03-14 09:52:14,025 [INFO] httpx: HTTP Request: POST https://api.telegram.org/bot8611683567:AAFcLxkFz7jJSkr7jhzas3Y1KHZI8CN8W8g/sendMessage "HTTP/1.1 200 OK"
2026-03-14 09:52:14,027 [INFO] __main__: ▶️  Проверка [14.03.2026 09:52]
2026-03-14 09:52:16,276 [ERROR] scrapers.teztour: TEZ Tour: ошибка запроса: Expecting value: line 1 column 1 (char 0)
2026-03-14 09:52:17,939 [INFO] scrapers.novatours: Novatours: токен получен (03096e2114...)
2026-03-14 09:52:18,536 [INFO] scrapers.novatours: Novatours: 10 отелей с ценами
2026-03-14 09:52:19,139 [INFO] __main__: Novatours: 10 туров до фильтра
2026-03-14 09:52:19,139 [INFO] __main__: Итого до фильтра: 10
2026-03-14 09:52:19,199 [INFO] __main__: 🔥 Новых горящих: 10
2026-03-14 09:52:19,364 [INFO] httpx: HTTP Request: POST https://api.telegram.org/bot8611683567:AAFcLxkFz7jJSkr7jhzas3Y1KHZI8CN8W8g/sendPhoto "HTTP/1.1 200 OK"
2026-03-14 09:52:19,518 [INFO] httpx: HTTP Request: POST https://api.telegram.org/bot8611683567:AAFcLxkFz7jJSkr7jhzas3Y1KHZI8CN8W8g/sendPhoto "HTTP/1.1 200 OK"
2026-03-14 09:52:19,687 [INFO] httpx: HTTP Request: POST https://api.telegram.org/bot8611683567:AAFcLxkFz7jJSkr7jhzas3Y1KHZI8CN8W8g/sendPhoto "HTTP/1.1 200 OK"
2026-03-14 09:52:19,834 [INFO] httpx: HTTP Request: POST https://api.telegram.org/bot8611683567:AAFcLxkFz7jJSkr7jhzas3Y1KHZI8CN8W8g/sendPhoto "HTTP/1.1 200 OK"
2026-03-14 09:52:19,979 [INFO] httpx: HTTP Request: POST https://api.telegram.org/bot8611683567:AAFcLxkFz7jJSkr7jhzas3Y1KHZI8CN8W8g/sendPhoto "HTTP/1.1 200 OK"
2026-03-14 09:52:20,067 [INFO] httpx: HTTP Request: POST https://api.telegram.org/bot8611683567:AAFcLxkFz7jJSkr7jhzas3Y1KHZI8CN8W8g/deleteWebhook "HTTP/1.1 200 OK"
2026-03-14 09:52:20,075 [INFO] apscheduler.scheduler: Scheduler started
2026-03-14 09:52:20,075 [INFO] telegram.ext.Application: Application started
2026-03-14 09:52:30,182 [INFO] httpx: HTTP Request: POST https://api.telegram.org/bot8611683567:AAFcLxkFz7jJSkr7jhzas3Y1KHZI8CN8W8g/getUpdates "HTTP/1.1 200 OK"
2026-03-14 09:52:40,220 [INFO] httpx: HTTP Request: POST https://api.telegram.org/bot8611683567:AAFcLxkFz7jJSkr7jhzas3Y1KHZI8CN8W8g/getUpdates "HTTP/1.1 200 OK"
2026-03-14 09:52:50,257 [INFO] httpx: HTTP Request: POST https://api.telegram.org/bot8611683567:AAFcLxkFz7jJSkr7jhzas3Y1KHZI8CN8W8g/getUpdates "HTTP/1.1 200 OK"
2026-03-14 09:53:00,296 [INFO] httpx: HTTP Request: POST https://api.telegram.org/bot8611683567:AAFcLxkFz7jJSkr7jhzas3Y1KHZI8CN8W8g/getUpdates "HTTP/1.1 200 OK"
2026-03-14 09:53:10,335 [INFO] httpx: HTTP Request: POST https://api.telegram.org/bot8611683567:AAFcLxkFz7jJSkr7jhzas3Y1KHZI8CN8W8g/getUpdates "HTTP/1.1 200 OK"
2026-03-14 09:53:20,369 [INFO] httpx: HTTP Request: POST https://api.telegram.org/bot8611683567:AAFcLxkFz7jJSkr7jhzas3Y1KHZI8CN8W8g/getUpdates "HTTP/1.1 200 OK"
2026-03-14 09:53:30,407 [INFO] httpx: HTTP Request: POST https://api.telegram.org/bot8611683567:AAFcLxkFz7jJSkr7jhzas3Y1KHZI8CN8W8g/getUpdates "HTTP/1.1 200 OK"
2026-03-14 09:53:40,444 [INFO] httpx: HTTP Request: POST https://api.telegram.org/bot8611683567:AAFcLxkFz7jJSkr7jhzas3Y1KHZI8CN8W8g/getUpdates "HTTP/1.1 200 OK"
2026-03-14 09:53:50,481 [INFO] httpx: HTTP Request: POST https://api.telegram.org/bot8611683567:AAFcLxkFz7jJSkr7jhzas3Y1KHZI8CN8W8g/getUpdates "HTTP/1.1 200 OK"
2026-03-14 09:54:00,521 [INFO] httpx: HTTP Request: POST https://api.telegram.org/bot8611683567:AAFcLxkFz7jJSkr7jhzas3Y1KHZI8CN8W8g/getUpdates "HTTP/1.1 200 OK"
2026-03-14 09:54:10,559 [INFO] httpx: HTTP Request: POST https://api.telegram.org/bot8611683567:AAFcLxkFz7jJSkr7jhzas3Y1KHZI8CN8W8g/getUpdates "HTTP/1.1 200 OK"
2026-03-14 09:54:20,599 [INFO] httpx: HTTP Request: POST https://api.telegram.org/bot8611683567:AAFcLxkFz7jJSkr7jhzas3Y1KHZI8CN8W8g/getUpdates "HTTP/1.1 200 OK"
2026-03-14 09:54:30,635 [INFO] httpx: HTTP Request: POST https://api.telegram.org/bot8611683567:AAFcLxkFz7jJSkr7jhzas3Y1KHZI8CN8W8g/getUpdates "HTTP/1.1 200 OK"
2026-03-14 09:54:40,669 [INFO] httpx: HTTP Request: POST https://api.telegram.org/bot8611683567:AAFcLxkFz7jJSkr7jhzas3Y1KHZI8CN8W8g/getUpdates "HTTP/1.1 200 OK"
2026-03-14 09:54:50,706 [INFO] httpx: HTTP Request: POST https://api.telegram.org/bot8611683567:AAFcLxkFz7jJSkr7jhzas3Y1KHZI8CN8W8g/getUpdates "HTTP/1.1 200 OK"
2026-03-14 09:55:00,746 [INFO] httpx: HTTP Request: POST https://api.telegram.org/bot8611683567:AAFcLxkFz7jJSkr7jhzas3Y1KHZI8CN8W8g/getUpdates "HTTP/1.1 200 OK"
2026-03-14 09:55:10,785 [INFO] httpx: HTTP Request: POST https://api.telegram.org/bot8611683567:AAFcLxkFz7jJSkr7jhzas3Y1KHZI8CN8W8g/getUpdates "HTTP/1.1 200 OK"
2026-03-14 09:55:20,820 [INFO] httpx: HTTP Request: POST https://api.telegram.org/bot8611683567:AAFcLxkFz7jJSkr7jhzas3Y1KHZI8CN8W8g/getUpdates "HTTP/1.1 200 OK"
2026-03-14 09:55:30,861 [INFO] httpx: HTTP Request: POST https://api.telegram.org/bot8611683567:AAFcLxkFz7jJSkr7jhzas3Y1KHZI8CN8W8g/getUpdates "HTTP/1.1 200 OK"
2026-03-14 09:55:40,900 [INFO] httpx: HTTP Request: POST https://api.telegram.org/bot8611683567:AAFcLxkFz7jJSkr7jhzas3Y1KHZI8CN8W8g/getUpdates "HTTP/1.1 200 OK"
2026-03-14 09:55:50,935 [INFO] httpx: HTTP Request: POST https://api.telegram.org/bot8611683567:AAFcLxkFz7jJSkr7jhzas3Y1KHZI8CN8W8g/getUpdates "HTTP/1.1 200 OK"
2026-03-14 09:56:00,975 [INFO] httpx: HTTP Request: POST https://api.telegram.org/bot8611683567:AAFcLxkFz7jJSkr7jhzas3Y1KHZI8CN8W8g/getUpdates "HTTP/1.1 200 OK"
2026-03-14 09:56:11,011 [INFO] httpx: HTTP Request: POST https://api.telegram.org/bot8611683567:AAFcLxkFz7jJSkr7jhzas3Y1KHZI8CN8W8g/getUpdates "HTTP/1.1 200 OK"
2026-03-14 09:56:21,055 [INFO] httpx: HTTP Request: POST https://api.telegram.org/bot8611683567:AAFcLxkFz7jJSkr7jhzas3Y1KHZI8CN8W8g/getUpdates "HTTP/1.1 200 OK"
2026-03-14 09:56:31,206 [INFO] httpx: HTTP Request: POST https://api.telegram.org/bot8611683567:AAFcLxkFz7jJSkr7jhzas3Y1KHZI8CN8W8g/getUpdates "HTTP/1.1 200 OK"
2026-03-14 09:56:41,243 [INFO] httpx: HTTP Request: POST https://api.telegram.org/bot8611683567:AAFcLxkFz7jJSkr7jhzas3Y1KHZI8CN8W8g/getUpdates "HTTP/1.1 200 OK"
2026-03-14 09:56:51,280 [INFO] httpx: HTTP Request: POST https://api.telegram.org/bot8611683567:AAFcLxkFz7jJSkr7jhzas3Y1KHZI8CN8W8g/getUpdates "HTTP/1.1 200 OK"
2026-03-14 09:57:01,318 [INFO] httpx: HTTP Request: POST https://api.telegram.org/bot8611683567:AAFcLxkFz7jJSkr7jhzas3Y1KHZI8CN8W8g/getUpdates "HTTP/1.1 200 OK"
2026-03-14 09:57:11,353 [INFO] httpx: HTTP Request: POST https://api.telegram.org/bot8611683567:AAFcLxkFz7jJSkr7jhzas3Y1KHZI8CN8W8g/getUpdates "HTTP/1.1 200 OK"
2026-03-14 09:57:21,391 [INFO] httpx: HTTP Request: POST https://api.telegram.org/bot8611683567:AAFcLxkFz7jJSkr7jhzas3Y1KHZI8CN8W8g/getUpdates "HTTP/1.1 200 OK"
2026-03-14 09:57:31,430 [INFO] httpx: HTTP Request: POST https://api.telegram.org/bot8611683567:AAFcLxkFz7jJSkr7jhzas3Y1KHZI8CN8W8g/getUpdates "HTTP/1.1 200 OK"
2026-03-14 09:57:41,468 [INFO] httpx: HTTP Request: POST https://api.telegram.org/bot8611683567:AAFcLxkFz7jJSkr7jhzas3Y1KHZI8CN8W8g/getUpdates "HTTP/1.1 200 OK"
2026-03-14 09:57:51,507 [INFO] httpx: HTTP Request: POST https://api.telegram.org/bot8611683567:AAFcLxkFz7jJSkr7jhzas3Y1KHZI8CN8W8g/getUpdates "HTTP/1.1 200 OK"
2026-03-14 09:58:01,543 [INFO] httpx: HTTP Request: POST https://api.telegram.org/bot8611683567:AAFcLxkFz7jJSkr7jhzas3Y1KHZI8CN8W8g/getUpdates "HTTP/1.1 200 OK"
2026-03-14 09:58:11,578 [INFO] httpx: HTTP Request: POST https://api.telegram.org/bot8611683567:AAFcLxkFz7jJSkr7jhzas3Y1KHZI8CN8W8g/getUpdates "HTTP/1.1 200 OK"
2026-03-14 09:58:21,621 [INFO] httpx: HTTP Request: POST https://api.telegram.org/bot8611683567:AAFcLxkFz7jJSkr7jhzas3Y1KHZI8CN8W8g/getUpdates "HTTP/1.1 200 OK"
2026-03-14 09:58:31,656 [INFO] httpx: HTTP Request: POST https://api.telegram.org/bot8611683567:AAFcLxkFz7jJSkr7jhzas3Y1KHZI8CN8W8g/getUpdates "HTTP/1.1 200 OK"
2026-03-14 09:58:41,692 [INFO] httpx: HTTP Request: POST https://api.telegram.org/bot8611683567:AAFcLxkFz7jJSkr7jhzas3Y1KHZI8CN8W8g/getUpdates "HTTP/1.1 200 OK"
2026-03-14 09:58:51,731 [INFO] httpx: HTTP Request: POST https://api.telegram.org/bot8611683567:AAFcLxkFz7jJSkr7jhzas3Y1KHZI8CN8W8g/getUpdates "HTTP/1.1 200 OK"
2026-03-14 09:59:01,765 [INFO] httpx: HTTP Request: POST https://api.telegram.org/bot8611683567:AAFcLxkFz7jJSkr7jhzas3Y1KHZI8CN8W8g/getUpdates "HTTP/1.1 200 OK"
2026-03-14 09:59:11,801 [INFO] httpx: HTTP Request: POST https://api.telegram.org/bot8611683567:AAFcLxkFz7jJSkr7jhzas3Y1KHZI8CN8W8g/getUpdates "HTTP/1.1 200 OK"
2026-03-14 09:59:21,838 [INFO] httpx: HTTP Request: POST https://api.telegram.org/bot8611683567:AAFcLxkFz7jJSkr7jhzas3Y1KHZI8CN8W8g/getUpdates "HTTP/1.1 200 OK"
2026-03-14 09:59:31,872 [INFO] httpx: HTTP Request: POST https://api.telegram.org/bot8611683567:AAFcLxkFz7jJSkr7jhzas3Y1KHZI8CN8W8g/getUpdates "HTTP/1.1 200 OK"
2026-03-14 09:59:41,910 [INFO] httpx: HTTP Request: POST https://api.telegram.org/bot8611683567:AAFcLxkFz7jJSkr7jhzas3Y1KHZI8CN8W8g/getUpdates "HTTP/1.1 200 OK"
2026-03-14 09:59:51,946 [INFO] httpx: HTTP Request: POST https://api.telegram.org/bot8611683567:AAFcLxkFz7jJSkr7jhzas3Y1KHZI8CN8W8g/getUpdates "HTTP/1.1 200 OK"
2026-03-14 10:00:01,986 [INFO] httpx: HTTP Request: POST https://api.telegram.org/bot8611683567:AAFcLxkFz7jJSkr7jhzas3Y1KHZI8CN8W8g/getUpdates "HTTP/1.1 200 OK"
2026-03-14 10:00:12,024 [INFO] httpx: HTTP Request: POST https://api.telegram.org/bot8611683567:AAFcLxkFz7jJSkr7jhzas3Y1KHZI8CN8W8g/getUpdates "HTTP/1.1 200 OK"
2026-03-14 10:00:22,063 [INFO] httpx: HTTP Request: POST https://api.telegram.org/bot8611683567:AAFcLxkFz7jJSkr7jhzas3Y1KHZI8CN8W8g/getUpdates "HTTP/1.1 200 OK"
2026-03-14 10:00:32,133 [INFO] httpx: HTTP Request: POST https://api.telegram.org/bot8611683567:AAFcLxkFz7jJSkr7jhzas3Y1KHZI8CN8W8g/getUpdates "HTTP/1.1 200 OK"
2026-03-14 10:00:42,169 [INFO] httpx: HTTP Request: POST https://api.telegram.org/bot8611683567:AAFcLxkFz7jJSkr7jhzas3Y1KHZI8CN8W8g/getUpdates "HTTP/1.1 200 OK"
2026-03-14 10:00:52,203 [INFO] httpx: HTTP Request: POST https://api.telegram.org/bot8611683567:AAFcLxkFz7jJSkr7jhzas3Y1KHZI8CN8W8g/getUpdates "HTTP/1.1 200 OK"
2026-03-14 10:01:02,242 [INFO] httpx: HTTP Request: POST https://api.telegram.org/bot8611683567:AAFcLxkFz7jJSkr7jhzas3Y1KHZI8CN8W8g/getUpdates "HTTP/1.1 200 OK"
2026-03-14 10:01:12,278 [INFO] httpx: HTTP Request: POST https://api.telegram.org/bot8611683567:AAFcLxkFz7jJSkr7jhzas3Y1KHZI8CN8W8g/getUpdates "HTTP/1.1 200 OK"
2026-03-14 10:01:22,317 [INFO] httpx: HTTP Request: POST https://api.telegram.org/bot8611683567:AAFcLxkFz7jJSkr7jhzas3Y1KHZI8CN8W8g/getUpdates "HTTP/1.1 200 OK"
2026-03-14 10:01:32,355 [INFO] httpx: HTTP Request: POST https://api.telegram.org/bot8611683567:AAFcLxkFz7jJSkr7jhzas3Y1KHZI8CN8W8g/getUpdates "HTTP/1.1 200 OK"
2026-03-14 10:01:42,391 [INFO] httpx: HTTP Request: POST https://api.telegram.org/bot8611683567:AAFcLxkFz7jJSkr7jhzas3Y1KHZI8CN8W8g/getUpdates "HTTP/1.1 200 OK"
2026-03-14 10:01:52,430 [INFO] httpx: HTTP Request: POST https://api.telegram.org/bot8611683567:AAFcLxkFz7jJSkr7jhzas3Y1KHZI8CN8W8g/getUpdates "HTTP/1.1 200 OK"
2026-03-14 10:02:02,469 [INFO] httpx: HTTP Request: POST https://api.telegram.org/bot8611683567:AAFcLxkFz7jJSkr7jhzas3Y1KHZI8CN8W8g/getUpdates "HTTP/1.1 200 OK"
2026-03-14 10:02:12,509 [INFO] httpx: HTTP Request: POST https://api.telegram.org/bot8611683567:AAFcLxkFz7jJSkr7jhzas3Y1KHZI8CN8W8g/getUpdates "HTTP/1.1 200 OK"
2026-03-14 10:02:22,641 [INFO] httpx: HTTP Request: POST https://api.telegram.org/bot8611683567:AAFcLxkFz7jJSkr7jhzas3Y1KHZI8CN8W8g/getUpdates "HTTP/1.1 200 OK"
2026-03-14 10:02:32,691 [INFO] httpx: HTTP Request: POST https://api.telegram.org/bot8611683567:AAFcLxkFz7jJSkr7jhzas3Y1KHZI8CN8W8g/getUpdates "HTTP/1.1 200 OK"
2026-03-14 10:02:42,742 [INFO] httpx: HTTP Request: POST https://api.telegram.org/bot8611683567:AAFcLxkFz7jJSkr7jhzas3Y1KHZI8CN8W8g/getUpdates "HTTP/1.1 200 OK"
2026-03-14 10:02:52,836 [INFO] httpx: HTTP Request: POST https://api.telegram.org/bot8611683567:AAFcLxkFz7jJSkr7jhzas3Y1KHZI8CN8W8g/getUpdates "HTTP/1.1 200 OK"
2026-03-14 10:03:02,973 [INFO] httpx: HTTP Request: POST https://api.telegram.org/bot8611683567:AAFcLxkFz7jJSkr7jhzas3Y1KHZI8CN8W8g/getUpdates "HTTP/1.1 200 OK"
2026-03-14 10:03:13,110 [INFO] httpx: HTTP Request: POST https://api.telegram.org/bot8611683567:AAFcLxkFz7jJSkr7jhzas3Y1KHZI8CN8W8g/getUpdates "HTTP/1.1 200 OK"
2026-03-14 10:03:23,248 [INFO] httpx: HTTP Request: POST https://api.telegram.org/bot8611683567:AAFcLxkFz7jJSkr7jhzas3Y1KHZI8CN8W8g/getUpdates "HTTP/1.1 200 OK"
2026-03-14 10:03:33,295 [INFO] httpx: HTTP Request: POST https://api.telegram.org/bot8611683567:AAFcLxkFz7jJSkr7jhzas3Y1KHZI8CN8W8g/getUpdates "HTTP/1.1 200 OK"
2026-03-14 10:03:43,340 [INFO] httpx: HTTP Request: POST https://api.telegram.org/bot8611683567:AAFcLxkFz7jJSkr7jhzas3Y1KHZI8CN8W8g/getUpdates "HTTP/1.1 200 OK"
2026-03-14 10:03:53,383 [INFO] httpx: HTTP Request: POST https://api.telegram.org/bot8611683567:AAFcLxkFz7jJSkr7jhzas3Y1KHZI8CN8W8g/getUpdates "HTTP/1.1 200 OK"
2026-03-14 10:04:03,491 [INFO] httpx: HTTP Request: POST https://api.telegram.org/bot8611683567:AAFcLxkFz7jJSkr7jhzas3Y1KHZI8CN8W8g/getUpdates "HTTP/1.1 200 OK"
2026-03-14 10:04:13,629 [INFO] httpx: HTTP Request: POST https://api.telegram.org/bot8611683567:AAFcLxkFz7jJSkr7jhzas3Y1KHZI8CN8W8g/getUpdates "HTTP/1.1 200 OK"
2026-03-14 10:04:23,670 [INFO] httpx: HTTP Request: POST https://api.telegram.org/bot8611683567:AAFcLxkFz7jJSkr7jhzas3Y1KHZI8CN8W8g/getUpdates "HTTP/1.1 200 OK"
2026-03-14 10:04:33,716 [INFO] httpx: HTTP Request: POST https://api.telegram.org/bot8611683567:AAFcLxkFz7jJSkr7jhzas3Y1KHZI8CN8W8g/getUpdates "HTTP/1.1 200 OK"
2026-03-14 10:04:43,837 [INFO] httpx: HTTP Request: POST https://api.telegram.org/bot8611683567:AAFcLxkFz7jJSkr7jhzas3Y1KHZI8CN8W8g/getUpdates "HTTP/1.1 200 OK"
2026-03-14 10:04:53,887 [INFO] httpx: HTTP Request: POST https://api.telegram.org/bot8611683567:AAFcLxkFz7jJSkr7jhzas3Y1KHZI8CN8W8g/getUpdates "HTTP/1.1 200 OK"
2026-03-14 10:05:03,926 [INFO] httpx: HTTP Request: POST https://api.telegram.org/bot8611683567:AAFcLxkFz7jJSkr7jhzas3Y1KHZI8CN8W8g/getUpdates "HTTP/1.1 200 OK"
2026-03-14 10:05:13,973 [INFO] httpx: HTTP Request: POST https://api.telegram.org/bot8611683567:AAFcLxkFz7jJSkr7jhzas3Y1KHZI8CN8W8g/getUpdates "HTTP/1.1 200 OK"
2026-03-14 10:05:24,013 [INFO] httpx: HTTP Request: POST https://api.telegram.org/bot8611683567:AAFcLxkFz7jJSkr7jhzas3Y1KHZI8CN8W8g/getUpdates "HTTP/1.1 200 OK"
2026-03-14 10:05:34,050 [INFO] httpx: HTTP Request: POST https://api.telegram.org/bot8611683567:AAFcLxkFz7jJSkr7jhzas3Y1KHZI8CN8W8g/getUpdates "HTTP/1.1 200 OK"
2026-03-14 10:05:44,154 [INFO] httpx: HTTP Request: POST https://api.telegram.org/bot8611683567:AAFcLxkFz7jJSkr7jhzas3Y1KHZI8CN8W8g/getUpdates "HTTP/1.1 200 OK"
2026-03-14 10:05:54,291 [INFO] httpx: HTTP Request: POST https://api.telegram.org/bot8611683567:AAFcLxkFz7jJSkr7jhzas3Y1KHZI8CN8W8g/getUpdates "HTTP/1.1 200 OK"
2026-03-14 10:06:04,347 [INFO] httpx: HTTP Request: POST https://api.telegram.org/bot8611683567:AAFcLxkFz7jJSkr7jhzas3Y1KHZI8CN8W8g/getUpdates "HTTP/1.1 200 OK"
2026-03-14 10:06:14,386 [INFO] httpx: HTTP Request: POST https://api.telegram.org/bot8611683567:AAFcLxkFz7jJSkr7jhzas3Y1KHZI8CN8W8g/getUpdates "HTTP/1.1 200 OK"
2026-03-14 10:06:24,422 [INFO] httpx: HTTP Request: POST https://api.telegram.org/bot8611683567:AAFcLxkFz7jJSkr7jhzas3Y1KHZI8CN8W8g/getUpdates "HTTP/1.1 200 OK"
2026-03-14 10:06:34,483 [INFO] httpx: HTTP Request: POST https://api.telegram.org/bot8611683567:AAFcLxkFz7jJSkr7jhzas3Y1KHZI8CN8W8g/getUpdates "HTTP/1.1 200 OK"
2026-03-14 10:06:44,526 [INFO] httpx: HTTP Request: POST https://api.telegram.org/bot8611683567:AAFcLxkFz7jJSkr7jhzas3Y1KHZI8CN8W8g/getUpdates "HTTP/1.1 200 OK"
2026-03-14 10:06:54,562 [INFO] httpx: HTTP Request: POST https://api.telegram.org/bot8611683567:AAFcLxkFz7jJSkr7jhzas3Y1KHZI8CN8W8g/getUpdates "HTTP/1.1 200 OK"
2026-03-14 10:07:04,602 [INFO] httpx: HTTP Request: POST https://api.telegram.org/bot8611683567:AAFcLxkFz7jJSkr7jhzas3Y1KHZI8CN8W8g/getUpdates "HTTP/1.1 200 OK"
2026-03-14 10:07:14,659 [INFO] httpx: HTTP Request: POST https://api.telegram.org/bot8611683567:AAFcLxkFz7jJSkr7jhzas3Y1KHZI8CN8W8g/getUpdates "HTTP/1.1 200 OK"
2026-03-14 10:07:24,698 [INFO] httpx: HTTP Request: POST https://api.telegram.org/bot8611683567:AAFcLxkFz7jJSkr7jhzas3Y1KHZI8CN8W8g/getUpdates "HTTP/1.1 200 OK"
2026-03-14 10:07:34,749 [INFO] httpx: HTTP Request: POST https://api.telegram.org/bot8611683567:AAFcLxkFz7jJSkr7jhzas3Y1KHZI8CN8W8g/getUpdates "HTTP/1.1 200 OK"
2026-03-14 10:07:44,808 [INFO] httpx: HTTP Request: POST https://api.telegram.org/bot8611683567:AAFcLxkFz7jJSkr7jhzas3Y1KHZI8CN8W8g/getUpdates "HTTP/1.1 200 OK"
2026-03-14 10:07:54,852 [INFO] httpx: HTTP Request: POST https://api.telegram.org/bot8611683567:AAFcLxkFz7jJSkr7jhzas3Y1KHZI8CN8W8g/getUpdates "HTTP/1.1 200 OK"
2026-03-14 10:08:04,916 [INFO] httpx: HTTP Request: POST https://api.telegram.org/bot8611683567:AAFcLxkFz7jJSkr7jhzas3Y1KHZI8CN8W8g/getUpdates "HTTP/1.1 200 OK"
2026-03-14 10:08:14,969 [INFO] httpx: HTTP Request: POST https://api.telegram.org/bot8611683567:AAFcLxkFz7jJSkr7jhzas3Y1KHZI8CN8W8g/getUpdates "HTTP/1.1 200 OK"
2026-03-14 10:08:25,108 [INFO] httpx: HTTP Request: POST https://api.telegram.org/bot8611683567:AAFcLxkFz7jJSkr7jhzas3Y1KHZI8CN8W8g/getUpdates "HTTP/1.1 200 OK"
2026-03-14 10:08:35,149 [INFO] httpx: HTTP Request: POST https://api.telegram.org/bot8611683567:AAFcLxkFz7jJSkr7jhzas3Y1KHZI8CN8W8g/getUpdates "HTTP/1.1 200 OK"
2026-03-14 10:08:45,204 [INFO] httpx: HTTP Request: POST https://api.telegram.org/bot8611683567:AAFcLxkFz7jJSkr7jhzas3Y1KHZI8CN8W8g/getUpdates "HTTP/1.1 200 OK"
2026-03-14 10:08:55,241 [INFO] httpx: HTTP Request: POST https://api.telegram.org/bot8611683567:AAFcLxkFz7jJSkr7jhzas3Y1KHZI8CN8W8g/getUpdates "HTTP/1.1 200 OK"
2026-03-14 10:09:05,280 [INFO] httpx: HTTP Request: POST https://api.telegram.org/bot8611683567:AAFcLxkFz7jJSkr7jhzas3Y1KHZI8CN8W8g/getUpdates "HTTP/1.1 200 OK"
2026-03-14 10:09:15,435 [INFO] httpx: HTTP Request: POST https://api.telegram.org/bot8611683567:AAFcLxkFz7jJSkr7jhzas3Y1KHZI8CN8W8g/getUpdates "HTTP/1.1 200 OK"
2026-03-14 10:09:25,470 [INFO] httpx: HTTP Request: POST https://api.telegram.org/bot8611683567:AAFcLxkFz7jJSkr7jhzas3Y1KHZI8CN8W8g/getUpdates "HTTP/1.1 200 OK"
2026-03-14 10:09:35,509 [INFO] httpx: HTTP Request: POST https://api.telegram.org/bot8611683567:AAFcLxkFz7jJSkr7jhzas3Y1KHZI8CN8W8g/getUpdates "HTTP/1.1 200 OK"
2026-03-14 10:09:45,550 [INFO] httpx: HTTP Request: POST https://api.telegram.org/bot8611683567:AAFcLxkFz7jJSkr7jhzas3Y1KHZI8CN8W8g/getUpdates "HTTP/1.1 200 OK"
2026-03-14 10:09:55,590 [INFO] httpx: HTTP Request: POST https://api.telegram.org/bot8611683567:AAFcLxkFz7jJSkr7jhzas3Y1KHZI8CN8W8g/getUpdates "HTTP/1.1 200 OK"
2026-03-14 10:10:05,628 [INFO] httpx: HTTP Request: POST https://api.telegram.org/bot8611683567:AAFcLxkFz7jJSkr7jhzas3Y1KHZI8CN8W8g/getUpdates "HTTP/1.1 200 OK"
2026-03-14 10:10:15,669 [INFO] httpx: HTTP Request: POST https://api.telegram.org/bot8611683567:AAFcLxkFz7jJSkr7jhzas3Y1KHZI8CN8W8g/getUpdates "HTTP/1.1 200 OK"
2026-03-14 10:10:25,703 [INFO] httpx: HTTP Request: POST https://api.telegram.org/bot8611683567:AAFcLxkFz7jJSkr7jhzas3Y1KHZI8CN8W8g/getUpdates "HTTP/1.1 200 OK"
2026-03-14 10:10:35,741 [INFO] httpx: HTTP Request: POST https://api.telegram.org/bot8611683567:AAFcLxkFz7jJSkr7jhzas3Y1KHZI8CN8W8g/getUpdates "HTTP/1.1 200 OK"
2026-03-14 10:10:45,785 [INFO] httpx: HTTP Request: POST https://api.telegram.org/bot8611683567:AAFcLxkFz7jJSkr7jhzas3Y1KHZI8CN8W8g/getUpdates "HTTP/1.1 200 OK"
2026-03-14 10:10:55,825 [INFO] httpx: HTTP Request: POST https://api.telegram.org/bot8611683567:AAFcLxkFz7jJSkr7jhzas3Y1KHZI8CN8W8g/getUpdates "HTTP/1.1 200 OK"
2026-03-14 10:11:05,866 [INFO] httpx: HTTP Request: POST https://api.telegram.org/bot8611683567:AAFcLxkFz7jJSkr7jhzas3Y1KHZI8CN8W8g/getUpdates "HTTP/1.1 200 OK"
2026-03-14 10:11:15,905 [INFO] httpx: HTTP Request: POST https://api.telegram.org/bot8611683567:AAFcLxkFz7jJSkr7jhzas3Y1KHZI8CN8W8g/getUpdates "HTTP/1.1 200 OK"
2026-03-14 10:11:25,943 [INFO] httpx: HTTP Request: POST https://api.telegram.org/bot8611683567:AAFcLxkFz7jJSkr7jhzas3Y1KHZI8CN8W8g/getUpdates "HTTP/1.1 200 OK"
2026-03-14 10:11:36,023 [INFO] httpx: HTTP Request: POST https://api.telegram.org/bot8611683567:AAFcLxkFz7jJSkr7jhzas3Y1KHZI8CN8W8g/getUpdates "HTTP/1.1 200 OK"
2026-03-14 10:11:46,060 [INFO] httpx: HTTP Request: POST https://api.telegram.org/bot8611683567:AAFcLxkFz7jJSkr7jhzas3Y1KHZI8CN8W8g/getUpdates "HTTP/1.1 200 OK"
2026-03-14 10:11:56,101 [INFO] httpx: HTTP Request: POST https://api.telegram.org/bot8611683567:AAFcLxkFz7jJSkr7jhzas3Y1KHZI8CN8W8g/getUpdates "HTTP/1.1 200 OK"
2026-03-14 10:12:06,145 [INFO] httpx: HTTP Request: POST https://api.telegram.org/bot8611683567:AAFcLxkFz7jJSkr7jhzas3Y1KHZI8CN8W8g/getUpdates "HTTP/1.1 200 OK"
2026-03-14 10:12:16,200 [INFO] httpx: HTTP Request: POST https://api.telegram.org/bot8611683567:AAFcLxkFz7jJSkr7jhzas3Y1KHZI8CN8W8g/getUpdates "HTTP/1.1 200 OK"
2026-03-14 10:12:26,236 [INFO] httpx: HTTP Request: POST https://api.telegram.org/bot8611683567:AAFcLxkFz7jJSkr7jhzas3Y1KHZI8CN8W8g/getUpdates "HTTP/1.1 200 OK"
2026-03-14 10:12:36,302 [INFO] httpx: HTTP Request: POST https://api.telegram.org/bot8611683567:AAFcLxkFz7jJSkr7jhzas3Y1KHZI8CN8W8g/getUpdates "HTTP/1.1 200 OK"
2026-03-14 10:12:46,345 [INFO] httpx: HTTP Request: POST https://api.telegram.org/bot8611683567:AAFcLxkFz7jJSkr7jhzas3Y1KHZI8CN8W8g/getUpdates "HTTP/1.1 200 OK"
2026-03-14 10:12:56,380 [INFO] httpx: HTTP Request: POST https://api.telegram.org/bot8611683567:AAFcLxkFz7jJSkr7jhzas3Y1KHZI8CN8W8g/getUpdates "HTTP/1.1 200 OK"
2026-03-14 10:13:06,419 [INFO] httpx: HTTP Request: POST https://api.telegram.org/bot8611683567:AAFcLxkFz7jJSkr7jhzas3Y1KHZI8CN8W8g/getUpdates "HTTP/1.1 200 OK"
2026-03-14 10:13:16,461 [INFO] httpx: HTTP Request: POST https://api.telegram.org/bot8611683567:AAFcLxkFz7jJSkr7jhzas3Y1KHZI8CN8W8g/getUpdates "HTTP/1.1 200 OK"
2026-03-14 10:13:26,511 [INFO] httpx: HTTP Request: POST https://api.telegram.org/bot8611683567:AAFcLxkFz7jJSkr7jhzas3Y1KHZI8CN8W8g/getUpdates "HTTP/1.1 200 OK"
2026-03-14 10:13:36,552 [INFO] httpx: HTTP Request: POST https://api.telegram.org/bot8611683567:AAFcLxkFz7jJSkr7jhzas3Y1KHZI8CN8W8g/getUpdates "HTTP/1.1 200 OK"
2026-03-14 10:13:46,591 [INFO] httpx: HTTP Request: POST https://api.telegram.org/bot8611683567:AAFcLxkFz7jJSkr7jhzas3Y1KHZI8CN8W8g/getUpdates "HTTP/1.1 200 OK"
2026-03-14 10:13:56,633 [INFO] httpx: HTTP Request: POST https://api.telegram.org/bot8611683567:AAFcLxkFz7jJSkr7jhzas3Y1KHZI8CN8W8g/getUpdates "HTTP/1.1 200 OK"
2026-03-14 10:14:06,672 [INFO] httpx: HTTP Request: POST https://api.telegram.org/bot8611683567:AAFcLxkFz7jJSkr7jhzas3Y1KHZI8CN8W8g/getUpdates "HTTP/1.1 200 OK"
2026-03-14 10:14:16,726 [INFO] httpx: HTTP Request: POST https://api.telegram.org/bot8611683567:AAFcLxkFz7jJSkr7jhzas3Y1KHZI8CN8W8g/getUpdates "HTTP/1.1 200 OK"
2026-03-14 10:14:26,764 [INFO] httpx: HTTP Request: POST https://api.telegram.org/bot8611683567:AAFcLxkFz7jJSkr7jhzas3Y1KHZI8CN8W8g/getUpdates "HTTP/1.1 200 OK"
2026-03-14 10:14:36,800 [INFO] httpx: HTTP Request: POST https://api.telegram.org/bot8611683567:AAFcLxkFz7jJSkr7jhzas3Y1KHZI8CN8W8g/getUpdates "HTTP/1.1 200 OK"
2026-03-14 10:14:46,839 [INFO] httpx: HTTP Request: POST https://api.telegram.org/bot8611683567:AAFcLxkFz7jJSkr7jhzas3Y1KHZI8CN8W8g/getUpdates "HTTP/1.1 200 OK"
2026-03-14 10:14:56,878 [INFO] httpx: HTTP Request: POST https://api.telegram.org/bot8611683567:AAFcLxkFz7jJSkr7jhzas3Y1KHZI8CN8W8g/getUpdates "HTTP/1.1 200 OK"
2026-03-14 10:15:06,920 [INFO] httpx: HTTP Request: POST https://api.telegram.org/bot8611683567:AAFcLxkFz7jJSkr7jhzas3Y1KHZI8CN8W8g/getUpdates "HTTP/1.1 200 OK"
2026-03-14 10:15:16,981 [INFO] httpx: HTTP Request: POST https://api.telegram.org/bot8611683567:AAFcLxkFz7jJSkr7jhzas3Y1KHZI8CN8W8g/getUpdates "HTTP/1.1 200 OK"
2026-03-14 10:15:27,038 [INFO] httpx: HTTP Request: POST https://api.telegram.org/bot8611683567:AAFcLxkFz7jJSkr7jhzas3Y1KHZI8CN8W8g/getUpdates "HTTP/1.1 200 OK"
2026-03-14 10:15:37,076 [INFO] httpx: HTTP Request: POST https://api.telegram.org/bot8611683567:AAFcLxkFz7jJSkr7jhzas3Y1KHZI8CN8W8g/getUpdates "HTTP/1.1 200 OK"
2026-03-14 10:15:47,115 [INFO] httpx: HTTP Request: POST https://api.telegram.org/bot8611683567:AAFcLxkFz7jJSkr7jhzas3Y1KHZI8CN8W8g/getUpdates "HTTP/1.1 200 OK"
2026-03-14 10:15:57,156 [INFO] httpx: HTTP Request: POST https://api.telegram.org/bot8611683567:AAFcLxkFz7jJSkr7jhzas3Y1KHZI8CN8W8g/getUpdates "HTTP/1.1 200 OK"
2026-03-14 10:16:07,198 [INFO] httpx: HTTP Request: POST https://api.telegram.org/bot8611683567:AAFcLxkFz7jJSkr7jhzas3Y1KHZI8CN8W8g/getUpdates "HTTP/1.1 200 OK"
2026-03-14 10:16:17,238 [INFO] httpx: HTTP Request: POST https://api.telegram.org/bot8611683567:AAFcLxkFz7jJSkr7jhzas3Y1KHZI8CN8W8g/getUpdates "HTTP/1.1 200 OK"
2026-03-14 10:16:27,276 [INFO] httpx: HTTP Request: POST https://api.telegram.org/bot8611683567:AAFcLxkFz7jJSkr7jhzas3Y1KHZI8CN8W8g/getUpdates "HTTP/1.1 200 OK"
2026-03-14 10:16:37,316 [INFO] httpx: HTTP Request: POST https://api.telegram.org/bot8611683567:AAFcLxkFz7jJSkr7jhzas3Y1KHZI8CN8W8g/getUpdates "HTTP/1.1 200 OK"
2026-03-14 10:16:47,355 [INFO] httpx: HTTP Request: POST https://api.telegram.org/bot8611683567:AAFcLxkFz7jJSkr7jhzas3Y1KHZI8CN8W8g/getUpdates "HTTP/1.1 200 OK"
2026-03-14 10:16:57,394 [INFO] httpx: HTTP Request: POST https://api.telegram.org/bot8611683567:AAFcLxkFz7jJSkr7jhzas3Y1KHZI8CN8W8g/getUpdates "HTTP/1.1 200 OK"
2026-03-14 10:17:07,441 [INFO] httpx: HTTP Request: POST https://api.telegram.org/bot8611683567:AAFcLxkFz7jJSkr7jhzas3Y1KHZI8CN8W8g/getUpdates "HTTP/1.1 200 OK"
2026-03-14 10:17:17,483 [INFO] httpx: HTTP Request: POST https://api.telegram.org/bot8611683567:AAFcLxkFz7jJSkr7jhzas3Y1KHZI8CN8W8g/getUpdates "HTTP/1.1 200 OK"
2026-03-14 10:17:27,523 [INFO] httpx: HTTP Request: POST https://api.telegram.org/bot8611683567:AAFcLxkFz7jJSkr7jhzas3Y1KHZI8CN8W8g/getUpdates "HTTP/1.1 200 OK"
2026-03-14 10:17:37,560 [INFO] httpx: HTTP Request: POST https://api.telegram.org/bot8611683567:AAFcLxkFz7jJSkr7jhzas3Y1KHZI8CN8W8g/getUpdates "HTTP/1.1 200 OK"
2026-03-14 10:17:47,596 [INFO] httpx: HTTP Request: POST https://api.telegram.org/bot8611683567:AAFcLxkFz7jJSkr7jhzas3Y1KHZI8CN8W8g/getUpdates "HTTP/1.1 200 OK"
2026-03-14 10:17:57,632 [INFO] httpx: HTTP Request: POST https://api.telegram.org/bot8611683567:AAFcLxkFz7jJSkr7jhzas3Y1KHZI8CN8W8g/getUpdates "HTTP/1.1 200 OK"
2026-03-14 10:18:07,669 [INFO] httpx: HTTP Request: POST https://api.telegram.org/bot8611683567:AAFcLxkFz7jJSkr7jhzas3Y1KHZI8CN8W8g/getUpdates "HTTP/1.1 200 OK"
2026-03-14 10:18:17,717 [INFO] httpx: HTTP Request: POST https://api.telegram.org/bot8611683567:AAFcLxkFz7jJSkr7jhzas3Y1KHZI8CN8W8g/getUpdates "HTTP/1.1 200 OK"
2026-03-14 10:18:27,758 [INFO] httpx: HTTP Request: POST https://api.telegram.org/bot8611683567:AAFcLxkFz7jJSkr7jhzas3Y1KHZI8CN8W8g/getUpdates "HTTP/1.1 200 OK"
2026-03-14 10:18:37,838 [INFO] httpx: HTTP Request: POST https://api.telegram.org/bot8611683567:AAFcLxkFz7jJSkr7jhzas3Y1KHZI8CN8W8g/getUpdates "HTTP/1.1 200 OK"
2026-03-14 10:18:47,880 [INFO] httpx: HTTP Request: POST https://api.telegram.org/bot8611683567:AAFcLxkFz7jJSkr7jhzas3Y1KHZI8CN8W8g/getUpdates "HTTP/1.1 200 OK"
2026-03-14 10:18:57,917 [INFO] httpx: HTTP Request: POST https://api.telegram.org/bot8611683567:AAFcLxkFz7jJSkr7jhzas3Y1KHZI8CN8W8g/getUpdates "HTTP/1.1 200 OK"
2026-03-14 10:19:07,954 [INFO] httpx: HTTP Request: POST https://api.telegram.org/bot8611683567:AAFcLxkFz7jJSkr7jhzas3Y1KHZI8CN8W8g/getUpdates "HTTP/1.1 200 OK"
2026-03-14 10:19:17,996 [INFO] httpx: HTTP Request: POST https://api.telegram.org/bot8611683567:AAFcLxkFz7jJSkr7jhzas3Y1KHZI8CN8W8g/getUpdates "HTTP/1.1 200 OK"
2026-03-14 10:19:28,037 [INFO] httpx: HTTP Request: POST https://api.telegram.org/bot8611683567:AAFcLxkFz7jJSkr7jhzas3Y1KHZI8CN8W8g/getUpdates "HTTP/1.1 200 OK"
2026-03-14 10:19:38,073 [INFO] httpx: HTTP Request: POST https://api.telegram.org/bot8611683567:AAFcLxkFz7jJSkr7jhzas3Y1KHZI8CN8W8g/getUpdates "HTTP/1.1 200 OK"
2026-03-14 10:19:48,145 [INFO] httpx: HTTP Request: POST https://api.telegram.org/bot8611683567:AAFcLxkFz7jJSkr7jhzas3Y1KHZI8CN8W8g/getUpdates "HTTP/1.1 200 OK"
2026-03-14 10:19:58,182 [INFO] httpx: HTTP Request: POST https://api.telegram.org/bot8611683567:AAFcLxkFz7jJSkr7jhzas3Y1KHZI8CN8W8g/getUpdates "HTTP/1.1 200 OK"
2026-03-14 10:20:08,226 [INFO] httpx: HTTP Request: POST https://api.telegram.org/bot8611683567:AAFcLxkFz7jJSkr7jhzas3Y1KHZI8CN8W8g/getUpdates "HTTP/1.1 200 OK"
2026-03-14 10:20:18,265 [INFO] httpx: HTTP Request: POST https://api.telegram.org/bot8611683567:AAFcLxkFz7jJSkr7jhzas3Y1KHZI8CN8W8g/getUpdates "HTTP/1.1 200 OK"
2026-03-14 10:20:28,302 [INFO] httpx: HTTP Request: POST https://api.telegram.org/bot8611683567:AAFcLxkFz7jJSkr7jhzas3Y1KHZI8CN8W8g/getUpdates "HTTP/1.1 200 OK"
2026-03-14 10:20:38,337 [INFO] httpx: HTTP Request: POST https://api.telegram.org/bot8611683567:AAFcLxkFz7jJSkr7jhzas3Y1KHZI8CN8W8g/getUpdates "HTTP/1.1 200 OK"
2026-03-14 10:20:48,375 [INFO] httpx: HTTP Request: POST https://api.telegram.org/bot8611683567:AAFcLxkFz7jJSkr7jhzas3Y1KHZI8CN8W8g/getUpdates "HTTP/1.1 200 OK"
2026-03-14 10:20:58,415 [INFO] httpx: HTTP Request: POST https://api.telegram.org/bot8611683567:AAFcLxkFz7jJSkr7jhzas3Y1KHZI8CN8W8g/getUpdates "HTTP/1.1 200 OK"
2026-03-14 10:21:08,456 [INFO] httpx: HTTP Request: POST https://api.telegram.org/bot8611683567:AAFcLxkFz7jJSkr7jhzas3Y1KHZI8CN8W8g/getUpdates "HTTP/1.1 200 OK"
2026-03-14 10:21:18,494 [INFO] httpx: HTTP Request: POST https://api.telegram.org/bot8611683567:AAFcLxkFz7jJSkr7jhzas3Y1KHZI8CN8W8g/getUpdates "HTTP/1.1 200 OK"
2026-03-14 10:21:28,537 [INFO] httpx: HTTP Request: POST https://api.telegram.org/bot8611683567:AAFcLxkFz7jJSkr7jhzas3Y1KHZI8CN8W8g/getUpdates "HTTP/1.1 200 OK"
2026-03-14 10:21:38,578 [INFO] httpx: HTTP Request: POST https://api.telegram.org/bot8611683567:AAFcLxkFz7jJSkr7jhzas3Y1KHZI8CN8W8g/getUpdates "HTTP/1.1 200 OK"
2026-03-14 10:21:48,636 [INFO] httpx: HTTP Request: POST https://api.telegram.org/bot8611683567:AAFcLxkFz7jJSkr7jhzas3Y1KHZI8CN8W8g/getUpdates "HTTP/1.1 200 OK"
2026-03-14 10:21:58,676 [INFO] httpx: HTTP Request: POST https://api.telegram.org/bot8611683567:AAFcLxkFz7jJSkr7jhzas3Y1KHZI8CN8W8g/getUpdates "HTTP/1.1 200 OK"
2026-03-14 10:22:08,718 [INFO] httpx: HTTP Request: POST https://api.telegram.org/bot8611683567:AAFcLxkFz7jJSkr7jhzas3Y1KHZI8CN8W8g/getUpdates "HTTP/1.1 200 OK"
2026-03-14 10:22:08,736 [INFO] apscheduler.executors.default: Running job "main.<locals>.<lambda> (trigger: interval[0:30:00], next run at: 2026-03-14 10:52:08 EET)" (scheduled at 2026-03-14 10:22:08.730999+02:00)
2026-03-14 10:22:08,743 [ERROR] apscheduler.executors.default: Job "main.<locals>.<lambda> (trigger: interval[0:30:00], next run at: 2026-03-14 10:52:08 EET)" raised an exception
Traceback (most recent call last):
  File "C:\Egypt\.venv\Lib\site-packages\apscheduler\executors\base.py", line 131, in run_job
    retval = job.func(*job.args, **job.kwargs)
  File "C:\Egypt\bot.py", line 513, in <lambda>
    lambda: asyncio.ensure_future(run_check(app=app, notify_users=True)),
            ~~~~~~~~~~~~~~~~~~~~~^^^^^^^^^^^^^^^^^^^^^^^^^^^^^^^^^^^^^^^
  File "C:\Users\rzabe\AppData\Local\Programs\Python\Python314\Lib\asyncio\tasks.py", line 730, in ensure_future
    loop = events.get_event_loop()
  File "C:\Users\rzabe\AppData\Local\Programs\Python\Python314\Lib\asyncio\events.py", line 715, in get_event_loop
    raise RuntimeError('There is no current event loop in thread %r.'
                       % threading.current_thread().name)
RuntimeError: There is no current event loop in thread 'asyncio_0'.
2026-03-14 10:22:18,758 [INFO] httpx: HTTP Request: POST https://api.telegram.org/bot8611683567:AAFcLxkFz7jJSkr7jhzas3Y1KHZI8CN8W8g/getUpdates "HTTP/1.1 200 OK"
2026-03-14 10:22:28,799 [INFO] httpx: HTTP Request: POST https://api.telegram.org/bot8611683567:AAFcLxkFz7jJSkr7jhzas3Y1KHZI8CN8W8g/getUpdates "HTTP/1.1 200 OK"
2026-03-14 10:22:38,838 [INFO] httpx: HTTP Request: POST https://api.telegram.org/bot8611683567:AAFcLxkFz7jJSkr7jhzas3Y1KHZI8CN8W8g/getUpdates "HTTP/1.1 200 OK"
2026-03-14 10:22:48,923 [INFO] httpx: HTTP Request: POST https://api.telegram.org/bot8611683567:AAFcLxkFz7jJSkr7jhzas3Y1KHZI8CN8W8g/getUpdates "HTTP/1.1 200 OK"
2026-03-14 10:22:58,964 [INFO] httpx: HTTP Request: POST https://api.telegram.org/bot8611683567:AAFcLxkFz7jJSkr7jhzas3Y1KHZI8CN8W8g/getUpdates "HTTP/1.1 200 OK"
2026-03-14 10:23:09,003 [INFO] httpx: HTTP Request: POST https://api.telegram.org/bot8611683567:AAFcLxkFz7jJSkr7jhzas3Y1KHZI8CN8W8g/getUpdates "HTTP/1.1 200 OK"
2026-03-14 10:23:19,039 [INFO] httpx: HTTP Request: POST https://api.telegram.org/bot8611683567:AAFcLxkFz7jJSkr7jhzas3Y1KHZI8CN8W8g/getUpdates "HTTP/1.1 200 OK"
2026-03-14 10:23:29,081 [INFO] httpx: HTTP Request: POST https://api.telegram.org/bot8611683567:AAFcLxkFz7jJSkr7jhzas3Y1KHZI8CN8W8g/getUpdates "HTTP/1.1 200 OK"
2026-03-14 10:23:39,130 [INFO] httpx: HTTP Request: POST https://api.telegram.org/bot8611683567:AAFcLxkFz7jJSkr7jhzas3Y1KHZI8CN8W8g/getUpdates "HTTP/1.1 200 OK"
2026-03-14 10:23:49,176 [INFO] httpx: HTTP Request: POST https://api.telegram.org/bot8611683567:AAFcLxkFz7jJSkr7jhzas3Y1KHZI8CN8W8g/getUpdates "HTTP/1.1 200 OK"
2026-03-14 10:23:59,216 [INFO] httpx: HTTP Request: POST https://api.telegram.org/bot8611683567:AAFcLxkFz7jJSkr7jhzas3Y1KHZI8CN8W8g/getUpdates "HTTP/1.1 200 OK"
2026-03-14 10:24:09,256 [INFO] httpx: HTTP Request: POST https://api.telegram.org/bot8611683567:AAFcLxkFz7jJSkr7jhzas3Y1KHZI8CN8W8g/getUpdates "HTTP/1.1 200 OK"
2026-03-14 10:24:19,297 [INFO] httpx: HTTP Request: POST https://api.telegram.org/bot8611683567:AAFcLxkFz7jJSkr7jhzas3Y1KHZI8CN8W8g/getUpdates "HTTP/1.1 200 OK"
2026-03-14 10:24:29,341 [INFO] httpx: HTTP Request: POST https://api.telegram.org/bot8611683567:AAFcLxkFz7jJSkr7jhzas3Y1KHZI8CN8W8g/getUpdates "HTTP/1.1 200 OK"
2026-03-14 10:24:39,396 [INFO] httpx: HTTP Request: POST https://api.telegram.org/bot8611683567:AAFcLxkFz7jJSkr7jhzas3Y1KHZI8CN8W8g/getUpdates "HTTP/1.1 200 OK"
2026-03-14 10:24:49,438 [INFO] httpx: HTTP Request: POST https://api.telegram.org/bot8611683567:AAFcLxkFz7jJSkr7jhzas3Y1KHZI8CN8W8g/getUpdates "HTTP/1.1 200 OK"
2026-03-14 10:24:59,479 [INFO] httpx: HTTP Request: POST https://api.telegram.org/bot8611683567:AAFcLxkFz7jJSkr7jhzas3Y1KHZI8CN8W8g/getUpdates "HTTP/1.1 200 OK"
2026-03-14 10:25:09,518 [INFO] httpx: HTTP Request: POST https://api.telegram.org/bot8611683567:AAFcLxkFz7jJSkr7jhzas3Y1KHZI8CN8W8g/getUpdates "HTTP/1.1 200 OK"
2026-03-14 10:25:19,573 [INFO] httpx: HTTP Request: POST https://api.telegram.org/bot8611683567:AAFcLxkFz7jJSkr7jhzas3Y1KHZI8CN8W8g/getUpdates "HTTP/1.1 200 OK"
2026-03-14 10:25:29,615 [INFO] httpx: HTTP Request: POST https://api.telegram.org/bot8611683567:AAFcLxkFz7jJSkr7jhzas3Y1KHZI8CN8W8g/getUpdates "HTTP/1.1 200 OK"
2026-03-14 10:25:39,656 [INFO] httpx: HTTP Request: POST https://api.telegram.org/bot8611683567:AAFcLxkFz7jJSkr7jhzas3Y1KHZI8CN8W8g/getUpdates "HTTP/1.1 200 OK"
2026-03-14 10:25:49,702 [INFO] httpx: HTTP Request: POST https://api.telegram.org/bot8611683567:AAFcLxkFz7jJSkr7jhzas3Y1KHZI8CN8W8g/getUpdates "HTTP/1.1 200 OK"
2026-03-14 10:25:59,827 [INFO] httpx: HTTP Request: POST https://api.telegram.org/bot8611683567:AAFcLxkFz7jJSkr7jhzas3Y1KHZI8CN8W8g/getUpdates "HTTP/1.1 200 OK"
2026-03-14 10:26:09,866 [INFO] httpx: HTTP Request: POST https://api.telegram.org/bot8611683567:AAFcLxkFz7jJSkr7jhzas3Y1KHZI8CN8W8g/getUpdates "HTTP/1.1 200 OK"
2026-03-14 10:26:19,937 [INFO] httpx: HTTP Request: POST https://api.telegram.org/bot8611683567:AAFcLxkFz7jJSkr7jhzas3Y1KHZI8CN8W8g/getUpdates "HTTP/1.1 200 OK"
2026-03-14 10:26:29,980 [INFO] httpx: HTTP Request: POST https://api.telegram.org/bot8611683567:AAFcLxkFz7jJSkr7jhzas3Y1KHZI8CN8W8g/getUpdates "HTTP/1.1 200 OK"
2026-03-14 10:26:40,026 [INFO] httpx: HTTP Request: POST https://api.telegram.org/bot8611683567:AAFcLxkFz7jJSkr7jhzas3Y1KHZI8CN8W8g/getUpdates "HTTP/1.1 200 OK"
2026-03-14 10:26:50,068 [INFO] httpx: HTTP Request: POST https://api.telegram.org/bot8611683567:AAFcLxkFz7jJSkr7jhzas3Y1KHZI8CN8W8g/getUpdates "HTTP/1.1 200 OK"
2026-03-14 10:27:00,252 [INFO] httpx: HTTP Request: POST https://api.telegram.org/bot8611683567:AAFcLxkFz7jJSkr7jhzas3Y1KHZI8CN8W8g/getUpdates "HTTP/1.1 200 OK"
2026-03-14 10:27:10,291 [INFO] httpx: HTTP Request: POST https://api.telegram.org/bot8611683567:AAFcLxkFz7jJSkr7jhzas3Y1KHZI8CN8W8g/getUpdates "HTTP/1.1 200 OK"
2026-03-14 10:27:20,333 [INFO] httpx: HTTP Request: POST https://api.telegram.org/bot8611683567:AAFcLxkFz7jJSkr7jhzas3Y1KHZI8CN8W8g/getUpdates "HTTP/1.1 200 OK"
2026-03-14 10:27:30,375 [INFO] httpx: HTTP Request: POST https://api.telegram.org/bot8611683567:AAFcLxkFz7jJSkr7jhzas3Y1KHZI8CN8W8g/getUpdates "HTTP/1.1 200 OK"
2026-03-14 10:27:40,433 [INFO] httpx: HTTP Request: POST https://api.telegram.org/bot8611683567:AAFcLxkFz7jJSkr7jhzas3Y1KHZI8CN8W8g/getUpdates "HTTP/1.1 200 OK"
2026-03-14 10:27:50,469 [INFO] httpx: HTTP Request: POST https://api.telegram.org/bot8611683567:AAFcLxkFz7jJSkr7jhzas3Y1KHZI8CN8W8g/getUpdates "HTTP/1.1 200 OK"
2026-03-14 10:28:00,512 [INFO] httpx: HTTP Request: POST https://api.telegram.org/bot8611683567:AAFcLxkFz7jJSkr7jhzas3Y1KHZI8CN8W8g/getUpdates "HTTP/1.1 200 OK"
2026-03-14 10:28:10,557 [INFO] httpx: HTTP Request: POST https://api.telegram.org/bot8611683567:AAFcLxkFz7jJSkr7jhzas3Y1KHZI8CN8W8g/getUpdates "HTTP/1.1 200 OK"
2026-03-14 10:28:20,607 [INFO] httpx: HTTP Request: POST https://api.telegram.org/bot8611683567:AAFcLxkFz7jJSkr7jhzas3Y1KHZI8CN8W8g/getUpdates "HTTP/1.1 200 OK"
2026-03-14 10:28:30,647 [INFO] httpx: HTTP Request: POST https://api.telegram.org/bot8611683567:AAFcLxkFz7jJSkr7jhzas3Y1KHZI8CN8W8g/getUpdates "HTTP/1.1 200 OK"
2026-03-14 10:28:40,706 [INFO] httpx: HTTP Request: POST https://api.telegram.org/bot8611683567:AAFcLxkFz7jJSkr7jhzas3Y1KHZI8CN8W8g/getUpdates "HTTP/1.1 200 OK"
2026-03-14 10:28:50,754 [INFO] httpx: HTTP Request: POST https://api.telegram.org/bot8611683567:AAFcLxkFz7jJSkr7jhzas3Y1KHZI8CN8W8g/getUpdates "HTTP/1.1 200 OK"
2026-03-14 10:29:00,797 [INFO] httpx: HTTP Request: POST https://api.telegram.org/bot8611683567:AAFcLxkFz7jJSkr7jhzas3Y1KHZI8CN8W8g/getUpdates "HTTP/1.1 200 OK"
2026-03-14 10:29:10,837 [INFO] httpx: HTTP Request: POST https://api.telegram.org/bot8611683567:AAFcLxkFz7jJSkr7jhzas3Y1KHZI8CN8W8g/getUpdates "HTTP/1.1 200 OK"
2026-03-14 10:29:20,882 [INFO] httpx: HTTP Request: POST https://api.telegram.org/bot8611683567:AAFcLxkFz7jJSkr7jhzas3Y1KHZI8CN8W8g/getUpdates "HTTP/1.1 200 OK"
2026-03-14 10:29:30,923 [INFO] httpx: HTTP Request: POST https://api.telegram.org/bot8611683567:AAFcLxkFz7jJSkr7jhzas3Y1KHZI8CN8W8g/getUpdates "HTTP/1.1 200 OK"
2026-03-14 10:29:40,971 [INFO] httpx: HTTP Request: POST https://api.telegram.org/bot8611683567:AAFcLxkFz7jJSkr7jhzas3Y1KHZI8CN8W8g/getUpdates "HTTP/1.1 200 OK"
2026-03-14 10:29:51,030 [INFO] httpx: HTTP Request: POST https://api.telegram.org/bot8611683567:AAFcLxkFz7jJSkr7jhzas3Y1KHZI8CN8W8g/getUpdates "HTTP/1.1 200 OK"
2026-03-14 10:30:01,074 [INFO] httpx: HTTP Request: POST https://api.telegram.org/bot8611683567:AAFcLxkFz7jJSkr7jhzas3Y1KHZI8CN8W8g/getUpdates "HTTP/1.1 200 OK"
2026-03-14 10:30:11,118 [INFO] httpx: HTTP Request: POST https://api.telegram.org/bot8611683567:AAFcLxkFz7jJSkr7jhzas3Y1KHZI8CN8W8g/getUpdates "HTTP/1.1 200 OK"
2026-03-14 10:30:21,177 [INFO] httpx: HTTP Request: POST https://api.telegram.org/bot8611683567:AAFcLxkFz7jJSkr7jhzas3Y1KHZI8CN8W8g/getUpdates "HTTP/1.1 200 OK"
2026-03-14 10:30:31,241 [INFO] httpx: HTTP Request: POST https://api.telegram.org/bot8611683567:AAFcLxkFz7jJSkr7jhzas3Y1KHZI8CN8W8g/getUpdates "HTTP/1.1 200 OK"
2026-03-14 10:30:41,284 [INFO] httpx: HTTP Request: POST https://api.telegram.org/bot8611683567:AAFcLxkFz7jJSkr7jhzas3Y1KHZI8CN8W8g/getUpdates "HTTP/1.1 200 OK"
2026-03-14 10:30:51,366 [INFO] httpx: HTTP Request: POST https://api.telegram.org/bot8611683567:AAFcLxkFz7jJSkr7jhzas3Y1KHZI8CN8W8g/getUpdates "HTTP/1.1 200 OK"
2026-03-14 10:31:01,406 [INFO] httpx: HTTP Request: POST https://api.telegram.org/bot8611683567:AAFcLxkFz7jJSkr7jhzas3Y1KHZI8CN8W8g/getUpdates "HTTP/1.1 200 OK"
2026-03-14 10:31:11,457 [INFO] httpx: HTTP Request: POST https://api.telegram.org/bot8611683567:AAFcLxkFz7jJSkr7jhzas3Y1KHZI8CN8W8g/getUpdates "HTTP/1.1 200 OK"
2026-03-14 10:31:21,500 [INFO] httpx: HTTP Request: POST https://api.telegram.org/bot8611683567:AAFcLxkFz7jJSkr7jhzas3Y1KHZI8CN8W8g/getUpdates "HTTP/1.1 200 OK"
2026-03-14 10:31:31,544 [INFO] httpx: HTTP Request: POST https://api.telegram.org/bot8611683567:AAFcLxkFz7jJSkr7jhzas3Y1KHZI8CN8W8g/getUpdates "HTTP/1.1 200 OK"
2026-03-14 10:31:41,614 [INFO] httpx: HTTP Request: POST https://api.telegram.org/bot8611683567:AAFcLxkFz7jJSkr7jhzas3Y1KHZI8CN8W8g/getUpdates "HTTP/1.1 200 OK"
2026-03-14 10:31:51,655 [INFO] httpx: HTTP Request: POST https://api.telegram.org/bot8611683567:AAFcLxkFz7jJSkr7jhzas3Y1KHZI8CN8W8g/getUpdates "HTTP/1.1 200 OK"
2026-03-14 10:32:01,706 [INFO] httpx: HTTP Request: POST https://api.telegram.org/bot8611683567:AAFcLxkFz7jJSkr7jhzas3Y1KHZI8CN8W8g/getUpdates "HTTP/1.1 200 OK"
2026-03-14 10:32:11,758 [INFO] httpx: HTTP Request: POST https://api.telegram.org/bot8611683567:AAFcLxkFz7jJSkr7jhzas3Y1KHZI8CN8W8g/getUpdates "HTTP/1.1 200 OK"
2026-03-14 10:32:21,807 [INFO] httpx: HTTP Request: POST https://api.telegram.org/bot8611683567:AAFcLxkFz7jJSkr7jhzas3Y1KHZI8CN8W8g/getUpdates "HTTP/1.1 200 OK"
2026-03-14 10:32:31,852 [INFO] httpx: HTTP Request: POST https://api.telegram.org/bot8611683567:AAFcLxkFz7jJSkr7jhzas3Y1KHZI8CN8W8g/getUpdates "HTTP/1.1 200 OK"
2026-03-14 10:32:41,894 [INFO] httpx: HTTP Request: POST https://api.telegram.org/bot8611683567:AAFcLxkFz7jJSkr7jhzas3Y1KHZI8CN8W8g/getUpdates "HTTP/1.1 200 OK"
2026-03-14 10:32:51,934 [INFO] httpx: HTTP Request: POST https://api.telegram.org/bot8611683567:AAFcLxkFz7jJSkr7jhzas3Y1KHZI8CN8W8g/getUpdates "HTTP/1.1 200 OK"
2026-03-14 10:33:01,975 [INFO] httpx: HTTP Request: POST https://api.telegram.org/bot8611683567:AAFcLxkFz7jJSkr7jhzas3Y1KHZI8CN8W8g/getUpdates "HTTP/1.1 200 OK"
2026-03-14 10:33:12,015 [INFO] httpx: HTTP Request: POST https://api.telegram.org/bot8611683567:AAFcLxkFz7jJSkr7jhzas3Y1KHZI8CN8W8g/getUpdates "HTTP/1.1 200 OK"
2026-03-14 10:33:22,078 [INFO] httpx: HTTP Request: POST https://api.telegram.org/bot8611683567:AAFcLxkFz7jJSkr7jhzas3Y1KHZI8CN8W8g/getUpdates "HTTP/1.1 200 OK"
2026-03-14 10:33:32,146 [INFO] httpx: HTTP Request: POST https://api.telegram.org/bot8611683567:AAFcLxkFz7jJSkr7jhzas3Y1KHZI8CN8W8g/getUpdates "HTTP/1.1 200 OK"
2026-03-14 10:33:42,210 [INFO] httpx: HTTP Request: POST https://api.telegram.org/bot8611683567:AAFcLxkFz7jJSkr7jhzas3Y1KHZI8CN8W8g/getUpdates "HTTP/1.1 200 OK"
2026-03-14 10:33:52,250 [INFO] httpx: HTTP Request: POST https://api.telegram.org/bot8611683567:AAFcLxkFz7jJSkr7jhzas3Y1KHZI8CN8W8g/getUpdates "HTTP/1.1 200 OK"
2026-03-14 10:34:02,294 [INFO] httpx: HTTP Request: POST https://api.telegram.org/bot8611683567:AAFcLxkFz7jJSkr7jhzas3Y1KHZI8CN8W8g/getUpdates "HTTP/1.1 200 OK"
2026-03-14 10:34:12,360 [INFO] httpx: HTTP Request: POST https://api.telegram.org/bot8611683567:AAFcLxkFz7jJSkr7jhzas3Y1KHZI8CN8W8g/getUpdates "HTTP/1.1 200 OK"
2026-03-14 10:34:22,399 [INFO] httpx: HTTP Request: POST https://api.telegram.org/bot8611683567:AAFcLxkFz7jJSkr7jhzas3Y1KHZI8CN8W8g/getUpdates "HTTP/1.1 200 OK"
2026-03-14 10:34:32,436 [INFO] httpx: HTTP Request: POST https://api.telegram.org/bot8611683567:AAFcLxkFz7jJSkr7jhzas3Y1KHZI8CN8W8g/getUpdates "HTTP/1.1 200 OK"
2026-03-14 10:34:42,475 [INFO] httpx: HTTP Request: POST https://api.telegram.org/bot8611683567:AAFcLxkFz7jJSkr7jhzas3Y1KHZI8CN8W8g/getUpdates "HTTP/1.1 200 OK"
2026-03-14 10:34:52,596 [INFO] httpx: HTTP Request: POST https://api.telegram.org/bot8611683567:AAFcLxkFz7jJSkr7jhzas3Y1KHZI8CN8W8g/getUpdates "HTTP/1.1 200 OK"
2026-03-14 10:35:03,975 [INFO] httpx: HTTP Request: POST https://api.telegram.org/bot8611683567:AAFcLxkFz7jJSkr7jhzas3Y1KHZI8CN8W8g/getUpdates "HTTP/1.1 200 OK"
2026-03-14 10:35:14,017 [INFO] httpx: HTTP Request: POST https://api.telegram.org/bot8611683567:AAFcLxkFz7jJSkr7jhzas3Y1KHZI8CN8W8g/getUpdates "HTTP/1.1 200 OK"
2026-03-14 10:35:24,095 [INFO] httpx: HTTP Request: POST https://api.telegram.org/bot8611683567:AAFcLxkFz7jJSkr7jhzas3Y1KHZI8CN8W8g/getUpdates "HTTP/1.1 200 OK"
2026-03-14 10:35:34,222 [INFO] httpx: HTTP Request: POST https://api.telegram.org/bot8611683567:AAFcLxkFz7jJSkr7jhzas3Y1KHZI8CN8W8g/getUpdates "HTTP/1.1 200 OK"
2026-03-14 10:35:44,278 [INFO] httpx: HTTP Request: POST https://api.telegram.org/bot8611683567:AAFcLxkFz7jJSkr7jhzas3Y1KHZI8CN8W8g/getUpdates "HTTP/1.1 200 OK"
2026-03-14 10:35:54,316 [INFO] httpx: HTTP Request: POST https://api.telegram.org/bot8611683567:AAFcLxkFz7jJSkr7jhzas3Y1KHZI8CN8W8g/getUpdates "HTTP/1.1 200 OK"
2026-03-14 10:36:04,360 [INFO] httpx: HTTP Request: POST https://api.telegram.org/bot8611683567:AAFcLxkFz7jJSkr7jhzas3Y1KHZI8CN8W8g/getUpdates "HTTP/1.1 200 OK"
2026-03-14 10:36:14,398 [INFO] httpx: HTTP Request: POST https://api.telegram.org/bot8611683567:AAFcLxkFz7jJSkr7jhzas3Y1KHZI8CN8W8g/getUpdates "HTTP/1.1 200 OK"
2026-03-14 10:36:24,438 [INFO] httpx: HTTP Request: POST https://api.telegram.org/bot8611683567:AAFcLxkFz7jJSkr7jhzas3Y1KHZI8CN8W8g/getUpdates "HTTP/1.1 200 OK"
2026-03-14 10:36:34,485 [INFO] httpx: HTTP Request: POST https://api.telegram.org/bot8611683567:AAFcLxkFz7jJSkr7jhzas3Y1KHZI8CN8W8g/getUpdates "HTTP/1.1 200 OK"
2026-03-14 10:36:44,529 [INFO] httpx: HTTP Request: POST https://api.telegram.org/bot8611683567:AAFcLxkFz7jJSkr7jhzas3Y1KHZI8CN8W8g/getUpdates "HTTP/1.1 200 OK"
2026-03-14 10:36:54,575 [INFO] httpx: HTTP Request: POST https://api.telegram.org/bot8611683567:AAFcLxkFz7jJSkr7jhzas3Y1KHZI8CN8W8g/getUpdates "HTTP/1.1 200 OK"
2026-03-14 10:37:04,614 [INFO] httpx: HTTP Request: POST https://api.telegram.org/bot8611683567:AAFcLxkFz7jJSkr7jhzas3Y1KHZI8CN8W8g/getUpdates "HTTP/1.1 200 OK"
2026-03-14 10:37:14,652 [INFO] httpx: HTTP Request: POST https://api.telegram.org/bot8611683567:AAFcLxkFz7jJSkr7jhzas3Y1KHZI8CN8W8g/getUpdates "HTTP/1.1 200 OK"
2026-03-14 10:37:24,737 [INFO] httpx: HTTP Request: POST https://api.telegram.org/bot8611683567:AAFcLxkFz7jJSkr7jhzas3Y1KHZI8CN8W8g/getUpdates "HTTP/1.1 200 OK"
2026-03-14 10:37:34,779 [INFO] httpx: HTTP Request: POST https://api.telegram.org/bot8611683567:AAFcLxkFz7jJSkr7jhzas3Y1KHZI8CN8W8g/getUpdates "HTTP/1.1 200 OK"
2026-03-14 10:37:44,819 [INFO] httpx: HTTP Request: POST https://api.telegram.org/bot8611683567:AAFcLxkFz7jJSkr7jhzas3Y1KHZI8CN8W8g/getUpdates "HTTP/1.1 200 OK"
2026-03-14 10:37:54,866 [INFO] httpx: HTTP Request: POST https://api.telegram.org/bot8611683567:AAFcLxkFz7jJSkr7jhzas3Y1KHZI8CN8W8g/getUpdates "HTTP/1.1 200 OK"
2026-03-14 10:38:04,948 [INFO] httpx: HTTP Request: POST https://api.telegram.org/bot8611683567:AAFcLxkFz7jJSkr7jhzas3Y1KHZI8CN8W8g/getUpdates "HTTP/1.1 200 OK"
2026-03-14 10:38:14,997 [INFO] httpx: HTTP Request: POST https://api.telegram.org/bot8611683567:AAFcLxkFz7jJSkr7jhzas3Y1KHZI8CN8W8g/getUpdates "HTTP/1.1 200 OK"
2026-03-14 10:38:25,055 [INFO] httpx: HTTP Request: POST https://api.telegram.org/bot8611683567:AAFcLxkFz7jJSkr7jhzas3Y1KHZI8CN8W8g/getUpdates "HTTP/1.1 200 OK"
2026-03-14 10:38:35,100 [INFO] httpx: HTTP Request: POST https://api.telegram.org/bot8611683567:AAFcLxkFz7jJSkr7jhzas3Y1KHZI8CN8W8g/getUpdates "HTTP/1.1 200 OK"
2026-03-14 10:38:45,171 [INFO] httpx: HTTP Request: POST https://api.telegram.org/bot8611683567:AAFcLxkFz7jJSkr7jhzas3Y1KHZI8CN8W8g/getUpdates "HTTP/1.1 200 OK"
2026-03-14 10:38:55,209 [INFO] httpx: HTTP Request: POST https://api.telegram.org/bot8611683567:AAFcLxkFz7jJSkr7jhzas3Y1KHZI8CN8W8g/getUpdates "HTTP/1.1 200 OK"
2026-03-14 10:39:05,247 [INFO] httpx: HTTP Request: POST https://api.telegram.org/bot8611683567:AAFcLxkFz7jJSkr7jhzas3Y1KHZI8CN8W8g/getUpdates "HTTP/1.1 200 OK"
2026-03-14 10:39:15,300 [INFO] httpx: HTTP Request: POST https://api.telegram.org/bot8611683567:AAFcLxkFz7jJSkr7jhzas3Y1KHZI8CN8W8g/getUpdates "HTTP/1.1 200 OK"
2026-03-14 10:39:25,340 [INFO] httpx: HTTP Request: POST https://api.telegram.org/bot8611683567:AAFcLxkFz7jJSkr7jhzas3Y1KHZI8CN8W8g/getUpdates "HTTP/1.1 200 OK"
2026-03-14 10:39:35,408 [INFO] httpx: HTTP Request: POST https://api.telegram.org/bot8611683567:AAFcLxkFz7jJSkr7jhzas3Y1KHZI8CN8W8g/getUpdates "HTTP/1.1 200 OK"
2026-03-14 10:39:45,464 [INFO] httpx: HTTP Request: POST https://api.telegram.org/bot8611683567:AAFcLxkFz7jJSkr7jhzas3Y1KHZI8CN8W8g/getUpdates "HTTP/1.1 200 OK"
2026-03-14 10:39:55,519 [INFO] httpx: HTTP Request: POST https://api.telegram.org/bot8611683567:AAFcLxkFz7jJSkr7jhzas3Y1KHZI8CN8W8g/getUpdates "HTTP/1.1 200 OK"
2026-03-14 10:40:05,556 [INFO] httpx: HTTP Request: POST https://api.telegram.org/bot8611683567:AAFcLxkFz7jJSkr7jhzas3Y1KHZI8CN8W8g/getUpdates "HTTP/1.1 200 OK"
2026-03-14 10:40:15,604 [INFO] httpx: HTTP Request: POST https://api.telegram.org/bot8611683567:AAFcLxkFz7jJSkr7jhzas3Y1KHZI8CN8W8g/getUpdates "HTTP/1.1 200 OK"
2026-03-14 10:40:25,648 [INFO] httpx: HTTP Request: POST https://api.telegram.org/bot8611683567:AAFcLxkFz7jJSkr7jhzas3Y1KHZI8CN8W8g/getUpdates "HTTP/1.1 200 OK"
2026-03-14 10:40:35,703 [INFO] httpx: HTTP Request: POST https://api.telegram.org/bot8611683567:AAFcLxkFz7jJSkr7jhzas3Y1KHZI8CN8W8g/getUpdates "HTTP/1.1 200 OK"
2026-03-14 10:40:45,767 [INFO] httpx: HTTP Request: POST https://api.telegram.org/bot8611683567:AAFcLxkFz7jJSkr7jhzas3Y1KHZI8CN8W8g/getUpdates "HTTP/1.1 200 OK"
2026-03-14 10:40:55,812 [INFO] httpx: HTTP Request: POST https://api.telegram.org/bot8611683567:AAFcLxkFz7jJSkr7jhzas3Y1KHZI8CN8W8g/getUpdates "HTTP/1.1 200 OK"
2026-03-14 10:41:05,862 [INFO] httpx: HTTP Request: POST https://api.telegram.org/bot8611683567:AAFcLxkFz7jJSkr7jhzas3Y1KHZI8CN8W8g/getUpdates "HTTP/1.1 200 OK"
2026-03-14 10:41:15,916 [INFO] httpx: HTTP Request: POST https://api.telegram.org/bot8611683567:AAFcLxkFz7jJSkr7jhzas3Y1KHZI8CN8W8g/getUpdates "HTTP/1.1 200 OK"
2026-03-14 10:42:07,480 [INFO] httpx: HTTP Request: POST https://api.telegram.org/bot8611683567:AAFcLxkFz7jJSkr7jhzas3Y1KHZI8CN8W8g/getUpdates "HTTP/1.1 200 OK"
2026-03-14 10:42:17,533 [INFO] httpx: HTTP Request: POST https://api.telegram.org/bot8611683567:AAFcLxkFz7jJSkr7jhzas3Y1KHZI8CN8W8g/getUpdates "HTTP/1.1 200 OK"
2026-03-14 10:42:45,944 [INFO] httpx: HTTP Request: POST https://api.telegram.org/bot8611683567:AAFcLxkFz7jJSkr7jhzas3Y1KHZI8CN8W8g/getUpdates "HTTP/1.1 200 OK"
2026-03-14 10:42:56,037 [INFO] httpx: HTTP Request: POST https://api.telegram.org/bot8611683567:AAFcLxkFz7jJSkr7jhzas3Y1KHZI8CN8W8g/getUpdates "HTTP/1.1 200 OK"
2026-03-14 10:43:06,085 [INFO] httpx: HTTP Request: POST https://api.telegram.org/bot8611683567:AAFcLxkFz7jJSkr7jhzas3Y1KHZI8CN8W8g/getUpdates "HTTP/1.1 200 OK"
2026-03-14 10:43:16,133 [INFO] httpx: HTTP Request: POST https://api.telegram.org/bot8611683567:AAFcLxkFz7jJSkr7jhzas3Y1KHZI8CN8W8g/getUpdates "HTTP/1.1 200 OK"
2026-03-14 10:43:26,180 [INFO] httpx: HTTP Request: POST https://api.telegram.org/bot8611683567:AAFcLxkFz7jJSkr7jhzas3Y1KHZI8CN8W8g/getUpdates "HTTP/1.1 200 OK"
2026-03-14 10:43:36,219 [INFO] httpx: HTTP Request: POST https://api.telegram.org/bot8611683567:AAFcLxkFz7jJSkr7jhzas3Y1KHZI8CN8W8g/getUpdates "HTTP/1.1 200 OK"
2026-03-14 10:43:46,266 [INFO] httpx: HTTP Request: POST https://api.telegram.org/bot8611683567:AAFcLxkFz7jJSkr7jhzas3Y1KHZI8CN8W8g/getUpdates "HTTP/1.1 200 OK"
2026-03-14 10:43:56,307 [INFO] httpx: HTTP Request: POST https://api.telegram.org/bot8611683567:AAFcLxkFz7jJSkr7jhzas3Y1KHZI8CN8W8g/getUpdates "HTTP/1.1 200 OK"
2026-03-14 10:44:06,376 [INFO] httpx: HTTP Request: POST https://api.telegram.org/bot8611683567:AAFcLxkFz7jJSkr7jhzas3Y1KHZI8CN8W8g/getUpdates "HTTP/1.1 200 OK"
2026-03-14 10:44:16,475 [INFO] httpx: HTTP Request: POST https://api.telegram.org/bot8611683567:AAFcLxkFz7jJSkr7jhzas3Y1KHZI8CN8W8g/getUpdates "HTTP/1.1 200 OK"
2026-03-14 10:44:26,517 [INFO] httpx: HTTP Request: POST https://api.telegram.org/bot8611683567:AAFcLxkFz7jJSkr7jhzas3Y1KHZI8CN8W8g/getUpdates "HTTP/1.1 200 OK"
2026-03-14 10:44:36,575 [INFO] httpx: HTTP Request: POST https://api.telegram.org/bot8611683567:AAFcLxkFz7jJSkr7jhzas3Y1KHZI8CN8W8g/getUpdates "HTTP/1.1 200 OK"
2026-03-14 10:44:46,669 [INFO] httpx: HTTP Request: POST https://api.telegram.org/bot8611683567:AAFcLxkFz7jJSkr7jhzas3Y1KHZI8CN8W8g/getUpdates "HTTP/1.1 200 OK"
2026-03-14 10:44:56,733 [INFO] httpx: HTTP Request: POST https://api.telegram.org/bot8611683567:AAFcLxkFz7jJSkr7jhzas3Y1KHZI8CN8W8g/getUpdates "HTTP/1.1 200 OK"
2026-03-14 10:45:06,957 [INFO] httpx: HTTP Request: POST https://api.telegram.org/bot8611683567:AAFcLxkFz7jJSkr7jhzas3Y1KHZI8CN8W8g/getUpdates "HTTP/1.1 200 OK"
2026-03-14 10:45:17,014 [INFO] httpx: HTTP Request: POST https://api.telegram.org/bot8611683567:AAFcLxkFz7jJSkr7jhzas3Y1KHZI8CN8W8g/getUpdates "HTTP/1.1 200 OK"
2026-03-14 10:45:27,055 [INFO] httpx: HTTP Request: POST https://api.telegram.org/bot8611683567:AAFcLxkFz7jJSkr7jhzas3Y1KHZI8CN8W8g/getUpdates "HTTP/1.1 200 OK"
2026-03-14 10:45:37,098 [INFO] httpx: HTTP Request: POST https://api.telegram.org/bot8611683567:AAFcLxkFz7jJSkr7jhzas3Y1KHZI8CN8W8g/getUpdates "HTTP/1.1 200 OK"
2026-03-14 10:45:48,160 [INFO] httpx: HTTP Request: POST https://api.telegram.org/bot8611683567:AAFcLxkFz7jJSkr7jhzas3Y1KHZI8CN8W8g/getUpdates "HTTP/1.1 200 OK"
2026-03-14 10:45:58,207 [INFO] httpx: HTTP Request: POST https://api.telegram.org/bot8611683567:AAFcLxkFz7jJSkr7jhzas3Y1KHZI8CN8W8g/getUpdates "HTTP/1.1 200 OK"
2026-03-14 10:46:08,246 [INFO] httpx: HTTP Request: POST https://api.telegram.org/bot8611683567:AAFcLxkFz7jJSkr7jhzas3Y1KHZI8CN8W8g/getUpdates "HTTP/1.1 200 OK"
2026-03-14 10:46:18,293 [INFO] httpx: HTTP Request: POST https://api.telegram.org/bot8611683567:AAFcLxkFz7jJSkr7jhzas3Y1KHZI8CN8W8g/getUpdates "HTTP/1.1 200 OK"
2026-03-14 10:46:28,336 [INFO] httpx: HTTP Request: POST https://api.telegram.org/bot8611683567:AAFcLxkFz7jJSkr7jhzas3Y1KHZI8CN8W8g/getUpdates "HTTP/1.1 200 OK"
2026-03-14 10:46:56,705 [INFO] httpx: HTTP Request: POST https://api.telegram.org/bot8611683567:AAFcLxkFz7jJSkr7jhzas3Y1KHZI8CN8W8g/getUpdates "HTTP/1.1 200 OK"
2026-03-14 10:47:09,189 [INFO] httpx: HTTP Request: POST https://api.telegram.org/bot8611683567:AAFcLxkFz7jJSkr7jhzas3Y1KHZI8CN8W8g/getUpdates "HTTP/1.1 200 OK"
2026-03-14 10:47:19,239 [INFO] httpx: HTTP Request: POST https://api.telegram.org/bot8611683567:AAFcLxkFz7jJSkr7jhzas3Y1KHZI8CN8W8g/getUpdates "HTTP/1.1 200 OK"
2026-03-14 10:47:29,276 [INFO] httpx: HTTP Request: POST https://api.telegram.org/bot8611683567:AAFcLxkFz7jJSkr7jhzas3Y1KHZI8CN8W8g/getUpdates "HTTP/1.1 200 OK"
2026-03-14 10:47:39,407 [INFO] httpx: HTTP Request: POST https://api.telegram.org/bot8611683567:AAFcLxkFz7jJSkr7jhzas3Y1KHZI8CN8W8g/getUpdates "HTTP/1.1 200 OK"
2026-03-14 10:47:49,570 [INFO] httpx: HTTP Request: POST https://api.telegram.org/bot8611683567:AAFcLxkFz7jJSkr7jhzas3Y1KHZI8CN8W8g/getUpdates "HTTP/1.1 200 OK"
2026-03-14 10:47:59,613 [INFO] httpx: HTTP Request: POST https://api.telegram.org/bot8611683567:AAFcLxkFz7jJSkr7jhzas3Y1KHZI8CN8W8g/getUpdates "HTTP/1.1 200 OK"
2026-03-14 10:48:09,657 [INFO] httpx: HTTP Request: POST https://api.telegram.org/bot8611683567:AAFcLxkFz7jJSkr7jhzas3Y1KHZI8CN8W8g/getUpdates "HTTP/1.1 200 OK"
2026-03-14 10:48:19,899 [INFO] httpx: HTTP Request: POST https://api.telegram.org/bot8611683567:AAFcLxkFz7jJSkr7jhzas3Y1KHZI8CN8W8g/getUpdates "HTTP/1.1 200 OK"
2026-03-14 10:48:29,941 [INFO] httpx: HTTP Request: POST https://api.telegram.org/bot8611683567:AAFcLxkFz7jJSkr7jhzas3Y1KHZI8CN8W8g/getUpdates "HTTP/1.1 200 OK"
2026-03-14 10:48:39,979 [INFO] httpx: HTTP Request: POST https://api.telegram.org/bot8611683567:AAFcLxkFz7jJSkr7jhzas3Y1KHZI8CN8W8g/getUpdates "HTTP/1.1 200 OK"
2026-03-14 10:48:50,018 [INFO] httpx: HTTP Request: POST https://api.telegram.org/bot8611683567:AAFcLxkFz7jJSkr7jhzas3Y1KHZI8CN8W8g/getUpdates "HTTP/1.1 200 OK"
2026-03-14 10:49:00,098 [INFO] httpx: HTTP Request: POST https://api.telegram.org/bot8611683567:AAFcLxkFz7jJSkr7jhzas3Y1KHZI8CN8W8g/getUpdates "HTTP/1.1 200 OK"
2026-03-14 10:49:10,136 [INFO] httpx: HTTP Request: POST https://api.telegram.org/bot8611683567:AAFcLxkFz7jJSkr7jhzas3Y1KHZI8CN8W8g/getUpdates "HTTP/1.1 200 OK"
2026-03-14 10:49:20,230 [INFO] httpx: HTTP Request: POST https://api.telegram.org/bot8611683567:AAFcLxkFz7jJSkr7jhzas3Y1KHZI8CN8W8g/getUpdates "HTTP/1.1 200 OK"
2026-03-14 10:49:30,286 [INFO] httpx: HTTP Request: POST https://api.telegram.org/bot8611683567:AAFcLxkFz7jJSkr7jhzas3Y1KHZI8CN8W8g/getUpdates "HTTP/1.1 200 OK"
2026-03-14 10:49:40,326 [INFO] httpx: HTTP Request: POST https://api.telegram.org/bot8611683567:AAFcLxkFz7jJSkr7jhzas3Y1KHZI8CN8W8g/getUpdates "HTTP/1.1 200 OK"
2026-03-14 10:49:50,371 [INFO] httpx: HTTP Request: POST https://api.telegram.org/bot8611683567:AAFcLxkFz7jJSkr7jhzas3Y1KHZI8CN8W8g/getUpdates "HTTP/1.1 200 OK"
2026-03-14 10:50:00,409 [INFO] httpx: HTTP Request: POST https://api.telegram.org/bot8611683567:AAFcLxkFz7jJSkr7jhzas3Y1KHZI8CN8W8g/getUpdates "HTTP/1.1 200 OK"
2026-03-14 10:50:10,449 [INFO] httpx: HTTP Request: POST https://api.telegram.org/bot8611683567:AAFcLxkFz7jJSkr7jhzas3Y1KHZI8CN8W8g/getUpdates "HTTP/1.1 200 OK"
2026-03-14 10:50:20,520 [INFO] httpx: HTTP Request: POST https://api.telegram.org/bot8611683567:AAFcLxkFz7jJSkr7jhzas3Y1KHZI8CN8W8g/getUpdates "HTTP/1.1 200 OK"
2026-03-14 10:50:30,603 [INFO] httpx: HTTP Request: POST https://api.telegram.org/bot8611683567:AAFcLxkFz7jJSkr7jhzas3Y1KHZI8CN8W8g/getUpdates "HTTP/1.1 200 OK"
2026-03-14 10:50:40,690 [INFO] httpx: HTTP Request: POST https://api.telegram.org/bot8611683567:AAFcLxkFz7jJSkr7jhzas3Y1KHZI8CN8W8g/getUpdates "HTTP/1.1 200 OK"
2026-03-14 10:50:50,743 [INFO] httpx: HTTP Request: POST https://api.telegram.org/bot8611683567:AAFcLxkFz7jJSkr7jhzas3Y1KHZI8CN8W8g/getUpdates "HTTP/1.1 200 OK"
2026-03-14 10:51:00,783 [INFO] httpx: HTTP Request: POST https://api.telegram.org/bot8611683567:AAFcLxkFz7jJSkr7jhzas3Y1KHZI8CN8W8g/getUpdates "HTTP/1.1 200 OK"
2026-03-14 10:51:10,823 [INFO] httpx: HTTP Request: POST https://api.telegram.org/bot8611683567:AAFcLxkFz7jJSkr7jhzas3Y1KHZI8CN8W8g/getUpdates "HTTP/1.1 200 OK"
2026-03-14 10:51:20,861 [INFO] httpx: HTTP Request: POST https://api.telegram.org/bot8611683567:AAFcLxkFz7jJSkr7jhzas3Y1KHZI8CN8W8g/getUpdates "HTTP/1.1 200 OK"
2026-03-14 10:51:30,902 [INFO] httpx: HTTP Request: POST https://api.telegram.org/bot8611683567:AAFcLxkFz7jJSkr7jhzas3Y1KHZI8CN8W8g/getUpdates "HTTP/1.1 200 OK"
2026-03-14 10:51:40,943 [INFO] httpx: HTTP Request: POST https://api.telegram.org/bot8611683567:AAFcLxkFz7jJSkr7jhzas3Y1KHZI8CN8W8g/getUpdates "HTTP/1.1 200 OK"
2026-03-14 10:51:51,021 [INFO] httpx: HTTP Request: POST https://api.telegram.org/bot8611683567:AAFcLxkFz7jJSkr7jhzas3Y1KHZI8CN8W8g/getUpdates "HTTP/1.1 200 OK"
2026-03-14 10:52:01,087 [INFO] httpx: HTTP Request: POST https://api.telegram.org/bot8611683567:AAFcLxkFz7jJSkr7jhzas3Y1KHZI8CN8W8g/getUpdates "HTTP/1.1 200 OK"
2026-03-14 10:52:08,745 [INFO] apscheduler.executors.default: Running job "main.<locals>.<lambda> (trigger: interval[0:30:00], next run at: 2026-03-14 11:22:08 EET)" (scheduled at 2026-03-14 10:52:08.730999+02:00)
2026-03-14 10:52:08,816 [ERROR] apscheduler.executors.default: Job "main.<locals>.<lambda> (trigger: interval[0:30:00], next run at: 2026-03-14 11:22:08 EET)" raised an exception
Traceback (most recent call last):
  File "C:\Egypt\.venv\Lib\site-packages\apscheduler\executors\base.py", line 131, in run_job
    retval = job.func(*job.args, **job.kwargs)
  File "C:\Egypt\bot.py", line 513, in <lambda>
    lambda: asyncio.ensure_future(run_check(app=app, notify_users=True)),
            ~~~~~~~~~~~~~~~~~~~~~^^^^^^^^^^^^^^^^^^^^^^^^^^^^^^^^^^^^^^^
  File "C:\Users\rzabe\AppData\Local\Programs\Python\Python314\Lib\asyncio\tasks.py", line 730, in ensure_future
    loop = events.get_event_loop()
  File "C:\Users\rzabe\AppData\Local\Programs\Python\Python314\Lib\asyncio\events.py", line 715, in get_event_loop
    raise RuntimeError('There is no current event loop in thread %r.'
                       % threading.current_thread().name)
RuntimeError: There is no current event loop in thread 'asyncio_1'.
2026-03-14 10:52:11,124 [INFO] httpx: HTTP Request: POST https://api.telegram.org/bot8611683567:AAFcLxkFz7jJSkr7jhzas3Y1KHZI8CN8W8g/getUpdates "HTTP/1.1 200 OK"
2026-03-14 10:52:21,164 [INFO] httpx: HTTP Request: POST https://api.telegram.org/bot8611683567:AAFcLxkFz7jJSkr7jhzas3Y1KHZI8CN8W8g/getUpdates "HTTP/1.1 200 OK"
2026-03-14 10:52:31,204 [INFO] httpx: HTTP Request: POST https://api.telegram.org/bot8611683567:AAFcLxkFz7jJSkr7jhzas3Y1KHZI8CN8W8g/getUpdates "HTTP/1.1 200 OK"
2026-03-14 10:52:41,242 [INFO] httpx: HTTP Request: POST https://api.telegram.org/bot8611683567:AAFcLxkFz7jJSkr7jhzas3Y1KHZI8CN8W8g/getUpdates "HTTP/1.1 200 OK"
2026-03-14 10:52:51,300 [INFO] httpx: HTTP Request: POST https://api.telegram.org/bot8611683567:AAFcLxkFz7jJSkr7jhzas3Y1KHZI8CN8W8g/getUpdates "HTTP/1.1 200 OK"
2026-03-14 10:53:01,345 [INFO] httpx: HTTP Request: POST https://api.telegram.org/bot8611683567:AAFcLxkFz7jJSkr7jhzas3Y1KHZI8CN8W8g/getUpdates "HTTP/1.1 200 OK"
2026-03-14 10:53:11,385 [INFO] httpx: HTTP Request: POST https://api.telegram.org/bot8611683567:AAFcLxkFz7jJSkr7jhzas3Y1KHZI8CN8W8g/getUpdates "HTTP/1.1 200 OK"
2026-03-14 10:53:21,426 [INFO] httpx: HTTP Request: POST https://api.telegram.org/bot8611683567:AAFcLxkFz7jJSkr7jhzas3Y1KHZI8CN8W8g/getUpdates "HTTP/1.1 200 OK"
2026-03-14 10:53:32,835 [INFO] httpx: HTTP Request: POST https://api.telegram.org/bot8611683567:AAFcLxkFz7jJSkr7jhzas3Y1KHZI8CN8W8g/getUpdates "HTTP/1.1 200 OK"
2026-03-14 10:53:42,875 [INFO] httpx: HTTP Request: POST https://api.telegram.org/bot8611683567:AAFcLxkFz7jJSkr7jhzas3Y1KHZI8CN8W8g/getUpdates "HTTP/1.1 200 OK"
2026-03-14 10:53:52,914 [INFO] httpx: HTTP Request: POST https://api.telegram.org/bot8611683567:AAFcLxkFz7jJSkr7jhzas3Y1KHZI8CN8W8g/getUpdates "HTTP/1.1 200 OK"
2026-03-14 10:54:02,952 [INFO] httpx: HTTP Request: POST https://api.telegram.org/bot8611683567:AAFcLxkFz7jJSkr7jhzas3Y1KHZI8CN8W8g/getUpdates "HTTP/1.1 200 OK"
2026-03-14 10:54:12,991 [INFO] httpx: HTTP Request: POST https://api.telegram.org/bot8611683567:AAFcLxkFz7jJSkr7jhzas3Y1KHZI8CN8W8g/getUpdates "HTTP/1.1 200 OK"
2026-03-14 10:54:23,030 [INFO] httpx: HTTP Request: POST https://api.telegram.org/bot8611683567:AAFcLxkFz7jJSkr7jhzas3Y1KHZI8CN8W8g/getUpdates "HTTP/1.1 200 OK"
2026-03-14 10:54:33,067 [INFO] httpx: HTTP Request: POST https://api.telegram.org/bot8611683567:AAFcLxkFz7jJSkr7jhzas3Y1KHZI8CN8W8g/getUpdates "HTTP/1.1 200 OK"
2026-03-14 10:54:43,112 [INFO] httpx: HTTP Request: POST https://api.telegram.org/bot8611683567:AAFcLxkFz7jJSkr7jhzas3Y1KHZI8CN8W8g/getUpdates "HTTP/1.1 200 OK"
2026-03-14 10:54:55,226 [INFO] httpx: HTTP Request: POST https://api.telegram.org/bot8611683567:AAFcLxkFz7jJSkr7jhzas3Y1KHZI8CN8W8g/getUpdates "HTTP/1.1 200 OK"
2026-03-14 10:55:05,269 [INFO] httpx: HTTP Request: POST https://api.telegram.org/bot8611683567:AAFcLxkFz7jJSkr7jhzas3Y1KHZI8CN8W8g/getUpdates "HTTP/1.1 200 OK"
2026-03-14 10:55:15,307 [INFO] httpx: HTTP Request: POST https://api.telegram.org/bot8611683567:AAFcLxkFz7jJSkr7jhzas3Y1KHZI8CN8W8g/getUpdates "HTTP/1.1 200 OK"
2026-03-14 10:55:25,356 [INFO] httpx: HTTP Request: POST https://api.telegram.org/bot8611683567:AAFcLxkFz7jJSkr7jhzas3Y1KHZI8CN8W8g/getUpdates "HTTP/1.1 200 OK"
2026-03-14 10:55:35,392 [INFO] httpx: HTTP Request: POST https://api.telegram.org/bot8611683567:AAFcLxkFz7jJSkr7jhzas3Y1KHZI8CN8W8g/getUpdates "HTTP/1.1 200 OK"
2026-03-14 10:55:45,436 [INFO] httpx: HTTP Request: POST https://api.telegram.org/bot8611683567:AAFcLxkFz7jJSkr7jhzas3Y1KHZI8CN8W8g/getUpdates "HTTP/1.1 200 OK"
2026-03-14 10:55:56,870 [INFO] httpx: HTTP Request: POST https://api.telegram.org/bot8611683567:AAFcLxkFz7jJSkr7jhzas3Y1KHZI8CN8W8g/getUpdates "HTTP/1.1 200 OK"
2026-03-14 10:56:10,417 [INFO] httpx: HTTP Request: POST https://api.telegram.org/bot8611683567:AAFcLxkFz7jJSkr7jhzas3Y1KHZI8CN8W8g/getUpdates "HTTP/1.1 200 OK"
2026-03-14 10:56:20,460 [INFO] httpx: HTTP Request: POST https://api.telegram.org/bot8611683567:AAFcLxkFz7jJSkr7jhzas3Y1KHZI8CN8W8g/getUpdates "HTTP/1.1 200 OK"
2026-03-14 10:56:30,501 [INFO] httpx: HTTP Request: POST https://api.telegram.org/bot8611683567:AAFcLxkFz7jJSkr7jhzas3Y1KHZI8CN8W8g/getUpdates "HTTP/1.1 200 OK"
2026-03-14 10:56:40,540 [INFO] httpx: HTTP Request: POST https://api.telegram.org/bot8611683567:AAFcLxkFz7jJSkr7jhzas3Y1KHZI8CN8W8g/getUpdates "HTTP/1.1 200 OK"
2026-03-14 10:56:50,585 [INFO] httpx: HTTP Request: POST https://api.telegram.org/bot8611683567:AAFcLxkFz7jJSkr7jhzas3Y1KHZI8CN8W8g/getUpdates "HTTP/1.1 200 OK"
2026-03-14 10:57:00,623 [INFO] httpx: HTTP Request: POST https://api.telegram.org/bot8611683567:AAFcLxkFz7jJSkr7jhzas3Y1KHZI8CN8W8g/getUpdates "HTTP/1.1 200 OK"
2026-03-14 10:57:10,663 [INFO] httpx: HTTP Request: POST https://api.telegram.org/bot8611683567:AAFcLxkFz7jJSkr7jhzas3Y1KHZI8CN8W8g/getUpdates "HTTP/1.1 200 OK"
2026-03-14 10:57:35,917 [INFO] httpx: HTTP Request: POST https://api.telegram.org/bot8611683567:AAFcLxkFz7jJSkr7jhzas3Y1KHZI8CN8W8g/getUpdates "HTTP/1.1 200 OK"
2026-03-14 10:57:45,985 [INFO] httpx: HTTP Request: POST https://api.telegram.org/bot8611683567:AAFcLxkFz7jJSkr7jhzas3Y1KHZI8CN8W8g/getUpdates "HTTP/1.1 200 OK"
2026-03-14 10:57:58,297 [INFO] httpx: HTTP Request: POST https://api.telegram.org/bot8611683567:AAFcLxkFz7jJSkr7jhzas3Y1KHZI8CN8W8g/getUpdates "HTTP/1.1 200 OK"
2026-03-14 10:58:08,352 [INFO] httpx: HTTP Request: POST https://api.telegram.org/bot8611683567:AAFcLxkFz7jJSkr7jhzas3Y1KHZI8CN8W8g/getUpdates "HTTP/1.1 200 OK"
2026-03-14 10:58:18,431 [INFO] httpx: HTTP Request: POST https://api.telegram.org/bot8611683567:AAFcLxkFz7jJSkr7jhzas3Y1KHZI8CN8W8g/getUpdates "HTTP/1.1 200 OK"
2026-03-14 10:58:28,477 [INFO] httpx: HTTP Request: POST https://api.telegram.org/bot8611683567:AAFcLxkFz7jJSkr7jhzas3Y1KHZI8CN8W8g/getUpdates "HTTP/1.1 200 OK"
2026-03-14 10:58:38,518 [INFO] httpx: HTTP Request: POST https://api.telegram.org/bot8611683567:AAFcLxkFz7jJSkr7jhzas3Y1KHZI8CN8W8g/getUpdates "HTTP/1.1 200 OK"
2026-03-14 10:58:48,562 [INFO] httpx: HTTP Request: POST https://api.telegram.org/bot8611683567:AAFcLxkFz7jJSkr7jhzas3Y1KHZI8CN8W8g/getUpdates "HTTP/1.1 200 OK"
2026-03-14 10:59:16,775 [INFO] httpx: HTTP Request: POST https://api.telegram.org/bot8611683567:AAFcLxkFz7jJSkr7jhzas3Y1KHZI8CN8W8g/getUpdates "HTTP/1.1 200 OK"
2026-03-14 10:59:26,822 [INFO] httpx: HTTP Request: POST https://api.telegram.org/bot8611683567:AAFcLxkFz7jJSkr7jhzas3Y1KHZI8CN8W8g/getUpdates "HTTP/1.1 200 OK"
2026-03-14 10:59:36,865 [INFO] httpx: HTTP Request: POST https://api.telegram.org/bot8611683567:AAFcLxkFz7jJSkr7jhzas3Y1KHZI8CN8W8g/getUpdates "HTTP/1.1 200 OK"
2026-03-14 10:59:46,906 [INFO] httpx: HTTP Request: POST https://api.telegram.org/bot8611683567:AAFcLxkFz7jJSkr7jhzas3Y1KHZI8CN8W8g/getUpdates "HTTP/1.1 200 OK"
2026-03-14 10:59:56,948 [INFO] httpx: HTTP Request: POST https://api.telegram.org/bot8611683567:AAFcLxkFz7jJSkr7jhzas3Y1KHZI8CN8W8g/getUpdates "HTTP/1.1 200 OK"
2026-03-14 11:00:06,989 [INFO] httpx: HTTP Request: POST https://api.telegram.org/bot8611683567:AAFcLxkFz7jJSkr7jhzas3Y1KHZI8CN8W8g/getUpdates "HTTP/1.1 200 OK"
2026-03-14 11:00:17,026 [INFO] httpx: HTTP Request: POST https://api.telegram.org/bot8611683567:AAFcLxkFz7jJSkr7jhzas3Y1KHZI8CN8W8g/getUpdates "HTTP/1.1 200 OK"
2026-03-14 11:00:27,069 [INFO] httpx: HTTP Request: POST https://api.telegram.org/bot8611683567:AAFcLxkFz7jJSkr7jhzas3Y1KHZI8CN8W8g/getUpdates "HTTP/1.1 200 OK"
2026-03-14 11:00:37,112 [INFO] httpx: HTTP Request: POST https://api.telegram.org/bot8611683567:AAFcLxkFz7jJSkr7jhzas3Y1KHZI8CN8W8g/getUpdates "HTTP/1.1 200 OK"
2026-03-14 11:00:47,151 [INFO] httpx: HTTP Request: POST https://api.telegram.org/bot8611683567:AAFcLxkFz7jJSkr7jhzas3Y1KHZI8CN8W8g/getUpdates "HTTP/1.1 200 OK"
2026-03-14 11:00:57,238 [INFO] httpx: HTTP Request: POST https://api.telegram.org/bot8611683567:AAFcLxkFz7jJSkr7jhzas3Y1KHZI8CN8W8g/getUpdates "HTTP/1.1 200 OK"
2026-03-14 11:01:07,310 [INFO] httpx: HTTP Request: POST https://api.telegram.org/bot8611683567:AAFcLxkFz7jJSkr7jhzas3Y1KHZI8CN8W8g/getUpdates "HTTP/1.1 200 OK"
2026-03-14 11:01:17,355 [INFO] httpx: HTTP Request: POST https://api.telegram.org/bot8611683567:AAFcLxkFz7jJSkr7jhzas3Y1KHZI8CN8W8g/getUpdates "HTTP/1.1 200 OK"
2026-03-14 11:01:27,396 [INFO] httpx: HTTP Request: POST https://api.telegram.org/bot8611683567:AAFcLxkFz7jJSkr7jhzas3Y1KHZI8CN8W8g/getUpdates "HTTP/1.1 200 OK"
2026-03-14 11:01:37,437 [INFO] httpx: HTTP Request: POST https://api.telegram.org/bot8611683567:AAFcLxkFz7jJSkr7jhzas3Y1KHZI8CN8W8g/getUpdates "HTTP/1.1 200 OK"
2026-03-14 11:01:47,476 [INFO] httpx: HTTP Request: POST https://api.telegram.org/bot8611683567:AAFcLxkFz7jJSkr7jhzas3Y1KHZI8CN8W8g/getUpdates "HTTP/1.1 200 OK"
2026-03-14 11:01:57,518 [INFO] httpx: HTTP Request: POST https://api.telegram.org/bot8611683567:AAFcLxkFz7jJSkr7jhzas3Y1KHZI8CN8W8g/getUpdates "HTTP/1.1 200 OK"
2026-03-14 11:02:07,561 [INFO] httpx: HTTP Request: POST https://api.telegram.org/bot8611683567:AAFcLxkFz7jJSkr7jhzas3Y1KHZI8CN8W8g/getUpdates "HTTP/1.1 200 OK"
2026-03-14 11:02:17,602 [INFO] httpx: HTTP Request: POST https://api.telegram.org/bot8611683567:AAFcLxkFz7jJSkr7jhzas3Y1KHZI8CN8W8g/getUpdates "HTTP/1.1 200 OK"
2026-03-14 11:02:27,645 [INFO] httpx: HTTP Request: POST https://api.telegram.org/bot8611683567:AAFcLxkFz7jJSkr7jhzas3Y1KHZI8CN8W8g/getUpdates "HTTP/1.1 200 OK"
2026-03-14 11:02:37,692 [INFO] httpx: HTTP Request: POST https://api.telegram.org/bot8611683567:AAFcLxkFz7jJSkr7jhzas3Y1KHZI8CN8W8g/getUpdates "HTTP/1.1 200 OK"
2026-03-14 11:02:47,730 [INFO] httpx: HTTP Request: POST https://api.telegram.org/bot8611683567:AAFcLxkFz7jJSkr7jhzas3Y1KHZI8CN8W8g/getUpdates "HTTP/1.1 200 OK"
2026-03-14 11:02:57,815 [INFO] httpx: HTTP Request: POST https://api.telegram.org/bot8611683567:AAFcLxkFz7jJSkr7jhzas3Y1KHZI8CN8W8g/getUpdates "HTTP/1.1 200 OK"
2026-03-14 11:03:07,898 [INFO] httpx: HTTP Request: POST https://api.telegram.org/bot8611683567:AAFcLxkFz7jJSkr7jhzas3Y1KHZI8CN8W8g/getUpdates "HTTP/1.1 200 OK"
2026-03-14 11:03:17,948 [INFO] httpx: HTTP Request: POST https://api.telegram.org/bot8611683567:AAFcLxkFz7jJSkr7jhzas3Y1KHZI8CN8W8g/getUpdates "HTTP/1.1 200 OK"
2026-03-14 11:03:27,990 [INFO] httpx: HTTP Request: POST https://api.telegram.org/bot8611683567:AAFcLxkFz7jJSkr7jhzas3Y1KHZI8CN8W8g/getUpdates "HTTP/1.1 200 OK"
2026-03-14 11:03:38,032 [INFO] httpx: HTTP Request: POST https://api.telegram.org/bot8611683567:AAFcLxkFz7jJSkr7jhzas3Y1KHZI8CN8W8g/getUpdates "HTTP/1.1 200 OK"
2026-03-14 11:03:48,077 [INFO] httpx: HTTP Request: POST https://api.telegram.org/bot8611683567:AAFcLxkFz7jJSkr7jhzas3Y1KHZI8CN8W8g/getUpdates "HTTP/1.1 200 OK"
2026-03-14 11:03:58,122 [INFO] httpx: HTTP Request: POST https://api.telegram.org/bot8611683567:AAFcLxkFz7jJSkr7jhzas3Y1KHZI8CN8W8g/getUpdates "HTTP/1.1 200 OK"
2026-03-14 11:04:08,167 [INFO] httpx: HTTP Request: POST https://api.telegram.org/bot8611683567:AAFcLxkFz7jJSkr7jhzas3Y1KHZI8CN8W8g/getUpdates "HTTP/1.1 200 OK"
2026-03-14 11:04:18,238 [INFO] httpx: HTTP Request: POST https://api.telegram.org/bot8611683567:AAFcLxkFz7jJSkr7jhzas3Y1KHZI8CN8W8g/getUpdates "HTTP/1.1 200 OK"
2026-03-14 11:04:28,281 [INFO] httpx: HTTP Request: POST https://api.telegram.org/bot8611683567:AAFcLxkFz7jJSkr7jhzas3Y1KHZI8CN8W8g/getUpdates "HTTP/1.1 200 OK"
2026-03-14 11:04:38,317 [INFO] httpx: HTTP Request: POST https://api.telegram.org/bot8611683567:AAFcLxkFz7jJSkr7jhzas3Y1KHZI8CN8W8g/getUpdates "HTTP/1.1 200 OK"
2026-03-14 11:04:48,358 [INFO] httpx: HTTP Request: POST https://api.telegram.org/bot8611683567:AAFcLxkFz7jJSkr7jhzas3Y1KHZI8CN8W8g/getUpdates "HTTP/1.1 200 OK"
2026-03-14 11:04:58,396 [INFO] httpx: HTTP Request: POST https://api.telegram.org/bot8611683567:AAFcLxkFz7jJSkr7jhzas3Y1KHZI8CN8W8g/getUpdates "HTTP/1.1 200 OK"
2026-03-14 11:05:08,436 [INFO] httpx: HTTP Request: POST https://api.telegram.org/bot8611683567:AAFcLxkFz7jJSkr7jhzas3Y1KHZI8CN8W8g/getUpdates "HTTP/1.1 200 OK"
2026-03-14 11:05:18,516 [INFO] httpx: HTTP Request: POST https://api.telegram.org/bot8611683567:AAFcLxkFz7jJSkr7jhzas3Y1KHZI8CN8W8g/getUpdates "HTTP/1.1 200 OK"
2026-03-14 11:05:28,556 [INFO] httpx: HTTP Request: POST https://api.telegram.org/bot8611683567:AAFcLxkFz7jJSkr7jhzas3Y1KHZI8CN8W8g/getUpdates "HTTP/1.1 200 OK"
2026-03-14 11:05:38,599 [INFO] httpx: HTTP Request: POST https://api.telegram.org/bot8611683567:AAFcLxkFz7jJSkr7jhzas3Y1KHZI8CN8W8g/getUpdates "HTTP/1.1 200 OK"
2026-03-14 11:05:48,643 [INFO] httpx: HTTP Request: POST https://api.telegram.org/bot8611683567:AAFcLxkFz7jJSkr7jhzas3Y1KHZI8CN8W8g/getUpdates "HTTP/1.1 200 OK"
2026-03-14 11:05:58,685 [INFO] httpx: HTTP Request: POST https://api.telegram.org/bot8611683567:AAFcLxkFz7jJSkr7jhzas3Y1KHZI8CN8W8g/getUpdates "HTTP/1.1 200 OK"
2026-03-14 11:06:08,728 [INFO] httpx: HTTP Request: POST https://api.telegram.org/bot8611683567:AAFcLxkFz7jJSkr7jhzas3Y1KHZI8CN8W8g/getUpdates "HTTP/1.1 200 OK"
2026-03-14 11:06:18,908 [INFO] httpx: HTTP Request: POST https://api.telegram.org/bot8611683567:AAFcLxkFz7jJSkr7jhzas3Y1KHZI8CN8W8g/getUpdates "HTTP/1.1 200 OK"
2026-03-14 11:06:28,949 [INFO] httpx: HTTP Request: POST https://api.telegram.org/bot8611683567:AAFcLxkFz7jJSkr7jhzas3Y1KHZI8CN8W8g/getUpdates "HTTP/1.1 200 OK"
2026-03-14 12:12:28,721 [INFO] __main__: ✅ БД готова
2026-03-14 12:12:29,217 [INFO] apscheduler.scheduler: Adding job tentatively -- it will be properly scheduled when the scheduler starts
2026-03-14 12:12:29,217 [INFO] __main__: 🤖 Бот запущен!
2026-03-14 12:12:29,395 [INFO] httpx: HTTP Request: POST https://api.telegram.org/bot8611683567:AAFcLxkFz7jJSkr7jhzas3Y1KHZI8CN8W8g/getMe "HTTP/1.1 200 OK"
2026-03-14 12:12:29,398 [INFO] apscheduler.scheduler: Added job "main.<locals>.<lambda>" to job store "default"
2026-03-14 12:12:29,398 [INFO] apscheduler.scheduler: Scheduler started
2026-03-14 12:12:29,398 [INFO] __main__: ⏰ Планировщик: каждые 30 мин
2026-03-14 12:12:34,549 [INFO] httpx: HTTP Request: POST https://api.telegram.org/bot8611683567:AAFcLxkFz7jJSkr7jhzas3Y1KHZI8CN8W8g/sendMessage "HTTP/1.1 200 OK"
2026-03-14 12:12:34,552 [INFO] __main__: ▶️  Проверка [14.03.2026 12:12]
2026-03-14 12:12:37,234 [ERROR] scrapers.teztour: TEZ Tour: ошибка запроса: Expecting value: line 1 column 1 (char 0)
2026-03-14 12:12:41,572 [INFO] scrapers.novatours: Novatours: токен получен (03096e2114...)
2026-03-14 12:12:42,951 [INFO] scrapers.novatours: Novatours: 10 отелей с ценами
2026-03-14 12:12:49,010 [INFO] __main__: Novatours: 10 туров до фильтра
2026-03-14 12:12:49,011 [INFO] __main__: Итого до фильтра: 10
2026-03-14 12:12:49,024 [INFO] __main__: 🔥 Новых горящих: 0
2026-03-14 12:12:49,149 [INFO] httpx: HTTP Request: POST https://api.telegram.org/bot8611683567:AAFcLxkFz7jJSkr7jhzas3Y1KHZI8CN8W8g/deleteWebhook "HTTP/1.1 200 OK"
2026-03-14 12:12:49,154 [INFO] apscheduler.scheduler: Scheduler started
2026-03-14 12:12:49,156 [INFO] telegram.ext.Application: Application started
2026-03-14 12:12:49,263 [INFO] httpx: HTTP Request: POST https://api.telegram.org/bot8611683567:AAFcLxkFz7jJSkr7jhzas3Y1KHZI8CN8W8g/getUpdates "HTTP/1.1 200 OK"
2026-03-14 12:12:49,377 [INFO] httpx: HTTP Request: POST https://api.telegram.org/bot8611683567:AAFcLxkFz7jJSkr7jhzas3Y1KHZI8CN8W8g/sendMessage "HTTP/1.1 200 OK"
2026-03-14 12:12:59,309 [INFO] httpx: HTTP Request: POST https://api.telegram.org/bot8611683567:AAFcLxkFz7jJSkr7jhzas3Y1KHZI8CN8W8g/getUpdates "HTTP/1.1 200 OK"
2026-03-14 12:13:09,353 [INFO] httpx: HTTP Request: POST https://api.telegram.org/bot8611683567:AAFcLxkFz7jJSkr7jhzas3Y1KHZI8CN8W8g/getUpdates "HTTP/1.1 200 OK"
2026-03-14 12:13:19,393 [INFO] httpx: HTTP Request: POST https://api.telegram.org/bot8611683567:AAFcLxkFz7jJSkr7jhzas3Y1KHZI8CN8W8g/getUpdates "HTTP/1.1 200 OK"
2026-03-14 12:13:29,434 [INFO] httpx: HTTP Request: POST https://api.telegram.org/bot8611683567:AAFcLxkFz7jJSkr7jhzas3Y1KHZI8CN8W8g/getUpdates "HTTP/1.1 200 OK"
2026-03-14 12:13:39,473 [INFO] httpx: HTTP Request: POST https://api.telegram.org/bot8611683567:AAFcLxkFz7jJSkr7jhzas3Y1KHZI8CN8W8g/getUpdates "HTTP/1.1 200 OK"
2026-03-14 12:13:49,515 [INFO] httpx: HTTP Request: POST https://api.telegram.org/bot8611683567:AAFcLxkFz7jJSkr7jhzas3Y1KHZI8CN8W8g/getUpdates "HTTP/1.1 200 OK"
2026-03-14 12:13:59,557 [INFO] httpx: HTTP Request: POST https://api.telegram.org/bot8611683567:AAFcLxkFz7jJSkr7jhzas3Y1KHZI8CN8W8g/getUpdates "HTTP/1.1 200 OK"
2026-03-14 12:14:09,600 [INFO] httpx: HTTP Request: POST https://api.telegram.org/bot8611683567:AAFcLxkFz7jJSkr7jhzas3Y1KHZI8CN8W8g/getUpdates "HTTP/1.1 200 OK"
2026-03-14 12:14:19,642 [INFO] httpx: HTTP Request: POST https://api.telegram.org/bot8611683567:AAFcLxkFz7jJSkr7jhzas3Y1KHZI8CN8W8g/getUpdates "HTTP/1.1 200 OK"
2026-03-14 12:14:29,685 [INFO] httpx: HTTP Request: POST https://api.telegram.org/bot8611683567:AAFcLxkFz7jJSkr7jhzas3Y1KHZI8CN8W8g/getUpdates "HTTP/1.1 200 OK"
2026-03-14 12:14:39,727 [INFO] httpx: HTTP Request: POST https://api.telegram.org/bot8611683567:AAFcLxkFz7jJSkr7jhzas3Y1KHZI8CN8W8g/getUpdates "HTTP/1.1 200 OK"
2026-03-14 12:14:49,763 [INFO] httpx: HTTP Request: POST https://api.telegram.org/bot8611683567:AAFcLxkFz7jJSkr7jhzas3Y1KHZI8CN8W8g/getUpdates "HTTP/1.1 200 OK"
2026-03-14 12:14:59,804 [INFO] httpx: HTTP Request: POST https://api.telegram.org/bot8611683567:AAFcLxkFz7jJSkr7jhzas3Y1KHZI8CN8W8g/getUpdates "HTTP/1.1 200 OK"
2026-03-14 12:15:09,846 [INFO] httpx: HTTP Request: POST https://api.telegram.org/bot8611683567:AAFcLxkFz7jJSkr7jhzas3Y1KHZI8CN8W8g/getUpdates "HTTP/1.1 200 OK"
2026-03-14 12:15:19,883 [INFO] httpx: HTTP Request: POST https://api.telegram.org/bot8611683567:AAFcLxkFz7jJSkr7jhzas3Y1KHZI8CN8W8g/getUpdates "HTTP/1.1 200 OK"
2026-03-14 12:15:29,921 [INFO] httpx: HTTP Request: POST https://api.telegram.org/bot8611683567:AAFcLxkFz7jJSkr7jhzas3Y1KHZI8CN8W8g/getUpdates "HTTP/1.1 200 OK"
2026-03-14 12:15:39,955 [INFO] httpx: HTTP Request: POST https://api.telegram.org/bot8611683567:AAFcLxkFz7jJSkr7jhzas3Y1KHZI8CN8W8g/getUpdates "HTTP/1.1 200 OK"
2026-03-14 12:15:49,998 [INFO] httpx: HTTP Request: POST https://api.telegram.org/bot8611683567:AAFcLxkFz7jJSkr7jhzas3Y1KHZI8CN8W8g/getUpdates "HTTP/1.1 200 OK"
2026-03-14 12:16:00,033 [INFO] httpx: HTTP Request: POST https://api.telegram.org/bot8611683567:AAFcLxkFz7jJSkr7jhzas3Y1KHZI8CN8W8g/getUpdates "HTTP/1.1 200 OK"
2026-03-14 12:16:10,071 [INFO] httpx: HTTP Request: POST https://api.telegram.org/bot8611683567:AAFcLxkFz7jJSkr7jhzas3Y1KHZI8CN8W8g/getUpdates "HTTP/1.1 200 OK"
2026-03-14 12:16:20,111 [INFO] httpx: HTTP Request: POST https://api.telegram.org/bot8611683567:AAFcLxkFz7jJSkr7jhzas3Y1KHZI8CN8W8g/getUpdates "HTTP/1.1 200 OK"
2026-03-14 12:16:30,151 [INFO] httpx: HTTP Request: POST https://api.telegram.org/bot8611683567:AAFcLxkFz7jJSkr7jhzas3Y1KHZI8CN8W8g/getUpdates "HTTP/1.1 200 OK"
2026-03-14 12:16:40,189 [INFO] httpx: HTTP Request: POST https://api.telegram.org/bot8611683567:AAFcLxkFz7jJSkr7jhzas3Y1KHZI8CN8W8g/getUpdates "HTTP/1.1 200 OK"
2026-03-14 12:16:50,227 [INFO] httpx: HTTP Request: POST https://api.telegram.org/bot8611683567:AAFcLxkFz7jJSkr7jhzas3Y1KHZI8CN8W8g/getUpdates "HTTP/1.1 200 OK"
2026-03-14 12:17:00,265 [INFO] httpx: HTTP Request: POST https://api.telegram.org/bot8611683567:AAFcLxkFz7jJSkr7jhzas3Y1KHZI8CN8W8g/getUpdates "HTTP/1.1 200 OK"
2026-03-14 12:17:10,304 [INFO] httpx: HTTP Request: POST https://api.telegram.org/bot8611683567:AAFcLxkFz7jJSkr7jhzas3Y1KHZI8CN8W8g/getUpdates "HTTP/1.1 200 OK"
2026-03-14 12:17:20,349 [INFO] httpx: HTTP Request: POST https://api.telegram.org/bot8611683567:AAFcLxkFz7jJSkr7jhzas3Y1KHZI8CN8W8g/getUpdates "HTTP/1.1 200 OK"
2026-03-14 12:17:30,387 [INFO] httpx: HTTP Request: POST https://api.telegram.org/bot8611683567:AAFcLxkFz7jJSkr7jhzas3Y1KHZI8CN8W8g/getUpdates "HTTP/1.1 200 OK"
2026-03-14 12:17:40,423 [INFO] httpx: HTTP Request: POST https://api.telegram.org/bot8611683567:AAFcLxkFz7jJSkr7jhzas3Y1KHZI8CN8W8g/getUpdates "HTTP/1.1 200 OK"
2026-03-14 12:17:50,476 [INFO] httpx: HTTP Request: POST https://api.telegram.org/bot8611683567:AAFcLxkFz7jJSkr7jhzas3Y1KHZI8CN8W8g/getUpdates "HTTP/1.1 200 OK"
2026-03-14 12:18:00,512 [INFO] httpx: HTTP Request: POST https://api.telegram.org/bot8611683567:AAFcLxkFz7jJSkr7jhzas3Y1KHZI8CN8W8g/getUpdates "HTTP/1.1 200 OK"
2026-03-14 12:18:10,551 [INFO] httpx: HTTP Request: POST https://api.telegram.org/bot8611683567:AAFcLxkFz7jJSkr7jhzas3Y1KHZI8CN8W8g/getUpdates "HTTP/1.1 200 OK"
2026-03-14 12:18:20,591 [INFO] httpx: HTTP Request: POST https://api.telegram.org/bot8611683567:AAFcLxkFz7jJSkr7jhzas3Y1KHZI8CN8W8g/getUpdates "HTTP/1.1 200 OK"
2026-03-14 12:18:30,632 [INFO] httpx: HTTP Request: POST https://api.telegram.org/bot8611683567:AAFcLxkFz7jJSkr7jhzas3Y1KHZI8CN8W8g/getUpdates "HTTP/1.1 200 OK"
2026-03-14 12:18:40,673 [INFO] httpx: HTTP Request: POST https://api.telegram.org/bot8611683567:AAFcLxkFz7jJSkr7jhzas3Y1KHZI8CN8W8g/getUpdates "HTTP/1.1 200 OK"
2026-03-14 12:18:50,713 [INFO] httpx: HTTP Request: POST https://api.telegram.org/bot8611683567:AAFcLxkFz7jJSkr7jhzas3Y1KHZI8CN8W8g/getUpdates "HTTP/1.1 200 OK"
2026-03-14 12:19:00,755 [INFO] httpx: HTTP Request: POST https://api.telegram.org/bot8611683567:AAFcLxkFz7jJSkr7jhzas3Y1KHZI8CN8W8g/getUpdates "HTTP/1.1 200 OK"
2026-03-14 12:19:10,796 [INFO] httpx: HTTP Request: POST https://api.telegram.org/bot8611683567:AAFcLxkFz7jJSkr7jhzas3Y1KHZI8CN8W8g/getUpdates "HTTP/1.1 200 OK"
2026-03-14 12:19:20,832 [INFO] httpx: HTTP Request: POST https://api.telegram.org/bot8611683567:AAFcLxkFz7jJSkr7jhzas3Y1KHZI8CN8W8g/getUpdates "HTTP/1.1 200 OK"
2026-03-14 12:19:30,872 [INFO] httpx: HTTP Request: POST https://api.telegram.org/bot8611683567:AAFcLxkFz7jJSkr7jhzas3Y1KHZI8CN8W8g/getUpdates "HTTP/1.1 200 OK"
2026-03-14 12:19:40,914 [INFO] httpx: HTTP Request: POST https://api.telegram.org/bot8611683567:AAFcLxkFz7jJSkr7jhzas3Y1KHZI8CN8W8g/getUpdates "HTTP/1.1 200 OK"
2026-03-14 12:19:50,953 [INFO] httpx: HTTP Request: POST https://api.telegram.org/bot8611683567:AAFcLxkFz7jJSkr7jhzas3Y1KHZI8CN8W8g/getUpdates "HTTP/1.1 200 OK"
2026-03-14 12:20:00,994 [INFO] httpx: HTTP Request: POST https://api.telegram.org/bot8611683567:AAFcLxkFz7jJSkr7jhzas3Y1KHZI8CN8W8g/getUpdates "HTTP/1.1 200 OK"
2026-03-14 12:20:11,031 [INFO] httpx: HTTP Request: POST https://api.telegram.org/bot8611683567:AAFcLxkFz7jJSkr7jhzas3Y1KHZI8CN8W8g/getUpdates "HTTP/1.1 200 OK"
2026-03-14 12:20:19,566 [INFO] httpx: HTTP Request: POST https://api.telegram.org/bot8611683567:AAFcLxkFz7jJSkr7jhzas3Y1KHZI8CN8W8g/getUpdates "HTTP/1.1 200 OK"
2026-03-14 12:20:19,568 [INFO] telegram.ext.Application: Application is stopping. This might take a moment.
2026-03-14 12:20:19,568 [INFO] apscheduler.scheduler: Scheduler has been shut down
2026-03-14 12:20:19,588 [INFO] telegram.ext.Application: Application.stop() complete
2026-03-14 12:20:19,590 [INFO] apscheduler.scheduler: Scheduler has been shut down
2026-03-14 12:20:22,314 [INFO] __main__: ✅ БД готова
2026-03-14 12:20:22,777 [INFO] apscheduler.scheduler: Adding job tentatively -- it will be properly scheduled when the scheduler starts
2026-03-14 12:20:22,777 [INFO] __main__: 🤖 Бот запущен!
2026-03-14 12:20:23,082 [INFO] httpx: HTTP Request: POST https://api.telegram.org/bot8611683567:AAFcLxkFz7jJSkr7jhzas3Y1KHZI8CN8W8g/getMe "HTTP/1.1 200 OK"
2026-03-14 12:20:23,084 [INFO] apscheduler.scheduler: Added job "main.<locals>.<lambda>" to job store "default"
2026-03-14 12:20:23,084 [INFO] apscheduler.scheduler: Scheduler started
2026-03-14 12:20:23,085 [INFO] __main__: ⏰ Планировщик: каждые 30 мин
2026-03-14 12:20:28,241 [INFO] httpx: HTTP Request: POST https://api.telegram.org/bot8611683567:AAFcLxkFz7jJSkr7jhzas3Y1KHZI8CN8W8g/sendMessage "HTTP/1.1 200 OK"
2026-03-14 12:20:28,243 [INFO] __main__: ▶️  Проверка [14.03.2026 12:20]
2026-03-14 12:20:30,906 [ERROR] scrapers.teztour: TEZ Tour: ошибка запроса (стр.1): Expecting value: line 1 column 1 (char 0)
2026-03-14 12:20:30,907 [WARNING] scrapers.teztour: TEZ Tour: туры не найдены
2026-03-14 12:20:32,260 [INFO] scrapers.novatours: Novatours: токен получен (03096e2114...)
2026-03-14 12:20:32,740 [INFO] scrapers.novatours: Novatours: 10 отелей с ценами
2026-03-14 12:20:33,238 [INFO] __main__: Novatours: 10 туров до фильтра
2026-03-14 12:20:33,239 [INFO] __main__: Итого до фильтра: 10
2026-03-14 12:20:33,245 [INFO] __main__: 🔥 Новых горящих: 0
2026-03-14 12:20:33,359 [INFO] httpx: HTTP Request: POST https://api.telegram.org/bot8611683567:AAFcLxkFz7jJSkr7jhzas3Y1KHZI8CN8W8g/deleteWebhook "HTTP/1.1 200 OK"
2026-03-14 12:20:33,365 [INFO] apscheduler.scheduler: Scheduler started
2026-03-14 12:20:33,366 [INFO] telegram.ext.Application: Application started
2026-03-14 12:20:43,479 [INFO] httpx: HTTP Request: POST https://api.telegram.org/bot8611683567:AAFcLxkFz7jJSkr7jhzas3Y1KHZI8CN8W8g/getUpdates "HTTP/1.1 200 OK"
2026-03-14 12:20:53,514 [INFO] httpx: HTTP Request: POST https://api.telegram.org/bot8611683567:AAFcLxkFz7jJSkr7jhzas3Y1KHZI8CN8W8g/getUpdates "HTTP/1.1 200 OK"
2026-03-14 12:21:03,556 [INFO] httpx: HTTP Request: POST https://api.telegram.org/bot8611683567:AAFcLxkFz7jJSkr7jhzas3Y1KHZI8CN8W8g/getUpdates "HTTP/1.1 200 OK"
2026-03-14 12:21:13,598 [INFO] httpx: HTTP Request: POST https://api.telegram.org/bot8611683567:AAFcLxkFz7jJSkr7jhzas3Y1KHZI8CN8W8g/getUpdates "HTTP/1.1 200 OK"
2026-03-14 12:21:23,667 [INFO] httpx: HTTP Request: POST https://api.telegram.org/bot8611683567:AAFcLxkFz7jJSkr7jhzas3Y1KHZI8CN8W8g/getUpdates "HTTP/1.1 200 OK"
2026-03-14 12:21:33,703 [INFO] httpx: HTTP Request: POST https://api.telegram.org/bot8611683567:AAFcLxkFz7jJSkr7jhzas3Y1KHZI8CN8W8g/getUpdates "HTTP/1.1 200 OK"
2026-03-14 12:21:43,740 [INFO] httpx: HTTP Request: POST https://api.telegram.org/bot8611683567:AAFcLxkFz7jJSkr7jhzas3Y1KHZI8CN8W8g/getUpdates "HTTP/1.1 200 OK"
2026-03-14 12:21:53,780 [INFO] httpx: HTTP Request: POST https://api.telegram.org/bot8611683567:AAFcLxkFz7jJSkr7jhzas3Y1KHZI8CN8W8g/getUpdates "HTTP/1.1 200 OK"
2026-03-14 12:22:03,820 [INFO] httpx: HTTP Request: POST https://api.telegram.org/bot8611683567:AAFcLxkFz7jJSkr7jhzas3Y1KHZI8CN8W8g/getUpdates "HTTP/1.1 200 OK"
2026-03-14 12:22:13,858 [INFO] httpx: HTTP Request: POST https://api.telegram.org/bot8611683567:AAFcLxkFz7jJSkr7jhzas3Y1KHZI8CN8W8g/getUpdates "HTTP/1.1 200 OK"
2026-03-14 12:22:23,899 [INFO] httpx: HTTP Request: POST https://api.telegram.org/bot8611683567:AAFcLxkFz7jJSkr7jhzas3Y1KHZI8CN8W8g/getUpdates "HTTP/1.1 200 OK"
2026-03-14 12:22:33,939 [INFO] httpx: HTTP Request: POST https://api.telegram.org/bot8611683567:AAFcLxkFz7jJSkr7jhzas3Y1KHZI8CN8W8g/getUpdates "HTTP/1.1 200 OK"
2026-03-14 12:22:43,978 [INFO] httpx: HTTP Request: POST https://api.telegram.org/bot8611683567:AAFcLxkFz7jJSkr7jhzas3Y1KHZI8CN8W8g/getUpdates "HTTP/1.1 200 OK"
2026-03-14 12:22:54,019 [INFO] httpx: HTTP Request: POST https://api.telegram.org/bot8611683567:AAFcLxkFz7jJSkr7jhzas3Y1KHZI8CN8W8g/getUpdates "HTTP/1.1 200 OK"
2026-03-14 12:23:04,058 [INFO] httpx: HTTP Request: POST https://api.telegram.org/bot8611683567:AAFcLxkFz7jJSkr7jhzas3Y1KHZI8CN8W8g/getUpdates "HTTP/1.1 200 OK"
2026-03-14 12:23:14,098 [INFO] httpx: HTTP Request: POST https://api.telegram.org/bot8611683567:AAFcLxkFz7jJSkr7jhzas3Y1KHZI8CN8W8g/getUpdates "HTTP/1.1 200 OK"
2026-03-14 12:23:20,385 [INFO] httpx: HTTP Request: POST https://api.telegram.org/bot8611683567:AAFcLxkFz7jJSkr7jhzas3Y1KHZI8CN8W8g/getUpdates "HTTP/1.1 200 OK"
2026-03-14 12:23:20,535 [INFO] httpx: HTTP Request: POST https://api.telegram.org/bot8611683567:AAFcLxkFz7jJSkr7jhzas3Y1KHZI8CN8W8g/sendMessage "HTTP/1.1 200 OK"
2026-03-14 12:23:22,420 [INFO] httpx: HTTP Request: POST https://api.telegram.org/bot8611683567:AAFcLxkFz7jJSkr7jhzas3Y1KHZI8CN8W8g/getUpdates "HTTP/1.1 200 OK"
2026-03-14 12:23:22,475 [INFO] httpx: HTTP Request: POST https://api.telegram.org/bot8611683567:AAFcLxkFz7jJSkr7jhzas3Y1KHZI8CN8W8g/answerCallbackQuery "HTTP/1.1 200 OK"
2026-03-14 12:23:22,530 [INFO] httpx: HTTP Request: POST https://api.telegram.org/bot8611683567:AAFcLxkFz7jJSkr7jhzas3Y1KHZI8CN8W8g/editMessageText "HTTP/1.1 200 OK"
2026-03-14 12:23:23,908 [INFO] httpx: HTTP Request: POST https://api.telegram.org/bot8611683567:AAFcLxkFz7jJSkr7jhzas3Y1KHZI8CN8W8g/getUpdates "HTTP/1.1 200 OK"
2026-03-14 12:23:23,961 [INFO] httpx: HTTP Request: POST https://api.telegram.org/bot8611683567:AAFcLxkFz7jJSkr7jhzas3Y1KHZI8CN8W8g/answerCallbackQuery "HTTP/1.1 200 OK"
2026-03-14 12:23:24,042 [INFO] httpx: HTTP Request: POST https://api.telegram.org/bot8611683567:AAFcLxkFz7jJSkr7jhzas3Y1KHZI8CN8W8g/editMessageText "HTTP/1.1 200 OK"
2026-03-14 12:23:31,152 [INFO] httpx: HTTP Request: POST https://api.telegram.org/bot8611683567:AAFcLxkFz7jJSkr7jhzas3Y1KHZI8CN8W8g/getUpdates "HTTP/1.1 200 OK"
2026-03-14 12:23:31,280 [INFO] httpx: HTTP Request: POST https://api.telegram.org/bot8611683567:AAFcLxkFz7jJSkr7jhzas3Y1KHZI8CN8W8g/answerCallbackQuery "HTTP/1.1 200 OK"
2026-03-14 12:23:31,335 [INFO] httpx: HTTP Request: POST https://api.telegram.org/bot8611683567:AAFcLxkFz7jJSkr7jhzas3Y1KHZI8CN8W8g/editMessageText "HTTP/1.1 200 OK"
2026-03-14 12:23:32,279 [INFO] httpx: HTTP Request: POST https://api.telegram.org/bot8611683567:AAFcLxkFz7jJSkr7jhzas3Y1KHZI8CN8W8g/getUpdates "HTTP/1.1 200 OK"
2026-03-14 12:23:32,329 [INFO] httpx: HTTP Request: POST https://api.telegram.org/bot8611683567:AAFcLxkFz7jJSkr7jhzas3Y1KHZI8CN8W8g/answerCallbackQuery "HTTP/1.1 200 OK"
2026-03-14 12:23:32,450 [INFO] httpx: HTTP Request: POST https://api.telegram.org/bot8611683567:AAFcLxkFz7jJSkr7jhzas3Y1KHZI8CN8W8g/editMessageText "HTTP/1.1 200 OK"
2026-03-14 12:23:42,325 [INFO] httpx: HTTP Request: POST https://api.telegram.org/bot8611683567:AAFcLxkFz7jJSkr7jhzas3Y1KHZI8CN8W8g/getUpdates "HTTP/1.1 200 OK"
2026-03-14 12:23:52,365 [INFO] httpx: HTTP Request: POST https://api.telegram.org/bot8611683567:AAFcLxkFz7jJSkr7jhzas3Y1KHZI8CN8W8g/getUpdates "HTTP/1.1 200 OK"
2026-03-14 12:24:02,404 [INFO] httpx: HTTP Request: POST https://api.telegram.org/bot8611683567:AAFcLxkFz7jJSkr7jhzas3Y1KHZI8CN8W8g/getUpdates "HTTP/1.1 200 OK"
2026-03-14 12:24:12,445 [INFO] httpx: HTTP Request: POST https://api.telegram.org/bot8611683567:AAFcLxkFz7jJSkr7jhzas3Y1KHZI8CN8W8g/getUpdates "HTTP/1.1 200 OK"
2026-03-14 12:24:22,483 [INFO] httpx: HTTP Request: POST https://api.telegram.org/bot8611683567:AAFcLxkFz7jJSkr7jhzas3Y1KHZI8CN8W8g/getUpdates "HTTP/1.1 200 OK"
2026-03-14 12:24:32,519 [INFO] httpx: HTTP Request: POST https://api.telegram.org/bot8611683567:AAFcLxkFz7jJSkr7jhzas3Y1KHZI8CN8W8g/getUpdates "HTTP/1.1 200 OK"
2026-03-14 12:24:42,560 [INFO] httpx: HTTP Request: POST https://api.telegram.org/bot8611683567:AAFcLxkFz7jJSkr7jhzas3Y1KHZI8CN8W8g/getUpdates "HTTP/1.1 200 OK"
2026-03-14 12:24:52,601 [INFO] httpx: HTTP Request: POST https://api.telegram.org/bot8611683567:AAFcLxkFz7jJSkr7jhzas3Y1KHZI8CN8W8g/getUpdates "HTTP/1.1 200 OK"
2026-03-14 12:25:02,643 [INFO] httpx: HTTP Request: POST https://api.telegram.org/bot8611683567:AAFcLxkFz7jJSkr7jhzas3Y1KHZI8CN8W8g/getUpdates "HTTP/1.1 200 OK"
2026-03-14 12:25:12,684 [INFO] httpx: HTTP Request: POST https://api.telegram.org/bot8611683567:AAFcLxkFz7jJSkr7jhzas3Y1KHZI8CN8W8g/getUpdates "HTTP/1.1 200 OK"
2026-03-14 12:25:22,721 [INFO] httpx: HTTP Request: POST https://api.telegram.org/bot8611683567:AAFcLxkFz7jJSkr7jhzas3Y1KHZI8CN8W8g/getUpdates "HTTP/1.1 200 OK"
2026-03-14 12:25:32,759 [INFO] httpx: HTTP Request: POST https://api.telegram.org/bot8611683567:AAFcLxkFz7jJSkr7jhzas3Y1KHZI8CN8W8g/getUpdates "HTTP/1.1 200 OK"
2026-03-14 12:25:42,794 [INFO] httpx: HTTP Request: POST https://api.telegram.org/bot8611683567:AAFcLxkFz7jJSkr7jhzas3Y1KHZI8CN8W8g/getUpdates "HTTP/1.1 200 OK"
2026-03-14 12:25:52,834 [INFO] httpx: HTTP Request: POST https://api.telegram.org/bot8611683567:AAFcLxkFz7jJSkr7jhzas3Y1KHZI8CN8W8g/getUpdates "HTTP/1.1 200 OK"
2026-03-14 12:26:02,873 [INFO] httpx: HTTP Request: POST https://api.telegram.org/bot8611683567:AAFcLxkFz7jJSkr7jhzas3Y1KHZI8CN8W8g/getUpdates "HTTP/1.1 200 OK"
2026-03-14 12:26:12,909 [INFO] httpx: HTTP Request: POST https://api.telegram.org/bot8611683567:AAFcLxkFz7jJSkr7jhzas3Y1KHZI8CN8W8g/getUpdates "HTTP/1.1 200 OK"
2026-03-14 12:26:22,950 [INFO] httpx: HTTP Request: POST https://api.telegram.org/bot8611683567:AAFcLxkFz7jJSkr7jhzas3Y1KHZI8CN8W8g/getUpdates "HTTP/1.1 200 OK"
2026-03-14 12:26:32,987 [INFO] httpx: HTTP Request: POST https://api.telegram.org/bot8611683567:AAFcLxkFz7jJSkr7jhzas3Y1KHZI8CN8W8g/getUpdates "HTTP/1.1 200 OK"
2026-03-14 12:26:43,028 [INFO] httpx: HTTP Request: POST https://api.telegram.org/bot8611683567:AAFcLxkFz7jJSkr7jhzas3Y1KHZI8CN8W8g/getUpdates "HTTP/1.1 200 OK"
2026-03-14 12:26:53,066 [INFO] httpx: HTTP Request: POST https://api.telegram.org/bot8611683567:AAFcLxkFz7jJSkr7jhzas3Y1KHZI8CN8W8g/getUpdates "HTTP/1.1 200 OK"
2026-03-14 12:27:03,105 [INFO] httpx: HTTP Request: POST https://api.telegram.org/bot8611683567:AAFcLxkFz7jJSkr7jhzas3Y1KHZI8CN8W8g/getUpdates "HTTP/1.1 200 OK"
2026-03-14 12:27:13,144 [INFO] httpx: HTTP Request: POST https://api.telegram.org/bot8611683567:AAFcLxkFz7jJSkr7jhzas3Y1KHZI8CN8W8g/getUpdates "HTTP/1.1 200 OK"
2026-03-14 12:27:23,184 [INFO] httpx: HTTP Request: POST https://api.telegram.org/bot8611683567:AAFcLxkFz7jJSkr7jhzas3Y1KHZI8CN8W8g/getUpdates "HTTP/1.1 200 OK"
2026-03-14 12:27:33,219 [INFO] httpx: HTTP Request: POST https://api.telegram.org/bot8611683567:AAFcLxkFz7jJSkr7jhzas3Y1KHZI8CN8W8g/getUpdates "HTTP/1.1 200 OK"
2026-03-14 12:27:43,259 [INFO] httpx: HTTP Request: POST https://api.telegram.org/bot8611683567:AAFcLxkFz7jJSkr7jhzas3Y1KHZI8CN8W8g/getUpdates "HTTP/1.1 200 OK"
2026-03-14 12:27:53,299 [INFO] httpx: HTTP Request: POST https://api.telegram.org/bot8611683567:AAFcLxkFz7jJSkr7jhzas3Y1KHZI8CN8W8g/getUpdates "HTTP/1.1 200 OK"
2026-03-14 12:28:03,339 [INFO] httpx: HTTP Request: POST https://api.telegram.org/bot8611683567:AAFcLxkFz7jJSkr7jhzas3Y1KHZI8CN8W8g/getUpdates "HTTP/1.1 200 OK"
2026-03-14 12:28:13,373 [INFO] httpx: HTTP Request: POST https://api.telegram.org/bot8611683567:AAFcLxkFz7jJSkr7jhzas3Y1KHZI8CN8W8g/getUpdates "HTTP/1.1 200 OK"
2026-03-14 12:28:23,412 [INFO] httpx: HTTP Request: POST https://api.telegram.org/bot8611683567:AAFcLxkFz7jJSkr7jhzas3Y1KHZI8CN8W8g/getUpdates "HTTP/1.1 200 OK"
2026-03-14 12:28:33,450 [INFO] httpx: HTTP Request: POST https://api.telegram.org/bot8611683567:AAFcLxkFz7jJSkr7jhzas3Y1KHZI8CN8W8g/getUpdates "HTTP/1.1 200 OK"
2026-03-14 12:28:43,485 [INFO] httpx: HTTP Request: POST https://api.telegram.org/bot8611683567:AAFcLxkFz7jJSkr7jhzas3Y1KHZI8CN8W8g/getUpdates "HTTP/1.1 200 OK"
2026-03-14 12:28:53,522 [INFO] httpx: HTTP Request: POST https://api.telegram.org/bot8611683567:AAFcLxkFz7jJSkr7jhzas3Y1KHZI8CN8W8g/getUpdates "HTTP/1.1 200 OK"
2026-03-14 12:29:03,562 [INFO] httpx: HTTP Request: POST https://api.telegram.org/bot8611683567:AAFcLxkFz7jJSkr7jhzas3Y1KHZI8CN8W8g/getUpdates "HTTP/1.1 200 OK"
2026-03-14 12:29:07,534 [INFO] httpx: HTTP Request: POST https://api.telegram.org/bot8611683567:AAFcLxkFz7jJSkr7jhzas3Y1KHZI8CN8W8g/getUpdates "HTTP/1.1 200 OK"
2026-03-14 12:29:07,536 [INFO] telegram.ext.Application: Application is stopping. This might take a moment.
2026-03-14 12:29:07,537 [INFO] apscheduler.scheduler: Scheduler has been shut down
2026-03-14 12:29:07,559 [INFO] telegram.ext.Application: Application.stop() complete
2026-03-14 12:29:07,561 [INFO] apscheduler.scheduler: Scheduler has been shut down
2026-03-14 12:30:27,430 [INFO] __main__: ✅ БД готова
2026-03-14 12:30:27,905 [INFO] apscheduler.scheduler: Adding job tentatively -- it will be properly scheduled when the scheduler starts
2026-03-14 12:30:27,905 [INFO] __main__: 🤖 Бот запущен!
2026-03-14 12:30:28,096 [INFO] httpx: HTTP Request: POST https://api.telegram.org/bot8611683567:AAFcLxkFz7jJSkr7jhzas3Y1KHZI8CN8W8g/getMe "HTTP/1.1 200 OK"
2026-03-14 12:30:28,099 [INFO] apscheduler.scheduler: Added job "main.<locals>.<lambda>" to job store "default"
2026-03-14 12:30:28,100 [INFO] apscheduler.scheduler: Scheduler started
2026-03-14 12:30:28,100 [INFO] __main__: ⏰ Планировщик: каждые 30 мин
2026-03-14 12:30:33,102 [INFO] __main__: ▶️  Проверка [14.03.2026 12:30]
2026-03-14 12:30:35,798 [ERROR] scrapers.teztour: TEZ Tour: ошибка запроса (стр.1): Expecting value: line 1 column 1 (char 0)
2026-03-14 12:30:35,801 [WARNING] scrapers.teztour: TEZ Tour: туры не найдены
2026-03-14 12:30:44,472 [INFO] scrapers.novatours: Novatours: токен получен (03096e2114...)
2026-03-14 12:30:45,557 [INFO] scrapers.novatours: Novatours: 10 отелей с ценами
2026-03-14 12:30:50,677 [INFO] __main__: Novatours: 10 туров до фильтра
2026-03-14 12:30:50,678 [INFO] __main__: Итого до фильтра: 10
2026-03-14 12:30:50,794 [INFO] __main__: ✅ Новых предложений: 10
2026-03-14 12:30:50,910 [INFO] httpx: HTTP Request: POST https://api.telegram.org/bot8611683567:AAFcLxkFz7jJSkr7jhzas3Y1KHZI8CN8W8g/deleteWebhook "HTTP/1.1 200 OK"
2026-03-14 12:30:50,915 [INFO] apscheduler.scheduler: Scheduler started
2026-03-14 12:30:50,916 [INFO] telegram.ext.Application: Application started
2026-03-14 12:31:01,027 [INFO] httpx: HTTP Request: POST https://api.telegram.org/bot8611683567:AAFcLxkFz7jJSkr7jhzas3Y1KHZI8CN8W8g/getUpdates "HTTP/1.1 200 OK"
2026-03-14 12:31:11,068 [INFO] httpx: HTTP Request: POST https://api.telegram.org/bot8611683567:AAFcLxkFz7jJSkr7jhzas3Y1KHZI8CN8W8g/getUpdates "HTTP/1.1 200 OK"
2026-03-14 12:31:21,138 [INFO] httpx: HTTP Request: POST https://api.telegram.org/bot8611683567:AAFcLxkFz7jJSkr7jhzas3Y1KHZI8CN8W8g/getUpdates "HTTP/1.1 200 OK"
2026-03-14 12:31:31,178 [INFO] httpx: HTTP Request: POST https://api.telegram.org/bot8611683567:AAFcLxkFz7jJSkr7jhzas3Y1KHZI8CN8W8g/getUpdates "HTTP/1.1 200 OK"
2026-03-14 12:31:41,217 [INFO] httpx: HTTP Request: POST https://api.telegram.org/bot8611683567:AAFcLxkFz7jJSkr7jhzas3Y1KHZI8CN8W8g/getUpdates "HTTP/1.1 200 OK"
2026-03-14 12:31:46,294 [INFO] httpx: HTTP Request: POST https://api.telegram.org/bot8611683567:AAFcLxkFz7jJSkr7jhzas3Y1KHZI8CN8W8g/getUpdates "HTTP/1.1 200 OK"
2026-03-14 12:31:46,463 [INFO] httpx: HTTP Request: POST https://api.telegram.org/bot8611683567:AAFcLxkFz7jJSkr7jhzas3Y1KHZI8CN8W8g/sendMessage "HTTP/1.1 200 OK"
2026-03-14 12:31:46,531 [INFO] httpx: HTTP Request: POST https://api.telegram.org/bot8611683567:AAFcLxkFz7jJSkr7jhzas3Y1KHZI8CN8W8g/sendMessage "HTTP/1.1 200 OK"
2026-03-14 12:31:47,337 [INFO] scrapers.novatours: Novatours: 10 отелей с ценами
2026-03-14 12:31:49,411 [ERROR] scrapers.teztour: TEZ Tour: ошибка запроса (стр.1): Expecting value: line 1 column 1 (char 0)
2026-03-14 12:31:49,413 [WARNING] scrapers.teztour: TEZ Tour: туры не найдены
2026-03-14 12:31:49,515 [INFO] httpx: HTTP Request: POST https://api.telegram.org/bot8611683567:AAFcLxkFz7jJSkr7jhzas3Y1KHZI8CN8W8g/sendPhoto "HTTP/1.1 200 OK"
2026-03-14 12:31:49,621 [INFO] httpx: HTTP Request: POST https://api.telegram.org/bot8611683567:AAFcLxkFz7jJSkr7jhzas3Y1KHZI8CN8W8g/sendPhoto "HTTP/1.1 200 OK"
2026-03-14 12:31:49,724 [INFO] httpx: HTTP Request: POST https://api.telegram.org/bot8611683567:AAFcLxkFz7jJSkr7jhzas3Y1KHZI8CN8W8g/sendPhoto "HTTP/1.1 200 OK"
2026-03-14 12:31:49,826 [INFO] httpx: HTTP Request: POST https://api.telegram.org/bot8611683567:AAFcLxkFz7jJSkr7jhzas3Y1KHZI8CN8W8g/sendPhoto "HTTP/1.1 200 OK"
2026-03-14 12:31:49,919 [INFO] httpx: HTTP Request: POST https://api.telegram.org/bot8611683567:AAFcLxkFz7jJSkr7jhzas3Y1KHZI8CN8W8g/sendPhoto "HTTP/1.1 200 OK"
2026-03-14 12:31:56,365 [INFO] httpx: HTTP Request: POST https://api.telegram.org/bot8611683567:AAFcLxkFz7jJSkr7jhzas3Y1KHZI8CN8W8g/getUpdates "HTTP/1.1 200 OK"
2026-03-14 12:32:06,404 [INFO] httpx: HTTP Request: POST https://api.telegram.org/bot8611683567:AAFcLxkFz7jJSkr7jhzas3Y1KHZI8CN8W8g/getUpdates "HTTP/1.1 200 OK"
2026-03-14 12:32:16,446 [INFO] httpx: HTTP Request: POST https://api.telegram.org/bot8611683567:AAFcLxkFz7jJSkr7jhzas3Y1KHZI8CN8W8g/getUpdates "HTTP/1.1 200 OK"
2026-03-14 12:32:26,488 [INFO] httpx: HTTP Request: POST https://api.telegram.org/bot8611683567:AAFcLxkFz7jJSkr7jhzas3Y1KHZI8CN8W8g/getUpdates "HTTP/1.1 200 OK"
2026-03-14 12:32:36,528 [INFO] httpx: HTTP Request: POST https://api.telegram.org/bot8611683567:AAFcLxkFz7jJSkr7jhzas3Y1KHZI8CN8W8g/getUpdates "HTTP/1.1 200 OK"
2026-03-14 12:32:46,570 [INFO] httpx: HTTP Request: POST https://api.telegram.org/bot8611683567:AAFcLxkFz7jJSkr7jhzas3Y1KHZI8CN8W8g/getUpdates "HTTP/1.1 200 OK"
2026-03-14 12:32:56,613 [INFO] httpx: HTTP Request: POST https://api.telegram.org/bot8611683567:AAFcLxkFz7jJSkr7jhzas3Y1KHZI8CN8W8g/getUpdates "HTTP/1.1 200 OK"
2026-03-14 12:33:06,654 [INFO] httpx: HTTP Request: POST https://api.telegram.org/bot8611683567:AAFcLxkFz7jJSkr7jhzas3Y1KHZI8CN8W8g/getUpdates "HTTP/1.1 200 OK"
2026-03-14 12:33:16,691 [INFO] httpx: HTTP Request: POST https://api.telegram.org/bot8611683567:AAFcLxkFz7jJSkr7jhzas3Y1KHZI8CN8W8g/getUpdates "HTTP/1.1 200 OK"
2026-03-14 12:33:26,731 [INFO] httpx: HTTP Request: POST https://api.telegram.org/bot8611683567:AAFcLxkFz7jJSkr7jhzas3Y1KHZI8CN8W8g/getUpdates "HTTP/1.1 200 OK"
2026-03-14 12:33:36,769 [INFO] httpx: HTTP Request: POST https://api.telegram.org/bot8611683567:AAFcLxkFz7jJSkr7jhzas3Y1KHZI8CN8W8g/getUpdates "HTTP/1.1 200 OK"
2026-03-14 12:36:24,028 [INFO] __main__: ✅ БД готова
2026-03-14 12:36:24,460 [INFO] apscheduler.scheduler: Adding job tentatively -- it will be properly scheduled when the scheduler starts
2026-03-14 12:36:24,460 [INFO] __main__: 🤖 Бот запущен!
2026-03-14 12:36:24,649 [INFO] httpx: HTTP Request: POST https://api.telegram.org/bot8611683567:AAFcLxkFz7jJSkr7jhzas3Y1KHZI8CN8W8g/getMe "HTTP/1.1 200 OK"
2026-03-14 12:36:24,652 [INFO] apscheduler.scheduler: Added job "main.<locals>.<lambda>" to job store "default"
2026-03-14 12:36:24,652 [INFO] apscheduler.scheduler: Scheduler started
2026-03-14 12:36:24,652 [INFO] __main__: ⏰ Планировщик: каждые 30 мин
2026-03-14 12:36:29,806 [INFO] httpx: HTTP Request: POST https://api.telegram.org/bot8611683567:AAFcLxkFz7jJSkr7jhzas3Y1KHZI8CN8W8g/sendMessage "HTTP/1.1 200 OK"
2026-03-14 12:36:29,809 [INFO] __main__: ▶️  Проверка [14.03.2026 12:36]
2026-03-14 12:36:29,826 [INFO] __main__: 🗑 Очищено старых записей: 10
2026-03-14 12:36:30,602 [INFO] scrapers.teztour: TEZ Tour: куки получены
2026-03-14 12:36:32,363 [ERROR] scrapers.teztour: TEZ Tour: ошибка запроса (стр.1): Expecting value: line 1 column 1 (char 0)
2026-03-14 12:36:32,364 [WARNING] scrapers.teztour: TEZ Tour: туры не найдены
2026-03-14 12:36:33,904 [INFO] scrapers.novatours: Novatours: токен получен (03096e2114...)
2026-03-14 12:36:34,455 [INFO] scrapers.novatours: Novatours: 10 отелей с ценами
2026-03-14 12:36:34,944 [INFO] __main__: Novatours: 10 туров до фильтра
2026-03-14 12:36:34,944 [INFO] __main__: Итого до фильтра: 10
2026-03-14 12:36:35,026 [INFO] __main__: ✅ Новых предложений: 10
2026-03-14 12:36:35,182 [INFO] httpx: HTTP Request: POST https://api.telegram.org/bot8611683567:AAFcLxkFz7jJSkr7jhzas3Y1KHZI8CN8W8g/sendPhoto "HTTP/1.1 200 OK"
2026-03-14 12:36:35,302 [INFO] httpx: HTTP Request: POST https://api.telegram.org/bot8611683567:AAFcLxkFz7jJSkr7jhzas3Y1KHZI8CN8W8g/sendPhoto "HTTP/1.1 200 OK"
2026-03-14 12:36:35,434 [INFO] httpx: HTTP Request: POST https://api.telegram.org/bot8611683567:AAFcLxkFz7jJSkr7jhzas3Y1KHZI8CN8W8g/sendPhoto "HTTP/1.1 200 OK"
2026-03-14 12:36:35,583 [INFO] httpx: HTTP Request: POST https://api.telegram.org/bot8611683567:AAFcLxkFz7jJSkr7jhzas3Y1KHZI8CN8W8g/sendPhoto "HTTP/1.1 200 OK"
2026-03-14 12:36:35,718 [INFO] httpx: HTTP Request: POST https://api.telegram.org/bot8611683567:AAFcLxkFz7jJSkr7jhzas3Y1KHZI8CN8W8g/sendPhoto "HTTP/1.1 200 OK"
2026-03-14 12:36:35,816 [INFO] httpx: HTTP Request: POST https://api.telegram.org/bot8611683567:AAFcLxkFz7jJSkr7jhzas3Y1KHZI8CN8W8g/deleteWebhook "HTTP/1.1 200 OK"
2026-03-14 12:36:35,821 [INFO] apscheduler.scheduler: Scheduler started
2026-03-14 12:36:35,822 [INFO] telegram.ext.Application: Application started
2026-03-14 12:36:45,950 [INFO] httpx: HTTP Request: POST https://api.telegram.org/bot8611683567:AAFcLxkFz7jJSkr7jhzas3Y1KHZI8CN8W8g/getUpdates "HTTP/1.1 200 OK"
2026-03-14 12:36:55,986 [INFO] httpx: HTTP Request: POST https://api.telegram.org/bot8611683567:AAFcLxkFz7jJSkr7jhzas3Y1KHZI8CN8W8g/getUpdates "HTTP/1.1 200 OK"
2026-03-14 12:37:06,026 [INFO] httpx: HTTP Request: POST https://api.telegram.org/bot8611683567:AAFcLxkFz7jJSkr7jhzas3Y1KHZI8CN8W8g/getUpdates "HTTP/1.1 200 OK"
2026-03-14 12:37:16,070 [INFO] httpx: HTTP Request: POST https://api.telegram.org/bot8611683567:AAFcLxkFz7jJSkr7jhzas3Y1KHZI8CN8W8g/getUpdates "HTTP/1.1 200 OK"
2026-03-14 12:37:26,115 [INFO] httpx: HTTP Request: POST https://api.telegram.org/bot8611683567:AAFcLxkFz7jJSkr7jhzas3Y1KHZI8CN8W8g/getUpdates "HTTP/1.1 200 OK"
2026-03-14 12:37:36,166 [INFO] httpx: HTTP Request: POST https://api.telegram.org/bot8611683567:AAFcLxkFz7jJSkr7jhzas3Y1KHZI8CN8W8g/getUpdates "HTTP/1.1 200 OK"
2026-03-14 12:37:46,203 [INFO] httpx: HTTP Request: POST https://api.telegram.org/bot8611683567:AAFcLxkFz7jJSkr7jhzas3Y1KHZI8CN8W8g/getUpdates "HTTP/1.1 200 OK"
2026-03-14 12:37:56,273 [INFO] httpx: HTTP Request: POST https://api.telegram.org/bot8611683567:AAFcLxkFz7jJSkr7jhzas3Y1KHZI8CN8W8g/getUpdates "HTTP/1.1 200 OK"
2026-03-14 12:38:06,314 [INFO] httpx: HTTP Request: POST https://api.telegram.org/bot8611683567:AAFcLxkFz7jJSkr7jhzas3Y1KHZI8CN8W8g/getUpdates "HTTP/1.1 200 OK"
2026-03-14 12:38:16,360 [INFO] httpx: HTTP Request: POST https://api.telegram.org/bot8611683567:AAFcLxkFz7jJSkr7jhzas3Y1KHZI8CN8W8g/getUpdates "HTTP/1.1 200 OK"
2026-03-14 12:38:26,401 [INFO] httpx: HTTP Request: POST https://api.telegram.org/bot8611683567:AAFcLxkFz7jJSkr7jhzas3Y1KHZI8CN8W8g/getUpdates "HTTP/1.1 200 OK"
2026-03-14 12:38:36,438 [INFO] httpx: HTTP Request: POST https://api.telegram.org/bot8611683567:AAFcLxkFz7jJSkr7jhzas3Y1KHZI8CN8W8g/getUpdates "HTTP/1.1 200 OK"
2026-03-14 12:38:46,481 [INFO] httpx: HTTP Request: POST https://api.telegram.org/bot8611683567:AAFcLxkFz7jJSkr7jhzas3Y1KHZI8CN8W8g/getUpdates "HTTP/1.1 200 OK"
2026-03-14 12:38:56,525 [INFO] httpx: HTTP Request: POST https://api.telegram.org/bot8611683567:AAFcLxkFz7jJSkr7jhzas3Y1KHZI8CN8W8g/getUpdates "HTTP/1.1 200 OK"
2026-03-14 12:39:06,583 [INFO] httpx: HTTP Request: POST https://api.telegram.org/bot8611683567:AAFcLxkFz7jJSkr7jhzas3Y1KHZI8CN8W8g/getUpdates "HTTP/1.1 200 OK"
2026-03-14 12:39:16,622 [INFO] httpx: HTTP Request: POST https://api.telegram.org/bot8611683567:AAFcLxkFz7jJSkr7jhzas3Y1KHZI8CN8W8g/getUpdates "HTTP/1.1 200 OK"
2026-03-14 12:39:26,661 [INFO] httpx: HTTP Request: POST https://api.telegram.org/bot8611683567:AAFcLxkFz7jJSkr7jhzas3Y1KHZI8CN8W8g/getUpdates "HTTP/1.1 200 OK"
2026-03-14 12:39:36,701 [INFO] httpx: HTTP Request: POST https://api.telegram.org/bot8611683567:AAFcLxkFz7jJSkr7jhzas3Y1KHZI8CN8W8g/getUpdates "HTTP/1.1 200 OK"
2026-03-14 12:39:46,736 [INFO] httpx: HTTP Request: POST https://api.telegram.org/bot8611683567:AAFcLxkFz7jJSkr7jhzas3Y1KHZI8CN8W8g/getUpdates "HTTP/1.1 200 OK"
2026-03-14 12:39:56,771 [INFO] httpx: HTTP Request: POST https://api.telegram.org/bot8611683567:AAFcLxkFz7jJSkr7jhzas3Y1KHZI8CN8W8g/getUpdates "HTTP/1.1 200 OK"
2026-03-14 12:40:06,812 [INFO] httpx: HTTP Request: POST https://api.telegram.org/bot8611683567:AAFcLxkFz7jJSkr7jhzas3Y1KHZI8CN8W8g/getUpdates "HTTP/1.1 200 OK"
2026-03-14 12:40:16,850 [INFO] httpx: HTTP Request: POST https://api.telegram.org/bot8611683567:AAFcLxkFz7jJSkr7jhzas3Y1KHZI8CN8W8g/getUpdates "HTTP/1.1 200 OK"
2026-03-14 12:40:26,887 [INFO] httpx: HTTP Request: POST https://api.telegram.org/bot8611683567:AAFcLxkFz7jJSkr7jhzas3Y1KHZI8CN8W8g/getUpdates "HTTP/1.1 200 OK"
2026-03-14 12:40:36,924 [INFO] httpx: HTTP Request: POST https://api.telegram.org/bot8611683567:AAFcLxkFz7jJSkr7jhzas3Y1KHZI8CN8W8g/getUpdates "HTTP/1.1 200 OK"
2026-03-14 12:40:46,962 [INFO] httpx: HTTP Request: POST https://api.telegram.org/bot8611683567:AAFcLxkFz7jJSkr7jhzas3Y1KHZI8CN8W8g/getUpdates "HTTP/1.1 200 OK"
2026-03-14 12:40:57,001 [INFO] httpx: HTTP Request: POST https://api.telegram.org/bot8611683567:AAFcLxkFz7jJSkr7jhzas3Y1KHZI8CN8W8g/getUpdates "HTTP/1.1 200 OK"
2026-03-14 12:41:07,036 [INFO] httpx: HTTP Request: POST https://api.telegram.org/bot8611683567:AAFcLxkFz7jJSkr7jhzas3Y1KHZI8CN8W8g/getUpdates "HTTP/1.1 200 OK"
2026-03-14 12:41:17,076 [INFO] httpx: HTTP Request: POST https://api.telegram.org/bot8611683567:AAFcLxkFz7jJSkr7jhzas3Y1KHZI8CN8W8g/getUpdates "HTTP/1.1 200 OK"
2026-03-14 12:41:27,114 [INFO] httpx: HTTP Request: POST https://api.telegram.org/bot8611683567:AAFcLxkFz7jJSkr7jhzas3Y1KHZI8CN8W8g/getUpdates "HTTP/1.1 200 OK"
2026-03-14 12:41:37,151 [INFO] httpx: HTTP Request: POST https://api.telegram.org/bot8611683567:AAFcLxkFz7jJSkr7jhzas3Y1KHZI8CN8W8g/getUpdates "HTTP/1.1 200 OK"
2026-03-14 12:41:47,191 [INFO] httpx: HTTP Request: POST https://api.telegram.org/bot8611683567:AAFcLxkFz7jJSkr7jhzas3Y1KHZI8CN8W8g/getUpdates "HTTP/1.1 200 OK"
2026-03-14 12:41:57,233 [INFO] httpx: HTTP Request: POST https://api.telegram.org/bot8611683567:AAFcLxkFz7jJSkr7jhzas3Y1KHZI8CN8W8g/getUpdates "HTTP/1.1 200 OK"
2026-03-14 12:42:07,270 [INFO] httpx: HTTP Request: POST https://api.telegram.org/bot8611683567:AAFcLxkFz7jJSkr7jhzas3Y1KHZI8CN8W8g/getUpdates "HTTP/1.1 200 OK"
2026-03-14 12:42:17,317 [INFO] httpx: HTTP Request: POST https://api.telegram.org/bot8611683567:AAFcLxkFz7jJSkr7jhzas3Y1KHZI8CN8W8g/getUpdates "HTTP/1.1 200 OK"
2026-03-14 12:42:27,357 [INFO] httpx: HTTP Request: POST https://api.telegram.org/bot8611683567:AAFcLxkFz7jJSkr7jhzas3Y1KHZI8CN8W8g/getUpdates "HTTP/1.1 200 OK"
2026-03-14 12:42:37,395 [INFO] httpx: HTTP Request: POST https://api.telegram.org/bot8611683567:AAFcLxkFz7jJSkr7jhzas3Y1KHZI8CN8W8g/getUpdates "HTTP/1.1 200 OK"
2026-03-14 12:42:47,436 [INFO] httpx: HTTP Request: POST https://api.telegram.org/bot8611683567:AAFcLxkFz7jJSkr7jhzas3Y1KHZI8CN8W8g/getUpdates "HTTP/1.1 200 OK"
2026-03-14 12:42:57,478 [INFO] httpx: HTTP Request: POST https://api.telegram.org/bot8611683567:AAFcLxkFz7jJSkr7jhzas3Y1KHZI8CN8W8g/getUpdates "HTTP/1.1 200 OK"
2026-03-14 12:43:07,562 [INFO] httpx: HTTP Request: POST https://api.telegram.org/bot8611683567:AAFcLxkFz7jJSkr7jhzas3Y1KHZI8CN8W8g/getUpdates "HTTP/1.1 200 OK"
2026-03-14 12:43:17,610 [INFO] httpx: HTTP Request: POST https://api.telegram.org/bot8611683567:AAFcLxkFz7jJSkr7jhzas3Y1KHZI8CN8W8g/getUpdates "HTTP/1.1 200 OK"
2026-03-14 12:43:27,644 [INFO] httpx: HTTP Request: POST https://api.telegram.org/bot8611683567:AAFcLxkFz7jJSkr7jhzas3Y1KHZI8CN8W8g/getUpdates "HTTP/1.1 200 OK"
2026-03-14 12:43:37,695 [INFO] httpx: HTTP Request: POST https://api.telegram.org/bot8611683567:AAFcLxkFz7jJSkr7jhzas3Y1KHZI8CN8W8g/getUpdates "HTTP/1.1 200 OK"
2026-03-14 12:43:47,739 [INFO] httpx: HTTP Request: POST https://api.telegram.org/bot8611683567:AAFcLxkFz7jJSkr7jhzas3Y1KHZI8CN8W8g/getUpdates "HTTP/1.1 200 OK"
2026-03-14 12:43:57,775 [INFO] httpx: HTTP Request: POST https://api.telegram.org/bot8611683567:AAFcLxkFz7jJSkr7jhzas3Y1KHZI8CN8W8g/getUpdates "HTTP/1.1 200 OK"
2026-03-14 12:44:07,812 [INFO] httpx: HTTP Request: POST https://api.telegram.org/bot8611683567:AAFcLxkFz7jJSkr7jhzas3Y1KHZI8CN8W8g/getUpdates "HTTP/1.1 200 OK"
2026-03-14 12:44:17,852 [INFO] httpx: HTTP Request: POST https://api.telegram.org/bot8611683567:AAFcLxkFz7jJSkr7jhzas3Y1KHZI8CN8W8g/getUpdates "HTTP/1.1 200 OK"
2026-03-14 12:44:27,913 [INFO] httpx: HTTP Request: POST https://api.telegram.org/bot8611683567:AAFcLxkFz7jJSkr7jhzas3Y1KHZI8CN8W8g/getUpdates "HTTP/1.1 200 OK"
2026-03-14 12:44:37,955 [INFO] httpx: HTTP Request: POST https://api.telegram.org/bot8611683567:AAFcLxkFz7jJSkr7jhzas3Y1KHZI8CN8W8g/getUpdates "HTTP/1.1 200 OK"
2026-03-14 12:44:48,015 [INFO] httpx: HTTP Request: POST https://api.telegram.org/bot8611683567:AAFcLxkFz7jJSkr7jhzas3Y1KHZI8CN8W8g/getUpdates "HTTP/1.1 200 OK"
2026-03-14 12:44:58,058 [INFO] httpx: HTTP Request: POST https://api.telegram.org/bot8611683567:AAFcLxkFz7jJSkr7jhzas3Y1KHZI8CN8W8g/getUpdates "HTTP/1.1 200 OK"
2026-03-14 12:45:08,123 [INFO] httpx: HTTP Request: POST https://api.telegram.org/bot8611683567:AAFcLxkFz7jJSkr7jhzas3Y1KHZI8CN8W8g/getUpdates "HTTP/1.1 200 OK"
2026-03-14 12:45:18,163 [INFO] httpx: HTTP Request: POST https://api.telegram.org/bot8611683567:AAFcLxkFz7jJSkr7jhzas3Y1KHZI8CN8W8g/getUpdates "HTTP/1.1 200 OK"
2026-03-14 12:45:28,204 [INFO] httpx: HTTP Request: POST https://api.telegram.org/bot8611683567:AAFcLxkFz7jJSkr7jhzas3Y1KHZI8CN8W8g/getUpdates "HTTP/1.1 200 OK"
2026-03-14 12:45:38,245 [INFO] httpx: HTTP Request: POST https://api.telegram.org/bot8611683567:AAFcLxkFz7jJSkr7jhzas3Y1KHZI8CN8W8g/getUpdates "HTTP/1.1 200 OK"
2026-03-14 12:45:48,283 [INFO] httpx: HTTP Request: POST https://api.telegram.org/bot8611683567:AAFcLxkFz7jJSkr7jhzas3Y1KHZI8CN8W8g/getUpdates "HTTP/1.1 200 OK"
2026-03-14 12:45:58,364 [INFO] httpx: HTTP Request: POST https://api.telegram.org/bot8611683567:AAFcLxkFz7jJSkr7jhzas3Y1KHZI8CN8W8g/getUpdates "HTTP/1.1 200 OK"
2026-03-14 12:46:08,399 [INFO] httpx: HTTP Request: POST https://api.telegram.org/bot8611683567:AAFcLxkFz7jJSkr7jhzas3Y1KHZI8CN8W8g/getUpdates "HTTP/1.1 200 OK"
2026-03-14 12:46:18,472 [INFO] httpx: HTTP Request: POST https://api.telegram.org/bot8611683567:AAFcLxkFz7jJSkr7jhzas3Y1KHZI8CN8W8g/getUpdates "HTTP/1.1 200 OK"
2026-03-14 12:46:28,516 [INFO] httpx: HTTP Request: POST https://api.telegram.org/bot8611683567:AAFcLxkFz7jJSkr7jhzas3Y1KHZI8CN8W8g/getUpdates "HTTP/1.1 200 OK"
2026-03-14 12:46:38,571 [INFO] httpx: HTTP Request: POST https://api.telegram.org/bot8611683567:AAFcLxkFz7jJSkr7jhzas3Y1KHZI8CN8W8g/getUpdates "HTTP/1.1 200 OK"
2026-03-14 12:46:48,654 [INFO] httpx: HTTP Request: POST https://api.telegram.org/bot8611683567:AAFcLxkFz7jJSkr7jhzas3Y1KHZI8CN8W8g/getUpdates "HTTP/1.1 200 OK"
2026-03-14 12:46:58,694 [INFO] httpx: HTTP Request: POST https://api.telegram.org/bot8611683567:AAFcLxkFz7jJSkr7jhzas3Y1KHZI8CN8W8g/getUpdates "HTTP/1.1 200 OK"
2026-03-14 12:47:08,749 [INFO] httpx: HTTP Request: POST https://api.telegram.org/bot8611683567:AAFcLxkFz7jJSkr7jhzas3Y1KHZI8CN8W8g/getUpdates "HTTP/1.1 200 OK"
2026-03-14 12:47:18,789 [INFO] httpx: HTTP Request: POST https://api.telegram.org/bot8611683567:AAFcLxkFz7jJSkr7jhzas3Y1KHZI8CN8W8g/getUpdates "HTTP/1.1 200 OK"
2026-03-14 12:47:28,829 [INFO] httpx: HTTP Request: POST https://api.telegram.org/bot8611683567:AAFcLxkFz7jJSkr7jhzas3Y1KHZI8CN8W8g/getUpdates "HTTP/1.1 200 OK"
2026-03-14 12:47:38,869 [INFO] httpx: HTTP Request: POST https://api.telegram.org/bot8611683567:AAFcLxkFz7jJSkr7jhzas3Y1KHZI8CN8W8g/getUpdates "HTTP/1.1 200 OK"
2026-03-14 12:47:48,907 [INFO] httpx: HTTP Request: POST https://api.telegram.org/bot8611683567:AAFcLxkFz7jJSkr7jhzas3Y1KHZI8CN8W8g/getUpdates "HTTP/1.1 200 OK"
2026-03-14 12:47:58,944 [INFO] httpx: HTTP Request: POST https://api.telegram.org/bot8611683567:AAFcLxkFz7jJSkr7jhzas3Y1KHZI8CN8W8g/getUpdates "HTTP/1.1 200 OK"
2026-03-14 12:48:09,028 [INFO] httpx: HTTP Request: POST https://api.telegram.org/bot8611683567:AAFcLxkFz7jJSkr7jhzas3Y1KHZI8CN8W8g/getUpdates "HTTP/1.1 200 OK"
2026-03-14 12:48:19,069 [INFO] httpx: HTTP Request: POST https://api.telegram.org/bot8611683567:AAFcLxkFz7jJSkr7jhzas3Y1KHZI8CN8W8g/getUpdates "HTTP/1.1 200 OK"
2026-03-14 12:48:29,104 [INFO] httpx: HTTP Request: POST https://api.telegram.org/bot8611683567:AAFcLxkFz7jJSkr7jhzas3Y1KHZI8CN8W8g/getUpdates "HTTP/1.1 200 OK"
2026-03-14 12:48:39,142 [INFO] httpx: HTTP Request: POST https://api.telegram.org/bot8611683567:AAFcLxkFz7jJSkr7jhzas3Y1KHZI8CN8W8g/getUpdates "HTTP/1.1 200 OK"
2026-03-14 12:48:49,182 [INFO] httpx: HTTP Request: POST https://api.telegram.org/bot8611683567:AAFcLxkFz7jJSkr7jhzas3Y1KHZI8CN8W8g/getUpdates "HTTP/1.1 200 OK"
2026-03-14 12:48:59,223 [INFO] httpx: HTTP Request: POST https://api.telegram.org/bot8611683567:AAFcLxkFz7jJSkr7jhzas3Y1KHZI8CN8W8g/getUpdates "HTTP/1.1 200 OK"
2026-03-14 12:49:09,268 [INFO] httpx: HTTP Request: POST https://api.telegram.org/bot8611683567:AAFcLxkFz7jJSkr7jhzas3Y1KHZI8CN8W8g/getUpdates "HTTP/1.1 200 OK"
2026-03-14 12:49:19,307 [INFO] httpx: HTTP Request: POST https://api.telegram.org/bot8611683567:AAFcLxkFz7jJSkr7jhzas3Y1KHZI8CN8W8g/getUpdates "HTTP/1.1 200 OK"
2026-03-14 12:49:29,353 [INFO] httpx: HTTP Request: POST https://api.telegram.org/bot8611683567:AAFcLxkFz7jJSkr7jhzas3Y1KHZI8CN8W8g/getUpdates "HTTP/1.1 200 OK"
2026-03-14 12:49:39,393 [INFO] httpx: HTTP Request: POST https://api.telegram.org/bot8611683567:AAFcLxkFz7jJSkr7jhzas3Y1KHZI8CN8W8g/getUpdates "HTTP/1.1 200 OK"
2026-03-14 12:49:49,440 [INFO] httpx: HTTP Request: POST https://api.telegram.org/bot8611683567:AAFcLxkFz7jJSkr7jhzas3Y1KHZI8CN8W8g/getUpdates "HTTP/1.1 200 OK"
2026-03-14 12:49:59,486 [INFO] httpx: HTTP Request: POST https://api.telegram.org/bot8611683567:AAFcLxkFz7jJSkr7jhzas3Y1KHZI8CN8W8g/getUpdates "HTTP/1.1 200 OK"
2026-03-14 12:50:09,523 [INFO] httpx: HTTP Request: POST https://api.telegram.org/bot8611683567:AAFcLxkFz7jJSkr7jhzas3Y1KHZI8CN8W8g/getUpdates "HTTP/1.1 200 OK"
2026-03-14 12:50:19,569 [INFO] httpx: HTTP Request: POST https://api.telegram.org/bot8611683567:AAFcLxkFz7jJSkr7jhzas3Y1KHZI8CN8W8g/getUpdates "HTTP/1.1 200 OK"
2026-03-14 12:50:29,609 [INFO] httpx: HTTP Request: POST https://api.telegram.org/bot8611683567:AAFcLxkFz7jJSkr7jhzas3Y1KHZI8CN8W8g/getUpdates "HTTP/1.1 200 OK"
2026-03-14 12:50:39,650 [INFO] httpx: HTTP Request: POST https://api.telegram.org/bot8611683567:AAFcLxkFz7jJSkr7jhzas3Y1KHZI8CN8W8g/getUpdates "HTTP/1.1 200 OK"
2026-03-14 12:50:49,692 [INFO] httpx: HTTP Request: POST https://api.telegram.org/bot8611683567:AAFcLxkFz7jJSkr7jhzas3Y1KHZI8CN8W8g/getUpdates "HTTP/1.1 200 OK"
2026-03-14 12:50:59,738 [INFO] httpx: HTTP Request: POST https://api.telegram.org/bot8611683567:AAFcLxkFz7jJSkr7jhzas3Y1KHZI8CN8W8g/getUpdates "HTTP/1.1 200 OK"
2026-03-14 12:51:09,780 [INFO] httpx: HTTP Request: POST https://api.telegram.org/bot8611683567:AAFcLxkFz7jJSkr7jhzas3Y1KHZI8CN8W8g/getUpdates "HTTP/1.1 200 OK"
2026-03-14 12:51:19,820 [INFO] httpx: HTTP Request: POST https://api.telegram.org/bot8611683567:AAFcLxkFz7jJSkr7jhzas3Y1KHZI8CN8W8g/getUpdates "HTTP/1.1 200 OK"
2026-03-14 12:51:29,860 [INFO] httpx: HTTP Request: POST https://api.telegram.org/bot8611683567:AAFcLxkFz7jJSkr7jhzas3Y1KHZI8CN8W8g/getUpdates "HTTP/1.1 200 OK"
2026-03-14 12:51:37,257 [INFO] httpx: HTTP Request: POST https://api.telegram.org/bot8611683567:AAFcLxkFz7jJSkr7jhzas3Y1KHZI8CN8W8g/getUpdates "HTTP/1.1 200 OK"
2026-03-14 12:51:37,259 [INFO] telegram.ext.Application: Application is stopping. This might take a moment.
2026-03-14 12:51:37,260 [INFO] apscheduler.scheduler: Scheduler has been shut down
2026-03-14 12:51:37,285 [INFO] telegram.ext.Application: Application.stop() complete
2026-03-14 12:51:37,287 [INFO] apscheduler.scheduler: Scheduler has been shut down
2026-03-14 14:00:44,864 [INFO] __main__: ✅ БД готова
2026-03-14 14:06:15,116 [INFO] __main__: ✅ БД готова
2026-03-14 14:07:21,047 [INFO] __main__: ✅ БД готова
2026-03-14 14:08:27,149 [INFO] __main__: ✅ БД готова
2026-03-14 14:08:27,574 [INFO] apscheduler.scheduler: Adding job tentatively -- it will be properly scheduled when the scheduler starts
2026-03-14 14:08:27,574 [INFO] __main__: 🤖 Бот запущен!
2026-03-14 14:09:52,058 [INFO] __main__: ✅ БД готова
2026-03-14 14:09:52,490 [INFO] apscheduler.scheduler: Adding job tentatively -- it will be properly scheduled when the scheduler starts
2026-03-14 14:09:52,491 [INFO] __main__: 🤖 Бот запущен!
2026-03-14 14:09:55,437 [INFO] httpx: HTTP Request: POST https://api.telegram.org/bot8611683567:AAEUSYRNLn-mzLawX3awnTvXJtyTa9x8phg/getMe "HTTP/1.1 200 OK"
2026-03-14 14:09:55,438 [INFO] apscheduler.scheduler: Added job "main.<locals>.<lambda>" to job store "default"
2026-03-14 14:09:55,438 [INFO] apscheduler.scheduler: Scheduler started
2026-03-14 14:09:55,439 [INFO] __main__: ⏰ Планировщик: каждые 30 мин
2026-03-14 14:10:00,604 [INFO] httpx: HTTP Request: POST https://api.telegram.org/bot8611683567:AAEUSYRNLn-mzLawX3awnTvXJtyTa9x8phg/sendMessage "HTTP/1.1 200 OK"
2026-03-14 14:10:00,605 [INFO] __main__: ▶️  Проверка [14.03.2026 14:10]
2026-03-14 14:10:00,615 [INFO] __main__: 🗑 Очищено старых записей: 10
2026-03-14 14:10:00,616 [INFO] scrapers.teztour: TEZ API: запрос тарифов 14.03.2026–03.04.2026 (cityId=3746, countryId=5732)
2026-03-14 14:10:03,072 [INFO] scrapers.teztour: TEZ API: получено 0 туров
2026-03-14 14:10:07,549 [INFO] scrapers.novatours: Novatours: токен получен (03096e2114...)
2026-03-14 14:10:08,938 [INFO] scrapers.novatours: Novatours: 10 отелей с ценами
2026-03-14 14:10:14,572 [INFO] __main__: Novatours: 10 туров до фильтра
2026-03-14 14:10:14,572 [INFO] __main__: Итого до фильтра: 10
2026-03-14 14:10:14,662 [INFO] __main__: ✅ Новых предложений: 10
2026-03-14 14:10:14,824 [INFO] httpx: HTTP Request: POST https://api.telegram.org/bot8611683567:AAEUSYRNLn-mzLawX3awnTvXJtyTa9x8phg/sendPhoto "HTTP/1.1 200 OK"
2026-03-14 14:10:14,971 [INFO] httpx: HTTP Request: POST https://api.telegram.org/bot8611683567:AAEUSYRNLn-mzLawX3awnTvXJtyTa9x8phg/sendPhoto "HTTP/1.1 200 OK"
2026-03-14 14:10:15,115 [INFO] httpx: HTTP Request: POST https://api.telegram.org/bot8611683567:AAEUSYRNLn-mzLawX3awnTvXJtyTa9x8phg/sendPhoto "HTTP/1.1 200 OK"
2026-03-14 14:10:15,272 [INFO] httpx: HTTP Request: POST https://api.telegram.org/bot8611683567:AAEUSYRNLn-mzLawX3awnTvXJtyTa9x8phg/sendPhoto "HTTP/1.1 200 OK"
2026-03-14 14:10:15,434 [INFO] httpx: HTTP Request: POST https://api.telegram.org/bot8611683567:AAEUSYRNLn-mzLawX3awnTvXJtyTa9x8phg/sendPhoto "HTTP/1.1 200 OK"
2026-03-14 14:10:15,526 [INFO] httpx: HTTP Request: POST https://api.telegram.org/bot8611683567:AAEUSYRNLn-mzLawX3awnTvXJtyTa9x8phg/deleteWebhook "HTTP/1.1 200 OK"
2026-03-14 14:10:15,527 [INFO] apscheduler.scheduler: Scheduler started
2026-03-14 14:10:15,528 [INFO] telegram.ext.Application: Application started
2026-03-14 14:10:15,630 [INFO] httpx: HTTP Request: POST https://api.telegram.org/bot8611683567:AAEUSYRNLn-mzLawX3awnTvXJtyTa9x8phg/getUpdates "HTTP/1.1 200 OK"
2026-03-14 14:10:15,692 [INFO] httpx: HTTP Request: POST https://api.telegram.org/bot8611683567:AAEUSYRNLn-mzLawX3awnTvXJtyTa9x8phg/sendMessage "HTTP/1.1 200 OK"
2026-03-14 14:10:25,673 [INFO] httpx: HTTP Request: POST https://api.telegram.org/bot8611683567:AAEUSYRNLn-mzLawX3awnTvXJtyTa9x8phg/getUpdates "HTTP/1.1 200 OK"
2026-03-14 14:10:35,708 [INFO] httpx: HTTP Request: POST https://api.telegram.org/bot8611683567:AAEUSYRNLn-mzLawX3awnTvXJtyTa9x8phg/getUpdates "HTTP/1.1 200 OK"
2026-03-14 14:10:45,745 [INFO] httpx: HTTP Request: POST https://api.telegram.org/bot8611683567:AAEUSYRNLn-mzLawX3awnTvXJtyTa9x8phg/getUpdates "HTTP/1.1 200 OK"
2026-03-14 14:10:55,780 [INFO] httpx: HTTP Request: POST https://api.telegram.org/bot8611683567:AAEUSYRNLn-mzLawX3awnTvXJtyTa9x8phg/getUpdates "HTTP/1.1 200 OK"
2026-03-14 14:11:05,812 [INFO] httpx: HTTP Request: POST https://api.telegram.org/bot8611683567:AAEUSYRNLn-mzLawX3awnTvXJtyTa9x8phg/getUpdates "HTTP/1.1 200 OK"
2026-03-14 14:11:15,847 [INFO] httpx: HTTP Request: POST https://api.telegram.org/bot8611683567:AAEUSYRNLn-mzLawX3awnTvXJtyTa9x8phg/getUpdates "HTTP/1.1 200 OK"
2026-03-14 14:11:25,882 [INFO] httpx: HTTP Request: POST https://api.telegram.org/bot8611683567:AAEUSYRNLn-mzLawX3awnTvXJtyTa9x8phg/getUpdates "HTTP/1.1 200 OK"
2026-03-14 14:11:35,917 [INFO] httpx: HTTP Request: POST https://api.telegram.org/bot8611683567:AAEUSYRNLn-mzLawX3awnTvXJtyTa9x8phg/getUpdates "HTTP/1.1 200 OK"
2026-03-14 14:11:45,952 [INFO] httpx: HTTP Request: POST https://api.telegram.org/bot8611683567:AAEUSYRNLn-mzLawX3awnTvXJtyTa9x8phg/getUpdates "HTTP/1.1 200 OK"
2026-03-14 14:11:55,987 [INFO] httpx: HTTP Request: POST https://api.telegram.org/bot8611683567:AAEUSYRNLn-mzLawX3awnTvXJtyTa9x8phg/getUpdates "HTTP/1.1 200 OK"
2026-03-14 14:12:06,021 [INFO] httpx: HTTP Request: POST https://api.telegram.org/bot8611683567:AAEUSYRNLn-mzLawX3awnTvXJtyTa9x8phg/getUpdates "HTTP/1.1 200 OK"
2026-03-14 14:12:16,058 [INFO] httpx: HTTP Request: POST https://api.telegram.org/bot8611683567:AAEUSYRNLn-mzLawX3awnTvXJtyTa9x8phg/getUpdates "HTTP/1.1 200 OK"
2026-03-14 14:12:26,092 [INFO] httpx: HTTP Request: POST https://api.telegram.org/bot8611683567:AAEUSYRNLn-mzLawX3awnTvXJtyTa9x8phg/getUpdates "HTTP/1.1 200 OK"
2026-03-14 14:12:36,127 [INFO] httpx: HTTP Request: POST https://api.telegram.org/bot8611683567:AAEUSYRNLn-mzLawX3awnTvXJtyTa9x8phg/getUpdates "HTTP/1.1 200 OK"
2026-03-14 14:12:46,176 [INFO] httpx: HTTP Request: POST https://api.telegram.org/bot8611683567:AAEUSYRNLn-mzLawX3awnTvXJtyTa9x8phg/getUpdates "HTTP/1.1 200 OK"
2026-03-14 14:12:56,217 [INFO] httpx: HTTP Request: POST https://api.telegram.org/bot8611683567:AAEUSYRNLn-mzLawX3awnTvXJtyTa9x8phg/getUpdates "HTTP/1.1 200 OK"
2026-03-14 14:13:06,253 [INFO] httpx: HTTP Request: POST https://api.telegram.org/bot8611683567:AAEUSYRNLn-mzLawX3awnTvXJtyTa9x8phg/getUpdates "HTTP/1.1 200 OK"
2026-03-14 14:13:16,332 [INFO] httpx: HTTP Request: POST https://api.telegram.org/bot8611683567:AAEUSYRNLn-mzLawX3awnTvXJtyTa9x8phg/getUpdates "HTTP/1.1 200 OK"
2026-03-14 14:13:26,373 [INFO] httpx: HTTP Request: POST https://api.telegram.org/bot8611683567:AAEUSYRNLn-mzLawX3awnTvXJtyTa9x8phg/getUpdates "HTTP/1.1 200 OK"
2026-03-14 14:13:36,506 [INFO] httpx: HTTP Request: POST https://api.telegram.org/bot8611683567:AAEUSYRNLn-mzLawX3awnTvXJtyTa9x8phg/getUpdates "HTTP/1.1 200 OK"
2026-03-14 14:13:46,566 [INFO] httpx: HTTP Request: POST https://api.telegram.org/bot8611683567:AAEUSYRNLn-mzLawX3awnTvXJtyTa9x8phg/getUpdates "HTTP/1.1 200 OK"
2026-03-14 14:13:56,605 [INFO] httpx: HTTP Request: POST https://api.telegram.org/bot8611683567:AAEUSYRNLn-mzLawX3awnTvXJtyTa9x8phg/getUpdates "HTTP/1.1 200 OK"
2026-03-14 14:14:06,663 [INFO] httpx: HTTP Request: POST https://api.telegram.org/bot8611683567:AAEUSYRNLn-mzLawX3awnTvXJtyTa9x8phg/getUpdates "HTTP/1.1 200 OK"
2026-03-14 14:14:16,699 [INFO] httpx: HTTP Request: POST https://api.telegram.org/bot8611683567:AAEUSYRNLn-mzLawX3awnTvXJtyTa9x8phg/getUpdates "HTTP/1.1 200 OK"
2026-03-14 14:14:26,778 [INFO] httpx: HTTP Request: POST https://api.telegram.org/bot8611683567:AAEUSYRNLn-mzLawX3awnTvXJtyTa9x8phg/getUpdates "HTTP/1.1 200 OK"
2026-03-14 14:14:36,821 [INFO] httpx: HTTP Request: POST https://api.telegram.org/bot8611683567:AAEUSYRNLn-mzLawX3awnTvXJtyTa9x8phg/getUpdates "HTTP/1.1 200 OK"
2026-03-14 14:14:46,910 [INFO] httpx: HTTP Request: POST https://api.telegram.org/bot8611683567:AAEUSYRNLn-mzLawX3awnTvXJtyTa9x8phg/getUpdates "HTTP/1.1 200 OK"
2026-03-14 14:14:56,945 [INFO] httpx: HTTP Request: POST https://api.telegram.org/bot8611683567:AAEUSYRNLn-mzLawX3awnTvXJtyTa9x8phg/getUpdates "HTTP/1.1 200 OK"
2026-03-14 14:15:06,985 [INFO] httpx: HTTP Request: POST https://api.telegram.org/bot8611683567:AAEUSYRNLn-mzLawX3awnTvXJtyTa9x8phg/getUpdates "HTTP/1.1 200 OK"
2026-03-14 14:15:17,024 [INFO] httpx: HTTP Request: POST https://api.telegram.org/bot8611683567:AAEUSYRNLn-mzLawX3awnTvXJtyTa9x8phg/getUpdates "HTTP/1.1 200 OK"
2026-03-14 14:15:27,064 [INFO] httpx: HTTP Request: POST https://api.telegram.org/bot8611683567:AAEUSYRNLn-mzLawX3awnTvXJtyTa9x8phg/getUpdates "HTTP/1.1 200 OK"
2026-03-14 14:15:37,185 [INFO] httpx: HTTP Request: POST https://api.telegram.org/bot8611683567:AAEUSYRNLn-mzLawX3awnTvXJtyTa9x8phg/getUpdates "HTTP/1.1 200 OK"
2026-03-14 14:15:47,222 [INFO] httpx: HTTP Request: POST https://api.telegram.org/bot8611683567:AAEUSYRNLn-mzLawX3awnTvXJtyTa9x8phg/getUpdates "HTTP/1.1 200 OK"
2026-03-14 14:15:57,258 [INFO] httpx: HTTP Request: POST https://api.telegram.org/bot8611683567:AAEUSYRNLn-mzLawX3awnTvXJtyTa9x8phg/getUpdates "HTTP/1.1 200 OK"
2026-03-14 14:16:07,296 [INFO] httpx: HTTP Request: POST https://api.telegram.org/bot8611683567:AAEUSYRNLn-mzLawX3awnTvXJtyTa9x8phg/getUpdates "HTTP/1.1 200 OK"
2026-03-14 14:16:17,334 [INFO] httpx: HTTP Request: POST https://api.telegram.org/bot8611683567:AAEUSYRNLn-mzLawX3awnTvXJtyTa9x8phg/getUpdates "HTTP/1.1 200 OK"
2026-03-14 14:16:27,376 [INFO] httpx: HTTP Request: POST https://api.telegram.org/bot8611683567:AAEUSYRNLn-mzLawX3awnTvXJtyTa9x8phg/getUpdates "HTTP/1.1 200 OK"
2026-03-14 14:16:37,415 [INFO] httpx: HTTP Request: POST https://api.telegram.org/bot8611683567:AAEUSYRNLn-mzLawX3awnTvXJtyTa9x8phg/getUpdates "HTTP/1.1 200 OK"
2026-03-14 14:16:47,466 [INFO] httpx: HTTP Request: POST https://api.telegram.org/bot8611683567:AAEUSYRNLn-mzLawX3awnTvXJtyTa9x8phg/getUpdates "HTTP/1.1 200 OK"
2026-03-14 14:16:57,505 [INFO] httpx: HTTP Request: POST https://api.telegram.org/bot8611683567:AAEUSYRNLn-mzLawX3awnTvXJtyTa9x8phg/getUpdates "HTTP/1.1 200 OK"
2026-03-14 14:17:07,540 [INFO] httpx: HTTP Request: POST https://api.telegram.org/bot8611683567:AAEUSYRNLn-mzLawX3awnTvXJtyTa9x8phg/getUpdates "HTTP/1.1 200 OK"
2026-03-14 14:17:17,595 [INFO] httpx: HTTP Request: POST https://api.telegram.org/bot8611683567:AAEUSYRNLn-mzLawX3awnTvXJtyTa9x8phg/getUpdates "HTTP/1.1 200 OK"
2026-03-14 14:17:27,660 [INFO] httpx: HTTP Request: POST https://api.telegram.org/bot8611683567:AAEUSYRNLn-mzLawX3awnTvXJtyTa9x8phg/getUpdates "HTTP/1.1 200 OK"
2026-03-14 14:17:37,704 [INFO] httpx: HTTP Request: POST https://api.telegram.org/bot8611683567:AAEUSYRNLn-mzLawX3awnTvXJtyTa9x8phg/getUpdates "HTTP/1.1 200 OK"
2026-03-14 14:17:47,743 [INFO] httpx: HTTP Request: POST https://api.telegram.org/bot8611683567:AAEUSYRNLn-mzLawX3awnTvXJtyTa9x8phg/getUpdates "HTTP/1.1 200 OK"
2026-03-14 14:17:57,777 [INFO] httpx: HTTP Request: POST https://api.telegram.org/bot8611683567:AAEUSYRNLn-mzLawX3awnTvXJtyTa9x8phg/getUpdates "HTTP/1.1 200 OK"
2026-03-14 14:18:07,836 [INFO] httpx: HTTP Request: POST https://api.telegram.org/bot8611683567:AAEUSYRNLn-mzLawX3awnTvXJtyTa9x8phg/getUpdates "HTTP/1.1 200 OK"
2026-03-14 14:18:17,879 [INFO] httpx: HTTP Request: POST https://api.telegram.org/bot8611683567:AAEUSYRNLn-mzLawX3awnTvXJtyTa9x8phg/getUpdates "HTTP/1.1 200 OK"
2026-03-14 14:18:27,925 [INFO] httpx: HTTP Request: POST https://api.telegram.org/bot8611683567:AAEUSYRNLn-mzLawX3awnTvXJtyTa9x8phg/getUpdates "HTTP/1.1 200 OK"
2026-03-14 14:18:37,961 [INFO] httpx: HTTP Request: POST https://api.telegram.org/bot8611683567:AAEUSYRNLn-mzLawX3awnTvXJtyTa9x8phg/getUpdates "HTTP/1.1 200 OK"
2026-03-14 14:18:48,000 [INFO] httpx: HTTP Request: POST https://api.telegram.org/bot8611683567:AAEUSYRNLn-mzLawX3awnTvXJtyTa9x8phg/getUpdates "HTTP/1.1 200 OK"
2026-03-14 14:18:58,039 [INFO] httpx: HTTP Request: POST https://api.telegram.org/bot8611683567:AAEUSYRNLn-mzLawX3awnTvXJtyTa9x8phg/getUpdates "HTTP/1.1 200 OK"
2026-03-14 14:19:08,114 [INFO] httpx: HTTP Request: POST https://api.telegram.org/bot8611683567:AAEUSYRNLn-mzLawX3awnTvXJtyTa9x8phg/getUpdates "HTTP/1.1 200 OK"
2026-03-14 14:19:18,151 [INFO] httpx: HTTP Request: POST https://api.telegram.org/bot8611683567:AAEUSYRNLn-mzLawX3awnTvXJtyTa9x8phg/getUpdates "HTTP/1.1 200 OK"
2026-03-14 14:19:28,186 [INFO] httpx: HTTP Request: POST https://api.telegram.org/bot8611683567:AAEUSYRNLn-mzLawX3awnTvXJtyTa9x8phg/getUpdates "HTTP/1.1 200 OK"
2026-03-14 14:19:38,225 [INFO] httpx: HTTP Request: POST https://api.telegram.org/bot8611683567:AAEUSYRNLn-mzLawX3awnTvXJtyTa9x8phg/getUpdates "HTTP/1.1 200 OK"
2026-03-14 14:19:48,263 [INFO] httpx: HTTP Request: POST https://api.telegram.org/bot8611683567:AAEUSYRNLn-mzLawX3awnTvXJtyTa9x8phg/getUpdates "HTTP/1.1 200 OK"
2026-03-14 14:19:58,302 [INFO] httpx: HTTP Request: POST https://api.telegram.org/bot8611683567:AAEUSYRNLn-mzLawX3awnTvXJtyTa9x8phg/getUpdates "HTTP/1.1 200 OK"
2026-03-14 14:20:08,376 [INFO] httpx: HTTP Request: POST https://api.telegram.org/bot8611683567:AAEUSYRNLn-mzLawX3awnTvXJtyTa9x8phg/getUpdates "HTTP/1.1 200 OK"
2026-03-14 14:20:18,412 [INFO] httpx: HTTP Request: POST https://api.telegram.org/bot8611683567:AAEUSYRNLn-mzLawX3awnTvXJtyTa9x8phg/getUpdates "HTTP/1.1 200 OK"
2026-03-14 14:20:28,448 [INFO] httpx: HTTP Request: POST https://api.telegram.org/bot8611683567:AAEUSYRNLn-mzLawX3awnTvXJtyTa9x8phg/getUpdates "HTTP/1.1 200 OK"
2026-03-14 14:20:38,492 [INFO] httpx: HTTP Request: POST https://api.telegram.org/bot8611683567:AAEUSYRNLn-mzLawX3awnTvXJtyTa9x8phg/getUpdates "HTTP/1.1 200 OK"
2026-03-14 14:20:48,533 [INFO] httpx: HTTP Request: POST https://api.telegram.org/bot8611683567:AAEUSYRNLn-mzLawX3awnTvXJtyTa9x8phg/getUpdates "HTTP/1.1 200 OK"
2026-03-14 14:20:58,609 [INFO] httpx: HTTP Request: POST https://api.telegram.org/bot8611683567:AAEUSYRNLn-mzLawX3awnTvXJtyTa9x8phg/getUpdates "HTTP/1.1 200 OK"
2026-03-14 14:21:08,647 [INFO] httpx: HTTP Request: POST https://api.telegram.org/bot8611683567:AAEUSYRNLn-mzLawX3awnTvXJtyTa9x8phg/getUpdates "HTTP/1.1 200 OK"
2026-03-14 14:21:18,754 [INFO] httpx: HTTP Request: POST https://api.telegram.org/bot8611683567:AAEUSYRNLn-mzLawX3awnTvXJtyTa9x8phg/getUpdates "HTTP/1.1 200 OK"
2026-03-14 14:21:28,793 [INFO] httpx: HTTP Request: POST https://api.telegram.org/bot8611683567:AAEUSYRNLn-mzLawX3awnTvXJtyTa9x8phg/getUpdates "HTTP/1.1 200 OK"
2026-03-14 14:21:38,827 [INFO] httpx: HTTP Request: POST https://api.telegram.org/bot8611683567:AAEUSYRNLn-mzLawX3awnTvXJtyTa9x8phg/getUpdates "HTTP/1.1 200 OK"
2026-03-14 14:21:48,864 [INFO] httpx: HTTP Request: POST https://api.telegram.org/bot8611683567:AAEUSYRNLn-mzLawX3awnTvXJtyTa9x8phg/getUpdates "HTTP/1.1 200 OK"
2026-03-14 14:21:58,905 [INFO] httpx: HTTP Request: POST https://api.telegram.org/bot8611683567:AAEUSYRNLn-mzLawX3awnTvXJtyTa9x8phg/getUpdates "HTTP/1.1 200 OK"
2026-03-14 14:22:08,945 [INFO] httpx: HTTP Request: POST https://api.telegram.org/bot8611683567:AAEUSYRNLn-mzLawX3awnTvXJtyTa9x8phg/getUpdates "HTTP/1.1 200 OK"
2026-03-14 14:22:18,988 [INFO] httpx: HTTP Request: POST https://api.telegram.org/bot8611683567:AAEUSYRNLn-mzLawX3awnTvXJtyTa9x8phg/getUpdates "HTTP/1.1 200 OK"
2026-03-14 14:22:29,028 [INFO] httpx: HTTP Request: POST https://api.telegram.org/bot8611683567:AAEUSYRNLn-mzLawX3awnTvXJtyTa9x8phg/getUpdates "HTTP/1.1 200 OK"
2026-03-14 14:22:39,066 [INFO] httpx: HTTP Request: POST https://api.telegram.org/bot8611683567:AAEUSYRNLn-mzLawX3awnTvXJtyTa9x8phg/getUpdates "HTTP/1.1 200 OK"
2026-03-14 14:22:49,106 [INFO] httpx: HTTP Request: POST https://api.telegram.org/bot8611683567:AAEUSYRNLn-mzLawX3awnTvXJtyTa9x8phg/getUpdates "HTTP/1.1 200 OK"
2026-03-14 14:22:59,145 [INFO] httpx: HTTP Request: POST https://api.telegram.org/bot8611683567:AAEUSYRNLn-mzLawX3awnTvXJtyTa9x8phg/getUpdates "HTTP/1.1 200 OK"
2026-03-14 14:23:09,186 [INFO] httpx: HTTP Request: POST https://api.telegram.org/bot8611683567:AAEUSYRNLn-mzLawX3awnTvXJtyTa9x8phg/getUpdates "HTTP/1.1 200 OK"
2026-03-14 14:23:19,221 [INFO] httpx: HTTP Request: POST https://api.telegram.org/bot8611683567:AAEUSYRNLn-mzLawX3awnTvXJtyTa9x8phg/getUpdates "HTTP/1.1 200 OK"
2026-03-14 14:23:29,293 [INFO] httpx: HTTP Request: POST https://api.telegram.org/bot8611683567:AAEUSYRNLn-mzLawX3awnTvXJtyTa9x8phg/getUpdates "HTTP/1.1 200 OK"
2026-03-14 14:23:39,329 [INFO] httpx: HTTP Request: POST https://api.telegram.org/bot8611683567:AAEUSYRNLn-mzLawX3awnTvXJtyTa9x8phg/getUpdates "HTTP/1.1 200 OK"
2026-03-14 14:23:49,366 [INFO] httpx: HTTP Request: POST https://api.telegram.org/bot8611683567:AAEUSYRNLn-mzLawX3awnTvXJtyTa9x8phg/getUpdates "HTTP/1.1 200 OK"
2026-03-14 14:23:59,404 [INFO] httpx: HTTP Request: POST https://api.telegram.org/bot8611683567:AAEUSYRNLn-mzLawX3awnTvXJtyTa9x8phg/getUpdates "HTTP/1.1 200 OK"
2026-03-14 14:24:09,445 [INFO] httpx: HTTP Request: POST https://api.telegram.org/bot8611683567:AAEUSYRNLn-mzLawX3awnTvXJtyTa9x8phg/getUpdates "HTTP/1.1 200 OK"
2026-03-14 14:24:19,480 [INFO] httpx: HTTP Request: POST https://api.telegram.org/bot8611683567:AAEUSYRNLn-mzLawX3awnTvXJtyTa9x8phg/getUpdates "HTTP/1.1 200 OK"
2026-03-14 14:24:29,536 [INFO] httpx: HTTP Request: POST https://api.telegram.org/bot8611683567:AAEUSYRNLn-mzLawX3awnTvXJtyTa9x8phg/getUpdates "HTTP/1.1 200 OK"
2026-03-14 14:24:39,573 [INFO] httpx: HTTP Request: POST https://api.telegram.org/bot8611683567:AAEUSYRNLn-mzLawX3awnTvXJtyTa9x8phg/getUpdates "HTTP/1.1 200 OK"
2026-03-14 14:24:49,610 [INFO] httpx: HTTP Request: POST https://api.telegram.org/bot8611683567:AAEUSYRNLn-mzLawX3awnTvXJtyTa9x8phg/getUpdates "HTTP/1.1 200 OK"
2026-03-14 14:24:59,928 [INFO] httpx: HTTP Request: POST https://api.telegram.org/bot8611683567:AAEUSYRNLn-mzLawX3awnTvXJtyTa9x8phg/getUpdates "HTTP/1.1 200 OK"
2026-03-14 14:25:09,985 [INFO] httpx: HTTP Request: POST https://api.telegram.org/bot8611683567:AAEUSYRNLn-mzLawX3awnTvXJtyTa9x8phg/getUpdates "HTTP/1.1 200 OK"
2026-03-14 14:25:20,036 [INFO] httpx: HTTP Request: POST https://api.telegram.org/bot8611683567:AAEUSYRNLn-mzLawX3awnTvXJtyTa9x8phg/getUpdates "HTTP/1.1 200 OK"
2026-03-14 14:25:30,075 [INFO] httpx: HTTP Request: POST https://api.telegram.org/bot8611683567:AAEUSYRNLn-mzLawX3awnTvXJtyTa9x8phg/getUpdates "HTTP/1.1 200 OK"
2026-03-14 14:25:40,114 [INFO] httpx: HTTP Request: POST https://api.telegram.org/bot8611683567:AAEUSYRNLn-mzLawX3awnTvXJtyTa9x8phg/getUpdates "HTTP/1.1 200 OK"
2026-03-14 14:25:50,150 [INFO] httpx: HTTP Request: POST https://api.telegram.org/bot8611683567:AAEUSYRNLn-mzLawX3awnTvXJtyTa9x8phg/getUpdates "HTTP/1.1 200 OK"
2026-03-14 14:26:00,192 [INFO] httpx: HTTP Request: POST https://api.telegram.org/bot8611683567:AAEUSYRNLn-mzLawX3awnTvXJtyTa9x8phg/getUpdates "HTTP/1.1 200 OK"
2026-03-14 14:26:10,231 [INFO] httpx: HTTP Request: POST https://api.telegram.org/bot8611683567:AAEUSYRNLn-mzLawX3awnTvXJtyTa9x8phg/getUpdates "HTTP/1.1 200 OK"
2026-03-14 14:26:20,266 [INFO] httpx: HTTP Request: POST https://api.telegram.org/bot8611683567:AAEUSYRNLn-mzLawX3awnTvXJtyTa9x8phg/getUpdates "HTTP/1.1 200 OK"
2026-03-14 14:26:30,301 [INFO] httpx: HTTP Request: POST https://api.telegram.org/bot8611683567:AAEUSYRNLn-mzLawX3awnTvXJtyTa9x8phg/getUpdates "HTTP/1.1 200 OK"
2026-03-14 14:26:40,338 [INFO] httpx: HTTP Request: POST https://api.telegram.org/bot8611683567:AAEUSYRNLn-mzLawX3awnTvXJtyTa9x8phg/getUpdates "HTTP/1.1 200 OK"
2026-03-14 14:26:50,379 [INFO] httpx: HTTP Request: POST https://api.telegram.org/bot8611683567:AAEUSYRNLn-mzLawX3awnTvXJtyTa9x8phg/getUpdates "HTTP/1.1 200 OK"
2026-03-14 14:27:00,504 [INFO] httpx: HTTP Request: POST https://api.telegram.org/bot8611683567:AAEUSYRNLn-mzLawX3awnTvXJtyTa9x8phg/getUpdates "HTTP/1.1 200 OK"
2026-03-14 14:27:10,545 [INFO] httpx: HTTP Request: POST https://api.telegram.org/bot8611683567:AAEUSYRNLn-mzLawX3awnTvXJtyTa9x8phg/getUpdates "HTTP/1.1 200 OK"
2026-03-14 14:27:20,583 [INFO] httpx: HTTP Request: POST https://api.telegram.org/bot8611683567:AAEUSYRNLn-mzLawX3awnTvXJtyTa9x8phg/getUpdates "HTTP/1.1 200 OK"
2026-03-14 14:27:30,619 [INFO] httpx: HTTP Request: POST https://api.telegram.org/bot8611683567:AAEUSYRNLn-mzLawX3awnTvXJtyTa9x8phg/getUpdates "HTTP/1.1 200 OK"
2026-03-14 14:27:40,655 [INFO] httpx: HTTP Request: POST https://api.telegram.org/bot8611683567:AAEUSYRNLn-mzLawX3awnTvXJtyTa9x8phg/getUpdates "HTTP/1.1 200 OK"
2026-03-14 14:27:50,695 [INFO] httpx: HTTP Request: POST https://api.telegram.org/bot8611683567:AAEUSYRNLn-mzLawX3awnTvXJtyTa9x8phg/getUpdates "HTTP/1.1 200 OK"
2026-03-14 14:28:00,731 [INFO] httpx: HTTP Request: POST https://api.telegram.org/bot8611683567:AAEUSYRNLn-mzLawX3awnTvXJtyTa9x8phg/getUpdates "HTTP/1.1 200 OK"
2026-03-14 14:28:10,767 [INFO] httpx: HTTP Request: POST https://api.telegram.org/bot8611683567:AAEUSYRNLn-mzLawX3awnTvXJtyTa9x8phg/getUpdates "HTTP/1.1 200 OK"
2026-03-14 14:28:20,818 [INFO] httpx: HTTP Request: POST https://api.telegram.org/bot8611683567:AAEUSYRNLn-mzLawX3awnTvXJtyTa9x8phg/getUpdates "HTTP/1.1 200 OK"
2026-03-14 14:28:30,856 [INFO] httpx: HTTP Request: POST https://api.telegram.org/bot8611683567:AAEUSYRNLn-mzLawX3awnTvXJtyTa9x8phg/getUpdates "HTTP/1.1 200 OK"
2026-03-14 14:28:40,896 [INFO] httpx: HTTP Request: POST https://api.telegram.org/bot8611683567:AAEUSYRNLn-mzLawX3awnTvXJtyTa9x8phg/getUpdates "HTTP/1.1 200 OK"
2026-03-14 14:28:50,933 [INFO] httpx: HTTP Request: POST https://api.telegram.org/bot8611683567:AAEUSYRNLn-mzLawX3awnTvXJtyTa9x8phg/getUpdates "HTTP/1.1 200 OK"
2026-03-14 14:29:00,983 [INFO] httpx: HTTP Request: POST https://api.telegram.org/bot8611683567:AAEUSYRNLn-mzLawX3awnTvXJtyTa9x8phg/getUpdates "HTTP/1.1 200 OK"
2026-03-14 14:29:11,022 [INFO] httpx: HTTP Request: POST https://api.telegram.org/bot8611683567:AAEUSYRNLn-mzLawX3awnTvXJtyTa9x8phg/getUpdates "HTTP/1.1 200 OK"
2026-03-14 14:29:21,066 [INFO] httpx: HTTP Request: POST https://api.telegram.org/bot8611683567:AAEUSYRNLn-mzLawX3awnTvXJtyTa9x8phg/getUpdates "HTTP/1.1 200 OK"
2026-03-14 14:29:31,100 [INFO] httpx: HTTP Request: POST https://api.telegram.org/bot8611683567:AAEUSYRNLn-mzLawX3awnTvXJtyTa9x8phg/getUpdates "HTTP/1.1 200 OK"
2026-03-14 14:29:41,136 [INFO] httpx: HTTP Request: POST https://api.telegram.org/bot8611683567:AAEUSYRNLn-mzLawX3awnTvXJtyTa9x8phg/getUpdates "HTTP/1.1 200 OK"
2026-03-14 14:29:51,174 [INFO] httpx: HTTP Request: POST https://api.telegram.org/bot8611683567:AAEUSYRNLn-mzLawX3awnTvXJtyTa9x8phg/getUpdates "HTTP/1.1 200 OK"
2026-03-14 14:30:01,213 [INFO] httpx: HTTP Request: POST https://api.telegram.org/bot8611683567:AAEUSYRNLn-mzLawX3awnTvXJtyTa9x8phg/getUpdates "HTTP/1.1 200 OK"
2026-03-14 14:30:11,252 [INFO] httpx: HTTP Request: POST https://api.telegram.org/bot8611683567:AAEUSYRNLn-mzLawX3awnTvXJtyTa9x8phg/getUpdates "HTTP/1.1 200 OK"
2026-03-14 14:30:21,291 [INFO] httpx: HTTP Request: POST https://api.telegram.org/bot8611683567:AAEUSYRNLn-mzLawX3awnTvXJtyTa9x8phg/getUpdates "HTTP/1.1 200 OK"
2026-03-14 14:30:31,325 [INFO] httpx: HTTP Request: POST https://api.telegram.org/bot8611683567:AAEUSYRNLn-mzLawX3awnTvXJtyTa9x8phg/getUpdates "HTTP/1.1 200 OK"
2026-03-14 14:30:41,365 [INFO] httpx: HTTP Request: POST https://api.telegram.org/bot8611683567:AAEUSYRNLn-mzLawX3awnTvXJtyTa9x8phg/getUpdates "HTTP/1.1 200 OK"
2026-03-14 14:30:51,401 [INFO] httpx: HTTP Request: POST https://api.telegram.org/bot8611683567:AAEUSYRNLn-mzLawX3awnTvXJtyTa9x8phg/getUpdates "HTTP/1.1 200 OK"
2026-03-14 14:31:01,435 [INFO] httpx: HTTP Request: POST https://api.telegram.org/bot8611683567:AAEUSYRNLn-mzLawX3awnTvXJtyTa9x8phg/getUpdates "HTTP/1.1 200 OK"
2026-03-14 14:31:11,471 [INFO] httpx: HTTP Request: POST https://api.telegram.org/bot8611683567:AAEUSYRNLn-mzLawX3awnTvXJtyTa9x8phg/getUpdates "HTTP/1.1 200 OK"
2026-03-14 14:31:21,508 [INFO] httpx: HTTP Request: POST https://api.telegram.org/bot8611683567:AAEUSYRNLn-mzLawX3awnTvXJtyTa9x8phg/getUpdates "HTTP/1.1 200 OK"
2026-03-14 14:31:31,545 [INFO] httpx: HTTP Request: POST https://api.telegram.org/bot8611683567:AAEUSYRNLn-mzLawX3awnTvXJtyTa9x8phg/getUpdates "HTTP/1.1 200 OK"
2026-03-14 14:31:41,585 [INFO] httpx: HTTP Request: POST https://api.telegram.org/bot8611683567:AAEUSYRNLn-mzLawX3awnTvXJtyTa9x8phg/getUpdates "HTTP/1.1 200 OK"
2026-03-14 14:31:51,654 [INFO] httpx: HTTP Request: POST https://api.telegram.org/bot8611683567:AAEUSYRNLn-mzLawX3awnTvXJtyTa9x8phg/getUpdates "HTTP/1.1 200 OK"
2026-03-14 14:32:01,690 [INFO] httpx: HTTP Request: POST https://api.telegram.org/bot8611683567:AAEUSYRNLn-mzLawX3awnTvXJtyTa9x8phg/getUpdates "HTTP/1.1 200 OK"
2026-03-14 14:32:11,734 [INFO] httpx: HTTP Request: POST https://api.telegram.org/bot8611683567:AAEUSYRNLn-mzLawX3awnTvXJtyTa9x8phg/getUpdates "HTTP/1.1 200 OK"
2026-03-14 14:32:21,785 [INFO] httpx: HTTP Request: POST https://api.telegram.org/bot8611683567:AAEUSYRNLn-mzLawX3awnTvXJtyTa9x8phg/getUpdates "HTTP/1.1 200 OK"
2026-03-14 14:32:31,825 [INFO] httpx: HTTP Request: POST https://api.telegram.org/bot8611683567:AAEUSYRNLn-mzLawX3awnTvXJtyTa9x8phg/getUpdates "HTTP/1.1 200 OK"
2026-03-14 14:32:41,862 [INFO] httpx: HTTP Request: POST https://api.telegram.org/bot8611683567:AAEUSYRNLn-mzLawX3awnTvXJtyTa9x8phg/getUpdates "HTTP/1.1 200 OK"
2026-03-14 14:32:51,902 [INFO] httpx: HTTP Request: POST https://api.telegram.org/bot8611683567:AAEUSYRNLn-mzLawX3awnTvXJtyTa9x8phg/getUpdates "HTTP/1.1 200 OK"
2026-03-14 14:33:01,938 [INFO] httpx: HTTP Request: POST https://api.telegram.org/bot8611683567:AAEUSYRNLn-mzLawX3awnTvXJtyTa9x8phg/getUpdates "HTTP/1.1 200 OK"
2026-03-14 14:33:11,980 [INFO] httpx: HTTP Request: POST https://api.telegram.org/bot8611683567:AAEUSYRNLn-mzLawX3awnTvXJtyTa9x8phg/getUpdates "HTTP/1.1 200 OK"
2026-03-14 14:33:22,017 [INFO] httpx: HTTP Request: POST https://api.telegram.org/bot8611683567:AAEUSYRNLn-mzLawX3awnTvXJtyTa9x8phg/getUpdates "HTTP/1.1 200 OK"
2026-03-14 14:33:32,052 [INFO] httpx: HTTP Request: POST https://api.telegram.org/bot8611683567:AAEUSYRNLn-mzLawX3awnTvXJtyTa9x8phg/getUpdates "HTTP/1.1 200 OK"
2026-03-14 14:33:42,090 [INFO] httpx: HTTP Request: POST https://api.telegram.org/bot8611683567:AAEUSYRNLn-mzLawX3awnTvXJtyTa9x8phg/getUpdates "HTTP/1.1 200 OK"
2026-03-14 14:33:52,134 [INFO] httpx: HTTP Request: POST https://api.telegram.org/bot8611683567:AAEUSYRNLn-mzLawX3awnTvXJtyTa9x8phg/getUpdates "HTTP/1.1 200 OK"
2026-03-14 14:34:02,171 [INFO] httpx: HTTP Request: POST https://api.telegram.org/bot8611683567:AAEUSYRNLn-mzLawX3awnTvXJtyTa9x8phg/getUpdates "HTTP/1.1 200 OK"
2026-03-14 14:34:12,228 [INFO] httpx: HTTP Request: POST https://api.telegram.org/bot8611683567:AAEUSYRNLn-mzLawX3awnTvXJtyTa9x8phg/getUpdates "HTTP/1.1 200 OK"
2026-03-14 14:34:22,285 [INFO] httpx: HTTP Request: POST https://api.telegram.org/bot8611683567:AAEUSYRNLn-mzLawX3awnTvXJtyTa9x8phg/getUpdates "HTTP/1.1 200 OK"
2026-03-14 14:34:32,320 [INFO] httpx: HTTP Request: POST https://api.telegram.org/bot8611683567:AAEUSYRNLn-mzLawX3awnTvXJtyTa9x8phg/getUpdates "HTTP/1.1 200 OK"
2026-03-14 14:34:42,357 [INFO] httpx: HTTP Request: POST https://api.telegram.org/bot8611683567:AAEUSYRNLn-mzLawX3awnTvXJtyTa9x8phg/getUpdates "HTTP/1.1 200 OK"
2026-03-14 14:34:52,397 [INFO] httpx: HTTP Request: POST https://api.telegram.org/bot8611683567:AAEUSYRNLn-mzLawX3awnTvXJtyTa9x8phg/getUpdates "HTTP/1.1 200 OK"
2026-03-14 14:35:02,440 [INFO] httpx: HTTP Request: POST https://api.telegram.org/bot8611683567:AAEUSYRNLn-mzLawX3awnTvXJtyTa9x8phg/getUpdates "HTTP/1.1 200 OK"
2026-03-14 14:35:12,478 [INFO] httpx: HTTP Request: POST https://api.telegram.org/bot8611683567:AAEUSYRNLn-mzLawX3awnTvXJtyTa9x8phg/getUpdates "HTTP/1.1 200 OK"
2026-03-14 14:35:22,514 [INFO] httpx: HTTP Request: POST https://api.telegram.org/bot8611683567:AAEUSYRNLn-mzLawX3awnTvXJtyTa9x8phg/getUpdates "HTTP/1.1 200 OK"
2026-03-14 14:35:32,552 [INFO] httpx: HTTP Request: POST https://api.telegram.org/bot8611683567:AAEUSYRNLn-mzLawX3awnTvXJtyTa9x8phg/getUpdates "HTTP/1.1 200 OK"
2026-03-14 14:35:42,588 [INFO] httpx: HTTP Request: POST https://api.telegram.org/bot8611683567:AAEUSYRNLn-mzLawX3awnTvXJtyTa9x8phg/getUpdates "HTTP/1.1 200 OK"
2026-03-14 14:35:52,624 [INFO] httpx: HTTP Request: POST https://api.telegram.org/bot8611683567:AAEUSYRNLn-mzLawX3awnTvXJtyTa9x8phg/getUpdates "HTTP/1.1 200 OK"
2026-03-14 14:36:02,660 [INFO] httpx: HTTP Request: POST https://api.telegram.org/bot8611683567:AAEUSYRNLn-mzLawX3awnTvXJtyTa9x8phg/getUpdates "HTTP/1.1 200 OK"
2026-03-14 14:36:12,695 [INFO] httpx: HTTP Request: POST https://api.telegram.org/bot8611683567:AAEUSYRNLn-mzLawX3awnTvXJtyTa9x8phg/getUpdates "HTTP/1.1 200 OK"
2026-03-14 14:36:22,735 [INFO] httpx: HTTP Request: POST https://api.telegram.org/bot8611683567:AAEUSYRNLn-mzLawX3awnTvXJtyTa9x8phg/getUpdates "HTTP/1.1 200 OK"
2026-03-14 14:36:32,773 [INFO] httpx: HTTP Request: POST https://api.telegram.org/bot8611683567:AAEUSYRNLn-mzLawX3awnTvXJtyTa9x8phg/getUpdates "HTTP/1.1 200 OK"
2026-03-14 14:36:42,810 [INFO] httpx: HTTP Request: POST https://api.telegram.org/bot8611683567:AAEUSYRNLn-mzLawX3awnTvXJtyTa9x8phg/getUpdates "HTTP/1.1 200 OK"
2026-03-14 14:36:52,846 [INFO] httpx: HTTP Request: POST https://api.telegram.org/bot8611683567:AAEUSYRNLn-mzLawX3awnTvXJtyTa9x8phg/getUpdates "HTTP/1.1 200 OK"
2026-03-14 14:37:02,882 [INFO] httpx: HTTP Request: POST https://api.telegram.org/bot8611683567:AAEUSYRNLn-mzLawX3awnTvXJtyTa9x8phg/getUpdates "HTTP/1.1 200 OK"
2026-03-14 14:37:12,920 [INFO] httpx: HTTP Request: POST https://api.telegram.org/bot8611683567:AAEUSYRNLn-mzLawX3awnTvXJtyTa9x8phg/getUpdates "HTTP/1.1 200 OK"
2026-03-14 14:37:22,956 [INFO] httpx: HTTP Request: POST https://api.telegram.org/bot8611683567:AAEUSYRNLn-mzLawX3awnTvXJtyTa9x8phg/getUpdates "HTTP/1.1 200 OK"
2026-03-14 14:37:32,991 [INFO] httpx: HTTP Request: POST https://api.telegram.org/bot8611683567:AAEUSYRNLn-mzLawX3awnTvXJtyTa9x8phg/getUpdates "HTTP/1.1 200 OK"
2026-03-14 14:37:43,028 [INFO] httpx: HTTP Request: POST https://api.telegram.org/bot8611683567:AAEUSYRNLn-mzLawX3awnTvXJtyTa9x8phg/getUpdates "HTTP/1.1 200 OK"
2026-03-14 14:37:53,066 [INFO] httpx: HTTP Request: POST https://api.telegram.org/bot8611683567:AAEUSYRNLn-mzLawX3awnTvXJtyTa9x8phg/getUpdates "HTTP/1.1 200 OK"
2026-03-14 14:38:03,108 [INFO] httpx: HTTP Request: POST https://api.telegram.org/bot8611683567:AAEUSYRNLn-mzLawX3awnTvXJtyTa9x8phg/getUpdates "HTTP/1.1 200 OK"
2026-03-14 14:38:13,153 [INFO] httpx: HTTP Request: POST https://api.telegram.org/bot8611683567:AAEUSYRNLn-mzLawX3awnTvXJtyTa9x8phg/getUpdates "HTTP/1.1 200 OK"
2026-03-14 14:38:23,187 [INFO] httpx: HTTP Request: POST https://api.telegram.org/bot8611683567:AAEUSYRNLn-mzLawX3awnTvXJtyTa9x8phg/getUpdates "HTTP/1.1 200 OK"
2026-03-14 14:38:33,229 [INFO] httpx: HTTP Request: POST https://api.telegram.org/bot8611683567:AAEUSYRNLn-mzLawX3awnTvXJtyTa9x8phg/getUpdates "HTTP/1.1 200 OK"
2026-03-14 14:38:43,269 [INFO] httpx: HTTP Request: POST https://api.telegram.org/bot8611683567:AAEUSYRNLn-mzLawX3awnTvXJtyTa9x8phg/getUpdates "HTTP/1.1 200 OK"
2026-03-14 14:38:53,311 [INFO] httpx: HTTP Request: POST https://api.telegram.org/bot8611683567:AAEUSYRNLn-mzLawX3awnTvXJtyTa9x8phg/getUpdates "HTTP/1.1 200 OK"
2026-03-14 14:39:03,349 [INFO] httpx: HTTP Request: POST https://api.telegram.org/bot8611683567:AAEUSYRNLn-mzLawX3awnTvXJtyTa9x8phg/getUpdates "HTTP/1.1 200 OK"
2026-03-14 14:39:13,390 [INFO] httpx: HTTP Request: POST https://api.telegram.org/bot8611683567:AAEUSYRNLn-mzLawX3awnTvXJtyTa9x8phg/getUpdates "HTTP/1.1 200 OK"
2026-03-14 14:39:23,427 [INFO] httpx: HTTP Request: POST https://api.telegram.org/bot8611683567:AAEUSYRNLn-mzLawX3awnTvXJtyTa9x8phg/getUpdates "HTTP/1.1 200 OK"
2026-03-14 14:39:33,489 [INFO] httpx: HTTP Request: POST https://api.telegram.org/bot8611683567:AAEUSYRNLn-mzLawX3awnTvXJtyTa9x8phg/getUpdates "HTTP/1.1 200 OK"
2026-03-14 14:39:43,525 [INFO] httpx: HTTP Request: POST https://api.telegram.org/bot8611683567:AAEUSYRNLn-mzLawX3awnTvXJtyTa9x8phg/getUpdates "HTTP/1.1 200 OK"
2026-03-14 14:39:52,499 [INFO] apscheduler.executors.default: Running job "main.<locals>.<lambda> (trigger: interval[0:30:00], next run at: 2026-03-14 15:09:52 EET)" (scheduled at 2026-03-14 14:39:52.490556+02:00)
2026-03-14 14:39:52,543 [ERROR] apscheduler.executors.default: Job "main.<locals>.<lambda> (trigger: interval[0:30:00], next run at: 2026-03-14 15:09:52 EET)" raised an exception
Traceback (most recent call last):
  File "C:\Egypt\.venv\Lib\site-packages\apscheduler\executors\base.py", line 125, in run_job
    retval = job.func(*job.args, **job.kwargs)
  File "C:\Egypt\bot.py", line 516, in <lambda>
    lambda: asyncio.ensure_future(run_check(app=app, notify_users=True)),
            ~~~~~~~~~~~~~~~~~~~~~^^^^^^^^^^^^^^^^^^^^^^^^^^^^^^^^^^^^^^^
  File "C:\Users\rzabe\AppData\Local\Programs\Python\Python314\Lib\asyncio\tasks.py", line 730, in ensure_future
    loop = events.get_event_loop()
  File "C:\Users\rzabe\AppData\Local\Programs\Python\Python314\Lib\asyncio\events.py", line 715, in get_event_loop
    raise RuntimeError('There is no current event loop in thread %r.'
                       % threading.current_thread().name)
RuntimeError: There is no current event loop in thread 'asyncio_0'.
2026-03-14 14:39:53,568 [INFO] httpx: HTTP Request: POST https://api.telegram.org/bot8611683567:AAEUSYRNLn-mzLawX3awnTvXJtyTa9x8phg/getUpdates "HTTP/1.1 200 OK"
2026-03-14 14:40:03,605 [INFO] httpx: HTTP Request: POST https://api.telegram.org/bot8611683567:AAEUSYRNLn-mzLawX3awnTvXJtyTa9x8phg/getUpdates "HTTP/1.1 200 OK"
2026-03-14 14:40:13,644 [INFO] httpx: HTTP Request: POST https://api.telegram.org/bot8611683567:AAEUSYRNLn-mzLawX3awnTvXJtyTa9x8phg/getUpdates "HTTP/1.1 200 OK"
2026-03-14 14:40:23,683 [INFO] httpx: HTTP Request: POST https://api.telegram.org/bot8611683567:AAEUSYRNLn-mzLawX3awnTvXJtyTa9x8phg/getUpdates "HTTP/1.1 200 OK"
2026-03-14 14:40:33,723 [INFO] httpx: HTTP Request: POST https://api.telegram.org/bot8611683567:AAEUSYRNLn-mzLawX3awnTvXJtyTa9x8phg/getUpdates "HTTP/1.1 200 OK"
2026-03-14 14:40:43,764 [INFO] httpx: HTTP Request: POST https://api.telegram.org/bot8611683567:AAEUSYRNLn-mzLawX3awnTvXJtyTa9x8phg/getUpdates "HTTP/1.1 200 OK"
2026-03-14 14:40:53,801 [INFO] httpx: HTTP Request: POST https://api.telegram.org/bot8611683567:AAEUSYRNLn-mzLawX3awnTvXJtyTa9x8phg/getUpdates "HTTP/1.1 200 OK"
2026-03-14 14:41:03,844 [INFO] httpx: HTTP Request: POST https://api.telegram.org/bot8611683567:AAEUSYRNLn-mzLawX3awnTvXJtyTa9x8phg/getUpdates "HTTP/1.1 200 OK"
2026-03-14 14:41:13,883 [INFO] httpx: HTTP Request: POST https://api.telegram.org/bot8611683567:AAEUSYRNLn-mzLawX3awnTvXJtyTa9x8phg/getUpdates "HTTP/1.1 200 OK"
2026-03-14 14:41:23,920 [INFO] httpx: HTTP Request: POST https://api.telegram.org/bot8611683567:AAEUSYRNLn-mzLawX3awnTvXJtyTa9x8phg/getUpdates "HTTP/1.1 200 OK"
2026-03-14 14:41:33,963 [INFO] httpx: HTTP Request: POST https://api.telegram.org/bot8611683567:AAEUSYRNLn-mzLawX3awnTvXJtyTa9x8phg/getUpdates "HTTP/1.1 200 OK"
2026-03-14 14:41:43,999 [INFO] httpx: HTTP Request: POST https://api.telegram.org/bot8611683567:AAEUSYRNLn-mzLawX3awnTvXJtyTa9x8phg/getUpdates "HTTP/1.1 200 OK"
2026-03-14 14:41:54,035 [INFO] httpx: HTTP Request: POST https://api.telegram.org/bot8611683567:AAEUSYRNLn-mzLawX3awnTvXJtyTa9x8phg/getUpdates "HTTP/1.1 200 OK"
2026-03-14 14:42:04,069 [INFO] httpx: HTTP Request: POST https://api.telegram.org/bot8611683567:AAEUSYRNLn-mzLawX3awnTvXJtyTa9x8phg/getUpdates "HTTP/1.1 200 OK"
2026-03-14 14:42:14,105 [INFO] httpx: HTTP Request: POST https://api.telegram.org/bot8611683567:AAEUSYRNLn-mzLawX3awnTvXJtyTa9x8phg/getUpdates "HTTP/1.1 200 OK"
2026-03-14 14:42:24,147 [INFO] httpx: HTTP Request: POST https://api.telegram.org/bot8611683567:AAEUSYRNLn-mzLawX3awnTvXJtyTa9x8phg/getUpdates "HTTP/1.1 200 OK"
2026-03-14 14:42:34,182 [INFO] httpx: HTTP Request: POST https://api.telegram.org/bot8611683567:AAEUSYRNLn-mzLawX3awnTvXJtyTa9x8phg/getUpdates "HTTP/1.1 200 OK"
2026-03-14 14:42:44,218 [INFO] httpx: HTTP Request: POST https://api.telegram.org/bot8611683567:AAEUSYRNLn-mzLawX3awnTvXJtyTa9x8phg/getUpdates "HTTP/1.1 200 OK"
2026-03-14 14:42:54,255 [INFO] httpx: HTTP Request: POST https://api.telegram.org/bot8611683567:AAEUSYRNLn-mzLawX3awnTvXJtyTa9x8phg/getUpdates "HTTP/1.1 200 OK"
2026-03-14 14:43:04,298 [INFO] httpx: HTTP Request: POST https://api.telegram.org/bot8611683567:AAEUSYRNLn-mzLawX3awnTvXJtyTa9x8phg/getUpdates "HTTP/1.1 200 OK"
2026-03-14 14:43:14,345 [INFO] httpx: HTTP Request: POST https://api.telegram.org/bot8611683567:AAEUSYRNLn-mzLawX3awnTvXJtyTa9x8phg/getUpdates "HTTP/1.1 200 OK"
2026-03-14 14:43:24,384 [INFO] httpx: HTTP Request: POST https://api.telegram.org/bot8611683567:AAEUSYRNLn-mzLawX3awnTvXJtyTa9x8phg/getUpdates "HTTP/1.1 200 OK"
2026-03-14 14:43:34,422 [INFO] httpx: HTTP Request: POST https://api.telegram.org/bot8611683567:AAEUSYRNLn-mzLawX3awnTvXJtyTa9x8phg/getUpdates "HTTP/1.1 200 OK"
2026-03-14 14:43:44,556 [INFO] httpx: HTTP Request: POST https://api.telegram.org/bot8611683567:AAEUSYRNLn-mzLawX3awnTvXJtyTa9x8phg/getUpdates "HTTP/1.1 200 OK"
2026-03-14 14:43:54,596 [INFO] httpx: HTTP Request: POST https://api.telegram.org/bot8611683567:AAEUSYRNLn-mzLawX3awnTvXJtyTa9x8phg/getUpdates "HTTP/1.1 200 OK"
2026-03-14 14:44:04,635 [INFO] httpx: HTTP Request: POST https://api.telegram.org/bot8611683567:AAEUSYRNLn-mzLawX3awnTvXJtyTa9x8phg/getUpdates "HTTP/1.1 200 OK"
2026-03-14 14:44:14,894 [INFO] httpx: HTTP Request: POST https://api.telegram.org/bot8611683567:AAEUSYRNLn-mzLawX3awnTvXJtyTa9x8phg/getUpdates "HTTP/1.1 200 OK"
2026-03-14 14:44:24,929 [INFO] httpx: HTTP Request: POST https://api.telegram.org/bot8611683567:AAEUSYRNLn-mzLawX3awnTvXJtyTa9x8phg/getUpdates "HTTP/1.1 200 OK"
2026-03-14 14:44:34,975 [INFO] httpx: HTTP Request: POST https://api.telegram.org/bot8611683567:AAEUSYRNLn-mzLawX3awnTvXJtyTa9x8phg/getUpdates "HTTP/1.1 200 OK"
2026-03-14 14:44:45,015 [INFO] httpx: HTTP Request: POST https://api.telegram.org/bot8611683567:AAEUSYRNLn-mzLawX3awnTvXJtyTa9x8phg/getUpdates "HTTP/1.1 200 OK"
2026-03-14 14:44:55,054 [INFO] httpx: HTTP Request: POST https://api.telegram.org/bot8611683567:AAEUSYRNLn-mzLawX3awnTvXJtyTa9x8phg/getUpdates "HTTP/1.1 200 OK"
2026-03-14 14:45:05,092 [INFO] httpx: HTTP Request: POST https://api.telegram.org/bot8611683567:AAEUSYRNLn-mzLawX3awnTvXJtyTa9x8phg/getUpdates "HTTP/1.1 200 OK"
2026-03-14 14:45:15,126 [INFO] httpx: HTTP Request: POST https://api.telegram.org/bot8611683567:AAEUSYRNLn-mzLawX3awnTvXJtyTa9x8phg/getUpdates "HTTP/1.1 200 OK"
2026-03-14 14:45:25,175 [INFO] httpx: HTTP Request: POST https://api.telegram.org/bot8611683567:AAEUSYRNLn-mzLawX3awnTvXJtyTa9x8phg/getUpdates "HTTP/1.1 200 OK"
2026-03-14 14:45:35,214 [INFO] httpx: HTTP Request: POST https://api.telegram.org/bot8611683567:AAEUSYRNLn-mzLawX3awnTvXJtyTa9x8phg/getUpdates "HTTP/1.1 200 OK"
2026-03-14 14:45:45,248 [INFO] httpx: HTTP Request: POST https://api.telegram.org/bot8611683567:AAEUSYRNLn-mzLawX3awnTvXJtyTa9x8phg/getUpdates "HTTP/1.1 200 OK"
2026-03-14 14:45:55,294 [INFO] httpx: HTTP Request: POST https://api.telegram.org/bot8611683567:AAEUSYRNLn-mzLawX3awnTvXJtyTa9x8phg/getUpdates "HTTP/1.1 200 OK"
2026-03-14 14:46:05,334 [INFO] httpx: HTTP Request: POST https://api.telegram.org/bot8611683567:AAEUSYRNLn-mzLawX3awnTvXJtyTa9x8phg/getUpdates "HTTP/1.1 200 OK"
2026-03-14 14:46:15,370 [INFO] httpx: HTTP Request: POST https://api.telegram.org/bot8611683567:AAEUSYRNLn-mzLawX3awnTvXJtyTa9x8phg/getUpdates "HTTP/1.1 200 OK"
2026-03-14 14:46:25,408 [INFO] httpx: HTTP Request: POST https://api.telegram.org/bot8611683567:AAEUSYRNLn-mzLawX3awnTvXJtyTa9x8phg/getUpdates "HTTP/1.1 200 OK"
2026-03-14 14:46:35,443 [INFO] httpx: HTTP Request: POST https://api.telegram.org/bot8611683567:AAEUSYRNLn-mzLawX3awnTvXJtyTa9x8phg/getUpdates "HTTP/1.1 200 OK"
2026-03-14 14:46:45,480 [INFO] httpx: HTTP Request: POST https://api.telegram.org/bot8611683567:AAEUSYRNLn-mzLawX3awnTvXJtyTa9x8phg/getUpdates "HTTP/1.1 200 OK"
2026-03-14 14:46:55,522 [INFO] httpx: HTTP Request: POST https://api.telegram.org/bot8611683567:AAEUSYRNLn-mzLawX3awnTvXJtyTa9x8phg/getUpdates "HTTP/1.1 200 OK"
2026-03-14 14:47:05,560 [INFO] httpx: HTTP Request: POST https://api.telegram.org/bot8611683567:AAEUSYRNLn-mzLawX3awnTvXJtyTa9x8phg/getUpdates "HTTP/1.1 200 OK"
2026-03-14 14:47:15,604 [INFO] httpx: HTTP Request: POST https://api.telegram.org/bot8611683567:AAEUSYRNLn-mzLawX3awnTvXJtyTa9x8phg/getUpdates "HTTP/1.1 200 OK"
2026-03-14 14:47:25,639 [INFO] httpx: HTTP Request: POST https://api.telegram.org/bot8611683567:AAEUSYRNLn-mzLawX3awnTvXJtyTa9x8phg/getUpdates "HTTP/1.1 200 OK"
2026-03-14 14:47:35,674 [INFO] httpx: HTTP Request: POST https://api.telegram.org/bot8611683567:AAEUSYRNLn-mzLawX3awnTvXJtyTa9x8phg/getUpdates "HTTP/1.1 200 OK"
2026-03-14 14:47:45,710 [INFO] httpx: HTTP Request: POST https://api.telegram.org/bot8611683567:AAEUSYRNLn-mzLawX3awnTvXJtyTa9x8phg/getUpdates "HTTP/1.1 200 OK"
2026-03-14 14:47:55,754 [INFO] httpx: HTTP Request: POST https://api.telegram.org/bot8611683567:AAEUSYRNLn-mzLawX3awnTvXJtyTa9x8phg/getUpdates "HTTP/1.1 200 OK"
2026-03-14 14:48:05,793 [INFO] httpx: HTTP Request: POST https://api.telegram.org/bot8611683567:AAEUSYRNLn-mzLawX3awnTvXJtyTa9x8phg/getUpdates "HTTP/1.1 200 OK"
2026-03-14 14:48:15,833 [INFO] httpx: HTTP Request: POST https://api.telegram.org/bot8611683567:AAEUSYRNLn-mzLawX3awnTvXJtyTa9x8phg/getUpdates "HTTP/1.1 200 OK"
2026-03-14 14:48:25,885 [INFO] httpx: HTTP Request: POST https://api.telegram.org/bot8611683567:AAEUSYRNLn-mzLawX3awnTvXJtyTa9x8phg/getUpdates "HTTP/1.1 200 OK"
2026-03-14 14:48:35,922 [INFO] httpx: HTTP Request: POST https://api.telegram.org/bot8611683567:AAEUSYRNLn-mzLawX3awnTvXJtyTa9x8phg/getUpdates "HTTP/1.1 200 OK"
2026-03-14 14:48:45,962 [INFO] httpx: HTTP Request: POST https://api.telegram.org/bot8611683567:AAEUSYRNLn-mzLawX3awnTvXJtyTa9x8phg/getUpdates "HTTP/1.1 200 OK"
2026-03-14 14:48:56,002 [INFO] httpx: HTTP Request: POST https://api.telegram.org/bot8611683567:AAEUSYRNLn-mzLawX3awnTvXJtyTa9x8phg/getUpdates "HTTP/1.1 200 OK"
2026-03-14 14:49:06,045 [INFO] httpx: HTTP Request: POST https://api.telegram.org/bot8611683567:AAEUSYRNLn-mzLawX3awnTvXJtyTa9x8phg/getUpdates "HTTP/1.1 200 OK"
2026-03-14 14:49:16,085 [INFO] httpx: HTTP Request: POST https://api.telegram.org/bot8611683567:AAEUSYRNLn-mzLawX3awnTvXJtyTa9x8phg/getUpdates "HTTP/1.1 200 OK"
2026-03-14 14:49:26,134 [INFO] httpx: HTTP Request: POST https://api.telegram.org/bot8611683567:AAEUSYRNLn-mzLawX3awnTvXJtyTa9x8phg/getUpdates "HTTP/1.1 200 OK"
2026-03-14 14:49:36,174 [INFO] httpx: HTTP Request: POST https://api.telegram.org/bot8611683567:AAEUSYRNLn-mzLawX3awnTvXJtyTa9x8phg/getUpdates "HTTP/1.1 200 OK"
2026-03-14 14:49:46,208 [INFO] httpx: HTTP Request: POST https://api.telegram.org/bot8611683567:AAEUSYRNLn-mzLawX3awnTvXJtyTa9x8phg/getUpdates "HTTP/1.1 200 OK"
2026-03-14 14:49:56,242 [INFO] httpx: HTTP Request: POST https://api.telegram.org/bot8611683567:AAEUSYRNLn-mzLawX3awnTvXJtyTa9x8phg/getUpdates "HTTP/1.1 200 OK"
2026-03-14 14:50:06,284 [INFO] httpx: HTTP Request: POST https://api.telegram.org/bot8611683567:AAEUSYRNLn-mzLawX3awnTvXJtyTa9x8phg/getUpdates "HTTP/1.1 200 OK"
2026-03-14 14:50:16,325 [INFO] httpx: HTTP Request: POST https://api.telegram.org/bot8611683567:AAEUSYRNLn-mzLawX3awnTvXJtyTa9x8phg/getUpdates "HTTP/1.1 200 OK"
2026-03-14 14:50:26,361 [INFO] httpx: HTTP Request: POST https://api.telegram.org/bot8611683567:AAEUSYRNLn-mzLawX3awnTvXJtyTa9x8phg/getUpdates "HTTP/1.1 200 OK"
2026-03-14 14:50:36,397 [INFO] httpx: HTTP Request: POST https://api.telegram.org/bot8611683567:AAEUSYRNLn-mzLawX3awnTvXJtyTa9x8phg/getUpdates "HTTP/1.1 200 OK"
2026-03-14 14:50:46,438 [INFO] httpx: HTTP Request: POST https://api.telegram.org/bot8611683567:AAEUSYRNLn-mzLawX3awnTvXJtyTa9x8phg/getUpdates "HTTP/1.1 200 OK"
2026-03-14 14:50:56,477 [INFO] httpx: HTTP Request: POST https://api.telegram.org/bot8611683567:AAEUSYRNLn-mzLawX3awnTvXJtyTa9x8phg/getUpdates "HTTP/1.1 200 OK"
2026-03-14 14:51:06,516 [INFO] httpx: HTTP Request: POST https://api.telegram.org/bot8611683567:AAEUSYRNLn-mzLawX3awnTvXJtyTa9x8phg/getUpdates "HTTP/1.1 200 OK"
2026-03-14 14:51:16,555 [INFO] httpx: HTTP Request: POST https://api.telegram.org/bot8611683567:AAEUSYRNLn-mzLawX3awnTvXJtyTa9x8phg/getUpdates "HTTP/1.1 200 OK"
2026-03-14 14:51:26,590 [INFO] httpx: HTTP Request: POST https://api.telegram.org/bot8611683567:AAEUSYRNLn-mzLawX3awnTvXJtyTa9x8phg/getUpdates "HTTP/1.1 200 OK"
2026-03-14 14:51:36,662 [INFO] httpx: HTTP Request: POST https://api.telegram.org/bot8611683567:AAEUSYRNLn-mzLawX3awnTvXJtyTa9x8phg/getUpdates "HTTP/1.1 200 OK"
2026-03-14 14:51:46,697 [INFO] httpx: HTTP Request: POST https://api.telegram.org/bot8611683567:AAEUSYRNLn-mzLawX3awnTvXJtyTa9x8phg/getUpdates "HTTP/1.1 200 OK"
2026-03-14 14:51:56,739 [INFO] httpx: HTTP Request: POST https://api.telegram.org/bot8611683567:AAEUSYRNLn-mzLawX3awnTvXJtyTa9x8phg/getUpdates "HTTP/1.1 200 OK"
2026-03-14 14:52:06,779 [INFO] httpx: HTTP Request: POST https://api.telegram.org/bot8611683567:AAEUSYRNLn-mzLawX3awnTvXJtyTa9x8phg/getUpdates "HTTP/1.1 200 OK"
2026-03-14 14:52:16,817 [INFO] httpx: HTTP Request: POST https://api.telegram.org/bot8611683567:AAEUSYRNLn-mzLawX3awnTvXJtyTa9x8phg/getUpdates "HTTP/1.1 200 OK"
2026-03-14 14:52:26,857 [INFO] httpx: HTTP Request: POST https://api.telegram.org/bot8611683567:AAEUSYRNLn-mzLawX3awnTvXJtyTa9x8phg/getUpdates "HTTP/1.1 200 OK"
2026-03-14 14:52:36,894 [INFO] httpx: HTTP Request: POST https://api.telegram.org/bot8611683567:AAEUSYRNLn-mzLawX3awnTvXJtyTa9x8phg/getUpdates "HTTP/1.1 200 OK"
2026-03-14 14:52:46,929 [INFO] httpx: HTTP Request: POST https://api.telegram.org/bot8611683567:AAEUSYRNLn-mzLawX3awnTvXJtyTa9x8phg/getUpdates "HTTP/1.1 200 OK"
2026-03-14 14:52:56,966 [INFO] httpx: HTTP Request: POST https://api.telegram.org/bot8611683567:AAEUSYRNLn-mzLawX3awnTvXJtyTa9x8phg/getUpdates "HTTP/1.1 200 OK"
2026-03-14 14:53:07,006 [INFO] httpx: HTTP Request: POST https://api.telegram.org/bot8611683567:AAEUSYRNLn-mzLawX3awnTvXJtyTa9x8phg/getUpdates "HTTP/1.1 200 OK"
2026-03-14 14:53:17,043 [INFO] httpx: HTTP Request: POST https://api.telegram.org/bot8611683567:AAEUSYRNLn-mzLawX3awnTvXJtyTa9x8phg/getUpdates "HTTP/1.1 200 OK"
2026-03-14 14:53:27,080 [INFO] httpx: HTTP Request: POST https://api.telegram.org/bot8611683567:AAEUSYRNLn-mzLawX3awnTvXJtyTa9x8phg/getUpdates "HTTP/1.1 200 OK"
2026-03-14 14:53:37,123 [INFO] httpx: HTTP Request: POST https://api.telegram.org/bot8611683567:AAEUSYRNLn-mzLawX3awnTvXJtyTa9x8phg/getUpdates "HTTP/1.1 200 OK"
2026-03-14 14:53:47,164 [INFO] httpx: HTTP Request: POST https://api.telegram.org/bot8611683567:AAEUSYRNLn-mzLawX3awnTvXJtyTa9x8phg/getUpdates "HTTP/1.1 200 OK"
2026-03-14 14:53:57,201 [INFO] httpx: HTTP Request: POST https://api.telegram.org/bot8611683567:AAEUSYRNLn-mzLawX3awnTvXJtyTa9x8phg/getUpdates "HTTP/1.1 200 OK"
2026-03-14 14:54:07,236 [INFO] httpx: HTTP Request: POST https://api.telegram.org/bot8611683567:AAEUSYRNLn-mzLawX3awnTvXJtyTa9x8phg/getUpdates "HTTP/1.1 200 OK"
2026-03-14 14:54:17,275 [INFO] httpx: HTTP Request: POST https://api.telegram.org/bot8611683567:AAEUSYRNLn-mzLawX3awnTvXJtyTa9x8phg/getUpdates "HTTP/1.1 200 OK"
2026-03-14 14:54:27,310 [INFO] httpx: HTTP Request: POST https://api.telegram.org/bot8611683567:AAEUSYRNLn-mzLawX3awnTvXJtyTa9x8phg/getUpdates "HTTP/1.1 200 OK"
2026-03-14 14:54:37,347 [INFO] httpx: HTTP Request: POST https://api.telegram.org/bot8611683567:AAEUSYRNLn-mzLawX3awnTvXJtyTa9x8phg/getUpdates "HTTP/1.1 200 OK"
2026-03-14 14:54:47,388 [INFO] httpx: HTTP Request: POST https://api.telegram.org/bot8611683567:AAEUSYRNLn-mzLawX3awnTvXJtyTa9x8phg/getUpdates "HTTP/1.1 200 OK"
2026-03-14 14:54:57,426 [INFO] httpx: HTTP Request: POST https://api.telegram.org/bot8611683567:AAEUSYRNLn-mzLawX3awnTvXJtyTa9x8phg/getUpdates "HTTP/1.1 200 OK"
2026-03-14 14:55:07,466 [INFO] httpx: HTTP Request: POST https://api.telegram.org/bot8611683567:AAEUSYRNLn-mzLawX3awnTvXJtyTa9x8phg/getUpdates "HTTP/1.1 200 OK"
2026-03-14 14:55:17,504 [INFO] httpx: HTTP Request: POST https://api.telegram.org/bot8611683567:AAEUSYRNLn-mzLawX3awnTvXJtyTa9x8phg/getUpdates "HTTP/1.1 200 OK"
2026-03-14 14:55:27,548 [INFO] httpx: HTTP Request: POST https://api.telegram.org/bot8611683567:AAEUSYRNLn-mzLawX3awnTvXJtyTa9x8phg/getUpdates "HTTP/1.1 200 OK"
2026-03-14 14:55:37,582 [INFO] httpx: HTTP Request: POST https://api.telegram.org/bot8611683567:AAEUSYRNLn-mzLawX3awnTvXJtyTa9x8phg/getUpdates "HTTP/1.1 200 OK"
2026-03-14 14:55:47,624 [INFO] httpx: HTTP Request: POST https://api.telegram.org/bot8611683567:AAEUSYRNLn-mzLawX3awnTvXJtyTa9x8phg/getUpdates "HTTP/1.1 200 OK"
2026-03-14 14:55:57,668 [INFO] httpx: HTTP Request: POST https://api.telegram.org/bot8611683567:AAEUSYRNLn-mzLawX3awnTvXJtyTa9x8phg/getUpdates "HTTP/1.1 200 OK"
2026-03-14 14:56:07,716 [INFO] httpx: HTTP Request: POST https://api.telegram.org/bot8611683567:AAEUSYRNLn-mzLawX3awnTvXJtyTa9x8phg/getUpdates "HTTP/1.1 200 OK"
2026-03-14 14:56:17,753 [INFO] httpx: HTTP Request: POST https://api.telegram.org/bot8611683567:AAEUSYRNLn-mzLawX3awnTvXJtyTa9x8phg/getUpdates "HTTP/1.1 200 OK"
2026-03-14 14:56:27,789 [INFO] httpx: HTTP Request: POST https://api.telegram.org/bot8611683567:AAEUSYRNLn-mzLawX3awnTvXJtyTa9x8phg/getUpdates "HTTP/1.1 200 OK"
2026-03-14 14:56:37,828 [INFO] httpx: HTTP Request: POST https://api.telegram.org/bot8611683567:AAEUSYRNLn-mzLawX3awnTvXJtyTa9x8phg/getUpdates "HTTP/1.1 200 OK"
2026-03-14 14:56:47,865 [INFO] httpx: HTTP Request: POST https://api.telegram.org/bot8611683567:AAEUSYRNLn-mzLawX3awnTvXJtyTa9x8phg/getUpdates "HTTP/1.1 200 OK"
2026-03-14 14:56:57,900 [INFO] httpx: HTTP Request: POST https://api.telegram.org/bot8611683567:AAEUSYRNLn-mzLawX3awnTvXJtyTa9x8phg/getUpdates "HTTP/1.1 200 OK"
2026-03-14 14:57:07,937 [INFO] httpx: HTTP Request: POST https://api.telegram.org/bot8611683567:AAEUSYRNLn-mzLawX3awnTvXJtyTa9x8phg/getUpdates "HTTP/1.1 200 OK"
2026-03-14 14:57:17,973 [INFO] httpx: HTTP Request: POST https://api.telegram.org/bot8611683567:AAEUSYRNLn-mzLawX3awnTvXJtyTa9x8phg/getUpdates "HTTP/1.1 200 OK"
2026-03-14 14:57:28,018 [INFO] httpx: HTTP Request: POST https://api.telegram.org/bot8611683567:AAEUSYRNLn-mzLawX3awnTvXJtyTa9x8phg/getUpdates "HTTP/1.1 200 OK"
2026-03-14 14:57:38,056 [INFO] httpx: HTTP Request: POST https://api.telegram.org/bot8611683567:AAEUSYRNLn-mzLawX3awnTvXJtyTa9x8phg/getUpdates "HTTP/1.1 200 OK"
2026-03-14 14:57:48,097 [INFO] httpx: HTTP Request: POST https://api.telegram.org/bot8611683567:AAEUSYRNLn-mzLawX3awnTvXJtyTa9x8phg/getUpdates "HTTP/1.1 200 OK"
2026-03-14 14:57:58,136 [INFO] httpx: HTTP Request: POST https://api.telegram.org/bot8611683567:AAEUSYRNLn-mzLawX3awnTvXJtyTa9x8phg/getUpdates "HTTP/1.1 200 OK"
2026-03-14 14:58:08,175 [INFO] httpx: HTTP Request: POST https://api.telegram.org/bot8611683567:AAEUSYRNLn-mzLawX3awnTvXJtyTa9x8phg/getUpdates "HTTP/1.1 200 OK"
2026-03-14 14:58:18,214 [INFO] httpx: HTTP Request: POST https://api.telegram.org/bot8611683567:AAEUSYRNLn-mzLawX3awnTvXJtyTa9x8phg/getUpdates "HTTP/1.1 200 OK"
2026-03-14 14:58:28,255 [INFO] httpx: HTTP Request: POST https://api.telegram.org/bot8611683567:AAEUSYRNLn-mzLawX3awnTvXJtyTa9x8phg/getUpdates "HTTP/1.1 200 OK"
2026-03-14 14:58:38,297 [INFO] httpx: HTTP Request: POST https://api.telegram.org/bot8611683567:AAEUSYRNLn-mzLawX3awnTvXJtyTa9x8phg/getUpdates "HTTP/1.1 200 OK"
2026-03-14 14:58:48,332 [INFO] httpx: HTTP Request: POST https://api.telegram.org/bot8611683567:AAEUSYRNLn-mzLawX3awnTvXJtyTa9x8phg/getUpdates "HTTP/1.1 200 OK"
2026-03-14 14:58:58,369 [INFO] httpx: HTTP Request: POST https://api.telegram.org/bot8611683567:AAEUSYRNLn-mzLawX3awnTvXJtyTa9x8phg/getUpdates "HTTP/1.1 200 OK"
2026-03-14 14:59:08,408 [INFO] httpx: HTTP Request: POST https://api.telegram.org/bot8611683567:AAEUSYRNLn-mzLawX3awnTvXJtyTa9x8phg/getUpdates "HTTP/1.1 200 OK"
2026-03-14 14:59:18,446 [INFO] httpx: HTTP Request: POST https://api.telegram.org/bot8611683567:AAEUSYRNLn-mzLawX3awnTvXJtyTa9x8phg/getUpdates "HTTP/1.1 200 OK"
2026-03-14 14:59:28,485 [INFO] httpx: HTTP Request: POST https://api.telegram.org/bot8611683567:AAEUSYRNLn-mzLawX3awnTvXJtyTa9x8phg/getUpdates "HTTP/1.1 200 OK"
2026-03-14 14:59:38,528 [INFO] httpx: HTTP Request: POST https://api.telegram.org/bot8611683567:AAEUSYRNLn-mzLawX3awnTvXJtyTa9x8phg/getUpdates "HTTP/1.1 200 OK"
2026-03-14 14:59:48,566 [INFO] httpx: HTTP Request: POST https://api.telegram.org/bot8611683567:AAEUSYRNLn-mzLawX3awnTvXJtyTa9x8phg/getUpdates "HTTP/1.1 200 OK"
2026-03-14 14:59:58,615 [INFO] httpx: HTTP Request: POST https://api.telegram.org/bot8611683567:AAEUSYRNLn-mzLawX3awnTvXJtyTa9x8phg/getUpdates "HTTP/1.1 200 OK"
2026-03-14 15:00:08,654 [INFO] httpx: HTTP Request: POST https://api.telegram.org/bot8611683567:AAEUSYRNLn-mzLawX3awnTvXJtyTa9x8phg/getUpdates "HTTP/1.1 200 OK"
2026-03-14 15:00:18,694 [INFO] httpx: HTTP Request: POST https://api.telegram.org/bot8611683567:AAEUSYRNLn-mzLawX3awnTvXJtyTa9x8phg/getUpdates "HTTP/1.1 200 OK"
2026-03-14 15:00:28,851 [INFO] httpx: HTTP Request: POST https://api.telegram.org/bot8611683567:AAEUSYRNLn-mzLawX3awnTvXJtyTa9x8phg/getUpdates "HTTP/1.1 200 OK"
2026-03-14 15:00:38,888 [INFO] httpx: HTTP Request: POST https://api.telegram.org/bot8611683567:AAEUSYRNLn-mzLawX3awnTvXJtyTa9x8phg/getUpdates "HTTP/1.1 200 OK"
2026-03-14 15:00:48,935 [INFO] httpx: HTTP Request: POST https://api.telegram.org/bot8611683567:AAEUSYRNLn-mzLawX3awnTvXJtyTa9x8phg/getUpdates "HTTP/1.1 200 OK"
2026-03-14 15:00:59,026 [INFO] httpx: HTTP Request: POST https://api.telegram.org/bot8611683567:AAEUSYRNLn-mzLawX3awnTvXJtyTa9x8phg/getUpdates "HTTP/1.1 200 OK"
2026-03-14 15:01:09,123 [INFO] httpx: HTTP Request: POST https://api.telegram.org/bot8611683567:AAEUSYRNLn-mzLawX3awnTvXJtyTa9x8phg/getUpdates "HTTP/1.1 200 OK"
2026-03-14 15:01:19,166 [INFO] httpx: HTTP Request: POST https://api.telegram.org/bot8611683567:AAEUSYRNLn-mzLawX3awnTvXJtyTa9x8phg/getUpdates "HTTP/1.1 200 OK"
2026-03-14 15:01:29,205 [INFO] httpx: HTTP Request: POST https://api.telegram.org/bot8611683567:AAEUSYRNLn-mzLawX3awnTvXJtyTa9x8phg/getUpdates "HTTP/1.1 200 OK"
2026-03-14 15:01:39,247 [INFO] httpx: HTTP Request: POST https://api.telegram.org/bot8611683567:AAEUSYRNLn-mzLawX3awnTvXJtyTa9x8phg/getUpdates "HTTP/1.1 200 OK"
2026-03-14 15:01:49,288 [INFO] httpx: HTTP Request: POST https://api.telegram.org/bot8611683567:AAEUSYRNLn-mzLawX3awnTvXJtyTa9x8phg/getUpdates "HTTP/1.1 200 OK"
2026-03-14 15:01:59,331 [INFO] httpx: HTTP Request: POST https://api.telegram.org/bot8611683567:AAEUSYRNLn-mzLawX3awnTvXJtyTa9x8phg/getUpdates "HTTP/1.1 200 OK"
2026-03-14 15:02:09,371 [INFO] httpx: HTTP Request: POST https://api.telegram.org/bot8611683567:AAEUSYRNLn-mzLawX3awnTvXJtyTa9x8phg/getUpdates "HTTP/1.1 200 OK"
2026-03-14 15:02:19,437 [INFO] httpx: HTTP Request: POST https://api.telegram.org/bot8611683567:AAEUSYRNLn-mzLawX3awnTvXJtyTa9x8phg/getUpdates "HTTP/1.1 200 OK"
2026-03-14 15:02:29,474 [INFO] httpx: HTTP Request: POST https://api.telegram.org/bot8611683567:AAEUSYRNLn-mzLawX3awnTvXJtyTa9x8phg/getUpdates "HTTP/1.1 200 OK"
2026-03-14 15:02:39,511 [INFO] httpx: HTTP Request: POST https://api.telegram.org/bot8611683567:AAEUSYRNLn-mzLawX3awnTvXJtyTa9x8phg/getUpdates "HTTP/1.1 200 OK"
2026-03-14 15:02:49,550 [INFO] httpx: HTTP Request: POST https://api.telegram.org/bot8611683567:AAEUSYRNLn-mzLawX3awnTvXJtyTa9x8phg/getUpdates "HTTP/1.1 200 OK"
2026-03-14 15:02:59,671 [INFO] httpx: HTTP Request: POST https://api.telegram.org/bot8611683567:AAEUSYRNLn-mzLawX3awnTvXJtyTa9x8phg/getUpdates "HTTP/1.1 200 OK"
2026-03-14 15:03:09,708 [INFO] httpx: HTTP Request: POST https://api.telegram.org/bot8611683567:AAEUSYRNLn-mzLawX3awnTvXJtyTa9x8phg/getUpdates "HTTP/1.1 200 OK"
2026-03-14 15:03:19,756 [INFO] httpx: HTTP Request: POST https://api.telegram.org/bot8611683567:AAEUSYRNLn-mzLawX3awnTvXJtyTa9x8phg/getUpdates "HTTP/1.1 200 OK"
2026-03-14 15:03:29,847 [INFO] httpx: HTTP Request: POST https://api.telegram.org/bot8611683567:AAEUSYRNLn-mzLawX3awnTvXJtyTa9x8phg/getUpdates "HTTP/1.1 200 OK"
2026-03-14 15:03:39,883 [INFO] httpx: HTTP Request: POST https://api.telegram.org/bot8611683567:AAEUSYRNLn-mzLawX3awnTvXJtyTa9x8phg/getUpdates "HTTP/1.1 200 OK"
2026-03-14 15:03:49,919 [INFO] httpx: HTTP Request: POST https://api.telegram.org/bot8611683567:AAEUSYRNLn-mzLawX3awnTvXJtyTa9x8phg/getUpdates "HTTP/1.1 200 OK"
2026-03-14 15:03:59,967 [INFO] httpx: HTTP Request: POST https://api.telegram.org/bot8611683567:AAEUSYRNLn-mzLawX3awnTvXJtyTa9x8phg/getUpdates "HTTP/1.1 200 OK"
2026-03-14 15:04:10,009 [INFO] httpx: HTTP Request: POST https://api.telegram.org/bot8611683567:AAEUSYRNLn-mzLawX3awnTvXJtyTa9x8phg/getUpdates "HTTP/1.1 200 OK"
2026-03-14 15:04:20,046 [INFO] httpx: HTTP Request: POST https://api.telegram.org/bot8611683567:AAEUSYRNLn-mzLawX3awnTvXJtyTa9x8phg/getUpdates "HTTP/1.1 200 OK"
2026-03-14 15:04:30,086 [INFO] httpx: HTTP Request: POST https://api.telegram.org/bot8611683567:AAEUSYRNLn-mzLawX3awnTvXJtyTa9x8phg/getUpdates "HTTP/1.1 200 OK"
2026-03-14 15:04:40,165 [INFO] httpx: HTTP Request: POST https://api.telegram.org/bot8611683567:AAEUSYRNLn-mzLawX3awnTvXJtyTa9x8phg/getUpdates "HTTP/1.1 200 OK"
2026-03-14 15:04:50,210 [INFO] httpx: HTTP Request: POST https://api.telegram.org/bot8611683567:AAEUSYRNLn-mzLawX3awnTvXJtyTa9x8phg/getUpdates "HTTP/1.1 200 OK"
2026-03-14 15:05:00,250 [INFO] httpx: HTTP Request: POST https://api.telegram.org/bot8611683567:AAEUSYRNLn-mzLawX3awnTvXJtyTa9x8phg/getUpdates "HTTP/1.1 200 OK"
2026-03-14 15:05:10,302 [INFO] httpx: HTTP Request: POST https://api.telegram.org/bot8611683567:AAEUSYRNLn-mzLawX3awnTvXJtyTa9x8phg/getUpdates "HTTP/1.1 200 OK"
2026-03-14 15:05:20,347 [INFO] httpx: HTTP Request: POST https://api.telegram.org/bot8611683567:AAEUSYRNLn-mzLawX3awnTvXJtyTa9x8phg/getUpdates "HTTP/1.1 200 OK"
2026-03-14 15:05:30,394 [INFO] httpx: HTTP Request: POST https://api.telegram.org/bot8611683567:AAEUSYRNLn-mzLawX3awnTvXJtyTa9x8phg/getUpdates "HTTP/1.1 200 OK"
2026-03-14 15:05:40,429 [INFO] httpx: HTTP Request: POST https://api.telegram.org/bot8611683567:AAEUSYRNLn-mzLawX3awnTvXJtyTa9x8phg/getUpdates "HTTP/1.1 200 OK"
2026-03-14 15:05:50,470 [INFO] httpx: HTTP Request: POST https://api.telegram.org/bot8611683567:AAEUSYRNLn-mzLawX3awnTvXJtyTa9x8phg/getUpdates "HTTP/1.1 200 OK"
2026-03-14 15:06:00,509 [INFO] httpx: HTTP Request: POST https://api.telegram.org/bot8611683567:AAEUSYRNLn-mzLawX3awnTvXJtyTa9x8phg/getUpdates "HTTP/1.1 200 OK"
2026-03-14 15:06:10,545 [INFO] httpx: HTTP Request: POST https://api.telegram.org/bot8611683567:AAEUSYRNLn-mzLawX3awnTvXJtyTa9x8phg/getUpdates "HTTP/1.1 200 OK"
2026-03-14 15:06:20,584 [INFO] httpx: HTTP Request: POST https://api.telegram.org/bot8611683567:AAEUSYRNLn-mzLawX3awnTvXJtyTa9x8phg/getUpdates "HTTP/1.1 200 OK"
2026-03-14 15:06:30,658 [INFO] httpx: HTTP Request: POST https://api.telegram.org/bot8611683567:AAEUSYRNLn-mzLawX3awnTvXJtyTa9x8phg/getUpdates "HTTP/1.1 200 OK"
2026-03-14 15:06:40,724 [INFO] httpx: HTTP Request: POST https://api.telegram.org/bot8611683567:AAEUSYRNLn-mzLawX3awnTvXJtyTa9x8phg/getUpdates "HTTP/1.1 200 OK"
2026-03-14 15:06:50,760 [INFO] httpx: HTTP Request: POST https://api.telegram.org/bot8611683567:AAEUSYRNLn-mzLawX3awnTvXJtyTa9x8phg/getUpdates "HTTP/1.1 200 OK"
2026-03-14 15:07:00,800 [INFO] httpx: HTTP Request: POST https://api.telegram.org/bot8611683567:AAEUSYRNLn-mzLawX3awnTvXJtyTa9x8phg/getUpdates "HTTP/1.1 200 OK"
2026-03-14 15:07:10,841 [INFO] httpx: HTTP Request: POST https://api.telegram.org/bot8611683567:AAEUSYRNLn-mzLawX3awnTvXJtyTa9x8phg/getUpdates "HTTP/1.1 200 OK"
2026-03-14 15:07:20,882 [INFO] httpx: HTTP Request: POST https://api.telegram.org/bot8611683567:AAEUSYRNLn-mzLawX3awnTvXJtyTa9x8phg/getUpdates "HTTP/1.1 200 OK"
2026-03-14 15:07:30,953 [INFO] httpx: HTTP Request: POST https://api.telegram.org/bot8611683567:AAEUSYRNLn-mzLawX3awnTvXJtyTa9x8phg/getUpdates "HTTP/1.1 200 OK"
2026-03-14 15:07:40,994 [INFO] httpx: HTTP Request: POST https://api.telegram.org/bot8611683567:AAEUSYRNLn-mzLawX3awnTvXJtyTa9x8phg/getUpdates "HTTP/1.1 200 OK"
2026-03-14 15:07:51,035 [INFO] httpx: HTTP Request: POST https://api.telegram.org/bot8611683567:AAEUSYRNLn-mzLawX3awnTvXJtyTa9x8phg/getUpdates "HTTP/1.1 200 OK"
2026-03-14 15:08:01,075 [INFO] httpx: HTTP Request: POST https://api.telegram.org/bot8611683567:AAEUSYRNLn-mzLawX3awnTvXJtyTa9x8phg/getUpdates "HTTP/1.1 200 OK"
2026-03-14 15:08:11,114 [INFO] httpx: HTTP Request: POST https://api.telegram.org/bot8611683567:AAEUSYRNLn-mzLawX3awnTvXJtyTa9x8phg/getUpdates "HTTP/1.1 200 OK"
2026-03-14 15:08:21,152 [INFO] httpx: HTTP Request: POST https://api.telegram.org/bot8611683567:AAEUSYRNLn-mzLawX3awnTvXJtyTa9x8phg/getUpdates "HTTP/1.1 200 OK"
2026-03-14 15:08:31,202 [INFO] httpx: HTTP Request: POST https://api.telegram.org/bot8611683567:AAEUSYRNLn-mzLawX3awnTvXJtyTa9x8phg/getUpdates "HTTP/1.1 200 OK"
2026-03-14 15:08:41,240 [INFO] httpx: HTTP Request: POST https://api.telegram.org/bot8611683567:AAEUSYRNLn-mzLawX3awnTvXJtyTa9x8phg/getUpdates "HTTP/1.1 200 OK"
2026-03-14 15:08:51,276 [INFO] httpx: HTTP Request: POST https://api.telegram.org/bot8611683567:AAEUSYRNLn-mzLawX3awnTvXJtyTa9x8phg/getUpdates "HTTP/1.1 200 OK"
2026-03-14 15:09:01,316 [INFO] httpx: HTTP Request: POST https://api.telegram.org/bot8611683567:AAEUSYRNLn-mzLawX3awnTvXJtyTa9x8phg/getUpdates "HTTP/1.1 200 OK"
2026-03-14 15:09:11,353 [INFO] httpx: HTTP Request: POST https://api.telegram.org/bot8611683567:AAEUSYRNLn-mzLawX3awnTvXJtyTa9x8phg/getUpdates "HTTP/1.1 200 OK"
2026-03-14 15:09:21,395 [INFO] httpx: HTTP Request: POST https://api.telegram.org/bot8611683567:AAEUSYRNLn-mzLawX3awnTvXJtyTa9x8phg/getUpdates "HTTP/1.1 200 OK"
2026-03-14 15:09:31,439 [INFO] httpx: HTTP Request: POST https://api.telegram.org/bot8611683567:AAEUSYRNLn-mzLawX3awnTvXJtyTa9x8phg/getUpdates "HTTP/1.1 200 OK"
2026-03-14 15:09:41,571 [INFO] httpx: HTTP Request: POST https://api.telegram.org/bot8611683567:AAEUSYRNLn-mzLawX3awnTvXJtyTa9x8phg/getUpdates "HTTP/1.1 200 OK"
2026-03-14 15:09:51,611 [INFO] httpx: HTTP Request: POST https://api.telegram.org/bot8611683567:AAEUSYRNLn-mzLawX3awnTvXJtyTa9x8phg/getUpdates "HTTP/1.1 200 OK"
2026-03-14 15:09:52,495 [INFO] apscheduler.executors.default: Running job "main.<locals>.<lambda> (trigger: interval[0:30:00], next run at: 2026-03-14 15:39:52 EET)" (scheduled at 2026-03-14 15:09:52.490556+02:00)
2026-03-14 15:09:52,498 [ERROR] apscheduler.executors.default: Job "main.<locals>.<lambda> (trigger: interval[0:30:00], next run at: 2026-03-14 15:39:52 EET)" raised an exception
Traceback (most recent call last):
  File "C:\Egypt\.venv\Lib\site-packages\apscheduler\executors\base.py", line 125, in run_job
    retval = job.func(*job.args, **job.kwargs)
  File "C:\Egypt\bot.py", line 516, in <lambda>
    lambda: asyncio.ensure_future(run_check(app=app, notify_users=True)),
            ~~~~~~~~~~~~~~~~~~~~~^^^^^^^^^^^^^^^^^^^^^^^^^^^^^^^^^^^^^^^
  File "C:\Users\rzabe\AppData\Local\Programs\Python\Python314\Lib\asyncio\tasks.py", line 730, in ensure_future
    loop = events.get_event_loop()
  File "C:\Users\rzabe\AppData\Local\Programs\Python\Python314\Lib\asyncio\events.py", line 715, in get_event_loop
    raise RuntimeError('There is no current event loop in thread %r.'
                       % threading.current_thread().name)
RuntimeError: There is no current event loop in thread 'asyncio_1'.
2026-03-14 15:10:01,745 [INFO] httpx: HTTP Request: POST https://api.telegram.org/bot8611683567:AAEUSYRNLn-mzLawX3awnTvXJtyTa9x8phg/getUpdates "HTTP/1.1 200 OK"
2026-03-14 15:10:11,882 [INFO] httpx: HTTP Request: POST https://api.telegram.org/bot8611683567:AAEUSYRNLn-mzLawX3awnTvXJtyTa9x8phg/getUpdates "HTTP/1.1 200 OK"
2026-03-14 15:10:22,019 [INFO] httpx: HTTP Request: POST https://api.telegram.org/bot8611683567:AAEUSYRNLn-mzLawX3awnTvXJtyTa9x8phg/getUpdates "HTTP/1.1 200 OK"
2026-03-14 15:10:32,058 [INFO] httpx: HTTP Request: POST https://api.telegram.org/bot8611683567:AAEUSYRNLn-mzLawX3awnTvXJtyTa9x8phg/getUpdates "HTTP/1.1 200 OK"
2026-03-14 15:10:42,093 [INFO] httpx: HTTP Request: POST https://api.telegram.org/bot8611683567:AAEUSYRNLn-mzLawX3awnTvXJtyTa9x8phg/getUpdates "HTTP/1.1 200 OK"
2026-03-14 15:10:52,130 [INFO] httpx: HTTP Request: POST https://api.telegram.org/bot8611683567:AAEUSYRNLn-mzLawX3awnTvXJtyTa9x8phg/getUpdates "HTTP/1.1 200 OK"
2026-03-14 15:11:02,165 [INFO] httpx: HTTP Request: POST https://api.telegram.org/bot8611683567:AAEUSYRNLn-mzLawX3awnTvXJtyTa9x8phg/getUpdates "HTTP/1.1 200 OK"
2026-03-14 15:11:12,203 [INFO] httpx: HTTP Request: POST https://api.telegram.org/bot8611683567:AAEUSYRNLn-mzLawX3awnTvXJtyTa9x8phg/getUpdates "HTTP/1.1 200 OK"
2026-03-14 15:11:22,240 [INFO] httpx: HTTP Request: POST https://api.telegram.org/bot8611683567:AAEUSYRNLn-mzLawX3awnTvXJtyTa9x8phg/getUpdates "HTTP/1.1 200 OK"
2026-03-14 15:11:32,277 [INFO] httpx: HTTP Request: POST https://api.telegram.org/bot8611683567:AAEUSYRNLn-mzLawX3awnTvXJtyTa9x8phg/getUpdates "HTTP/1.1 200 OK"
2026-03-14 15:11:42,315 [INFO] httpx: HTTP Request: POST https://api.telegram.org/bot8611683567:AAEUSYRNLn-mzLawX3awnTvXJtyTa9x8phg/getUpdates "HTTP/1.1 200 OK"
2026-03-14 15:11:52,349 [INFO] httpx: HTTP Request: POST https://api.telegram.org/bot8611683567:AAEUSYRNLn-mzLawX3awnTvXJtyTa9x8phg/getUpdates "HTTP/1.1 200 OK"
2026-03-14 15:12:02,391 [INFO] httpx: HTTP Request: POST https://api.telegram.org/bot8611683567:AAEUSYRNLn-mzLawX3awnTvXJtyTa9x8phg/getUpdates "HTTP/1.1 200 OK"
2026-03-14 15:12:12,424 [INFO] httpx: HTTP Request: POST https://api.telegram.org/bot8611683567:AAEUSYRNLn-mzLawX3awnTvXJtyTa9x8phg/getUpdates "HTTP/1.1 200 OK"
2026-03-14 15:12:22,460 [INFO] httpx: HTTP Request: POST https://api.telegram.org/bot8611683567:AAEUSYRNLn-mzLawX3awnTvXJtyTa9x8phg/getUpdates "HTTP/1.1 200 OK"
2026-03-14 15:12:32,590 [INFO] httpx: HTTP Request: POST https://api.telegram.org/bot8611683567:AAEUSYRNLn-mzLawX3awnTvXJtyTa9x8phg/getUpdates "HTTP/1.1 200 OK"
2026-03-14 15:12:42,623 [INFO] httpx: HTTP Request: POST https://api.telegram.org/bot8611683567:AAEUSYRNLn-mzLawX3awnTvXJtyTa9x8phg/getUpdates "HTTP/1.1 200 OK"
2026-03-14 15:12:52,662 [INFO] httpx: HTTP Request: POST https://api.telegram.org/bot8611683567:AAEUSYRNLn-mzLawX3awnTvXJtyTa9x8phg/getUpdates "HTTP/1.1 200 OK"
2026-03-14 15:13:02,698 [INFO] httpx: HTTP Request: POST https://api.telegram.org/bot8611683567:AAEUSYRNLn-mzLawX3awnTvXJtyTa9x8phg/getUpdates "HTTP/1.1 200 OK"
2026-03-14 15:13:12,736 [INFO] httpx: HTTP Request: POST https://api.telegram.org/bot8611683567:AAEUSYRNLn-mzLawX3awnTvXJtyTa9x8phg/getUpdates "HTTP/1.1 200 OK"
2026-03-14 15:13:22,774 [INFO] httpx: HTTP Request: POST https://api.telegram.org/bot8611683567:AAEUSYRNLn-mzLawX3awnTvXJtyTa9x8phg/getUpdates "HTTP/1.1 200 OK"
2026-03-14 15:13:32,810 [INFO] httpx: HTTP Request: POST https://api.telegram.org/bot8611683567:AAEUSYRNLn-mzLawX3awnTvXJtyTa9x8phg/getUpdates "HTTP/1.1 200 OK"
2026-03-14 15:13:42,845 [INFO] httpx: HTTP Request: POST https://api.telegram.org/bot8611683567:AAEUSYRNLn-mzLawX3awnTvXJtyTa9x8phg/getUpdates "HTTP/1.1 200 OK"
2026-03-14 15:13:52,882 [INFO] httpx: HTTP Request: POST https://api.telegram.org/bot8611683567:AAEUSYRNLn-mzLawX3awnTvXJtyTa9x8phg/getUpdates "HTTP/1.1 200 OK"
2026-03-14 15:14:02,922 [INFO] httpx: HTTP Request: POST https://api.telegram.org/bot8611683567:AAEUSYRNLn-mzLawX3awnTvXJtyTa9x8phg/getUpdates "HTTP/1.1 200 OK"
2026-03-14 15:14:12,956 [INFO] httpx: HTTP Request: POST https://api.telegram.org/bot8611683567:AAEUSYRNLn-mzLawX3awnTvXJtyTa9x8phg/getUpdates "HTTP/1.1 200 OK"
2026-03-14 15:14:22,990 [INFO] httpx: HTTP Request: POST https://api.telegram.org/bot8611683567:AAEUSYRNLn-mzLawX3awnTvXJtyTa9x8phg/getUpdates "HTTP/1.1 200 OK"
2026-03-14 15:14:33,025 [INFO] httpx: HTTP Request: POST https://api.telegram.org/bot8611683567:AAEUSYRNLn-mzLawX3awnTvXJtyTa9x8phg/getUpdates "HTTP/1.1 200 OK"
2026-03-14 15:14:43,059 [INFO] httpx: HTTP Request: POST https://api.telegram.org/bot8611683567:AAEUSYRNLn-mzLawX3awnTvXJtyTa9x8phg/getUpdates "HTTP/1.1 200 OK"
2026-03-14 15:14:53,095 [INFO] httpx: HTTP Request: POST https://api.telegram.org/bot8611683567:AAEUSYRNLn-mzLawX3awnTvXJtyTa9x8phg/getUpdates "HTTP/1.1 200 OK"
2026-03-14 15:15:03,133 [INFO] httpx: HTTP Request: POST https://api.telegram.org/bot8611683567:AAEUSYRNLn-mzLawX3awnTvXJtyTa9x8phg/getUpdates "HTTP/1.1 200 OK"
2026-03-14 15:15:13,168 [INFO] httpx: HTTP Request: POST https://api.telegram.org/bot8611683567:AAEUSYRNLn-mzLawX3awnTvXJtyTa9x8phg/getUpdates "HTTP/1.1 200 OK"
2026-03-14 15:15:23,202 [INFO] httpx: HTTP Request: POST https://api.telegram.org/bot8611683567:AAEUSYRNLn-mzLawX3awnTvXJtyTa9x8phg/getUpdates "HTTP/1.1 200 OK"
2026-03-14 15:15:33,239 [INFO] httpx: HTTP Request: POST https://api.telegram.org/bot8611683567:AAEUSYRNLn-mzLawX3awnTvXJtyTa9x8phg/getUpdates "HTTP/1.1 200 OK"
2026-03-14 15:15:43,277 [INFO] httpx: HTTP Request: POST https://api.telegram.org/bot8611683567:AAEUSYRNLn-mzLawX3awnTvXJtyTa9x8phg/getUpdates "HTTP/1.1 200 OK"
2026-03-14 15:15:53,314 [INFO] httpx: HTTP Request: POST https://api.telegram.org/bot8611683567:AAEUSYRNLn-mzLawX3awnTvXJtyTa9x8phg/getUpdates "HTTP/1.1 200 OK"
2026-03-14 15:16:03,354 [INFO] httpx: HTTP Request: POST https://api.telegram.org/bot8611683567:AAEUSYRNLn-mzLawX3awnTvXJtyTa9x8phg/getUpdates "HTTP/1.1 200 OK"
2026-03-14 15:16:13,390 [INFO] httpx: HTTP Request: POST https://api.telegram.org/bot8611683567:AAEUSYRNLn-mzLawX3awnTvXJtyTa9x8phg/getUpdates "HTTP/1.1 200 OK"
2026-03-14 15:16:23,426 [INFO] httpx: HTTP Request: POST https://api.telegram.org/bot8611683567:AAEUSYRNLn-mzLawX3awnTvXJtyTa9x8phg/getUpdates "HTTP/1.1 200 OK"
2026-03-14 15:16:33,464 [INFO] httpx: HTTP Request: POST https://api.telegram.org/bot8611683567:AAEUSYRNLn-mzLawX3awnTvXJtyTa9x8phg/getUpdates "HTTP/1.1 200 OK"
2026-03-14 15:16:43,504 [INFO] httpx: HTTP Request: POST https://api.telegram.org/bot8611683567:AAEUSYRNLn-mzLawX3awnTvXJtyTa9x8phg/getUpdates "HTTP/1.1 200 OK"
2026-03-14 15:16:53,543 [INFO] httpx: HTTP Request: POST https://api.telegram.org/bot8611683567:AAEUSYRNLn-mzLawX3awnTvXJtyTa9x8phg/getUpdates "HTTP/1.1 200 OK"
2026-03-14 15:17:03,581 [INFO] httpx: HTTP Request: POST https://api.telegram.org/bot8611683567:AAEUSYRNLn-mzLawX3awnTvXJtyTa9x8phg/getUpdates "HTTP/1.1 200 OK"
2026-03-14 15:17:13,709 [INFO] httpx: HTTP Request: POST https://api.telegram.org/bot8611683567:AAEUSYRNLn-mzLawX3awnTvXJtyTa9x8phg/getUpdates "HTTP/1.1 200 OK"
2026-03-14 15:17:23,741 [INFO] httpx: HTTP Request: POST https://api.telegram.org/bot8611683567:AAEUSYRNLn-mzLawX3awnTvXJtyTa9x8phg/getUpdates "HTTP/1.1 200 OK"
2026-03-14 15:17:33,776 [INFO] httpx: HTTP Request: POST https://api.telegram.org/bot8611683567:AAEUSYRNLn-mzLawX3awnTvXJtyTa9x8phg/getUpdates "HTTP/1.1 200 OK"
2026-03-14 15:17:43,811 [INFO] httpx: HTTP Request: POST https://api.telegram.org/bot8611683567:AAEUSYRNLn-mzLawX3awnTvXJtyTa9x8phg/getUpdates "HTTP/1.1 200 OK"
2026-03-14 15:17:53,848 [INFO] httpx: HTTP Request: POST https://api.telegram.org/bot8611683567:AAEUSYRNLn-mzLawX3awnTvXJtyTa9x8phg/getUpdates "HTTP/1.1 200 OK"
2026-03-14 15:18:03,882 [INFO] httpx: HTTP Request: POST https://api.telegram.org/bot8611683567:AAEUSYRNLn-mzLawX3awnTvXJtyTa9x8phg/getUpdates "HTTP/1.1 200 OK"
2026-03-14 15:18:13,918 [INFO] httpx: HTTP Request: POST https://api.telegram.org/bot8611683567:AAEUSYRNLn-mzLawX3awnTvXJtyTa9x8phg/getUpdates "HTTP/1.1 200 OK"
2026-03-14 15:18:23,954 [INFO] httpx: HTTP Request: POST https://api.telegram.org/bot8611683567:AAEUSYRNLn-mzLawX3awnTvXJtyTa9x8phg/getUpdates "HTTP/1.1 200 OK"
2026-03-14 15:18:33,989 [INFO] httpx: HTTP Request: POST https://api.telegram.org/bot8611683567:AAEUSYRNLn-mzLawX3awnTvXJtyTa9x8phg/getUpdates "HTTP/1.1 200 OK"
2026-03-14 15:18:44,028 [INFO] httpx: HTTP Request: POST https://api.telegram.org/bot8611683567:AAEUSYRNLn-mzLawX3awnTvXJtyTa9x8phg/getUpdates "HTTP/1.1 200 OK"
2026-03-14 15:18:54,061 [INFO] httpx: HTTP Request: POST https://api.telegram.org/bot8611683567:AAEUSYRNLn-mzLawX3awnTvXJtyTa9x8phg/getUpdates "HTTP/1.1 200 OK"
2026-03-14 15:19:04,098 [INFO] httpx: HTTP Request: POST https://api.telegram.org/bot8611683567:AAEUSYRNLn-mzLawX3awnTvXJtyTa9x8phg/getUpdates "HTTP/1.1 200 OK"
2026-03-14 15:19:14,137 [INFO] httpx: HTTP Request: POST https://api.telegram.org/bot8611683567:AAEUSYRNLn-mzLawX3awnTvXJtyTa9x8phg/getUpdates "HTTP/1.1 200 OK"
2026-03-14 15:19:24,173 [INFO] httpx: HTTP Request: POST https://api.telegram.org/bot8611683567:AAEUSYRNLn-mzLawX3awnTvXJtyTa9x8phg/getUpdates "HTTP/1.1 200 OK"
2026-03-14 15:19:34,212 [INFO] httpx: HTTP Request: POST https://api.telegram.org/bot8611683567:AAEUSYRNLn-mzLawX3awnTvXJtyTa9x8phg/getUpdates "HTTP/1.1 200 OK"
2026-03-14 15:19:44,248 [INFO] httpx: HTTP Request: POST https://api.telegram.org/bot8611683567:AAEUSYRNLn-mzLawX3awnTvXJtyTa9x8phg/getUpdates "HTTP/1.1 200 OK"
2026-03-14 15:19:54,286 [INFO] httpx: HTTP Request: POST https://api.telegram.org/bot8611683567:AAEUSYRNLn-mzLawX3awnTvXJtyTa9x8phg/getUpdates "HTTP/1.1 200 OK"
2026-03-14 15:20:04,321 [INFO] httpx: HTTP Request: POST https://api.telegram.org/bot8611683567:AAEUSYRNLn-mzLawX3awnTvXJtyTa9x8phg/getUpdates "HTTP/1.1 200 OK"
2026-03-14 15:20:14,356 [INFO] httpx: HTTP Request: POST https://api.telegram.org/bot8611683567:AAEUSYRNLn-mzLawX3awnTvXJtyTa9x8phg/getUpdates "HTTP/1.1 200 OK"
2026-03-14 15:20:24,392 [INFO] httpx: HTTP Request: POST https://api.telegram.org/bot8611683567:AAEUSYRNLn-mzLawX3awnTvXJtyTa9x8phg/getUpdates "HTTP/1.1 200 OK"
2026-03-14 15:20:34,430 [INFO] httpx: HTTP Request: POST https://api.telegram.org/bot8611683567:AAEUSYRNLn-mzLawX3awnTvXJtyTa9x8phg/getUpdates "HTTP/1.1 200 OK"
2026-03-14 15:20:44,464 [INFO] httpx: HTTP Request: POST https://api.telegram.org/bot8611683567:AAEUSYRNLn-mzLawX3awnTvXJtyTa9x8phg/getUpdates "HTTP/1.1 200 OK"
2026-03-14 15:20:54,502 [INFO] httpx: HTTP Request: POST https://api.telegram.org/bot8611683567:AAEUSYRNLn-mzLawX3awnTvXJtyTa9x8phg/getUpdates "HTTP/1.1 200 OK"
2026-03-14 15:21:04,536 [INFO] httpx: HTTP Request: POST https://api.telegram.org/bot8611683567:AAEUSYRNLn-mzLawX3awnTvXJtyTa9x8phg/getUpdates "HTTP/1.1 200 OK"
2026-03-14 15:21:14,572 [INFO] httpx: HTTP Request: POST https://api.telegram.org/bot8611683567:AAEUSYRNLn-mzLawX3awnTvXJtyTa9x8phg/getUpdates "HTTP/1.1 200 OK"
2026-03-14 15:21:24,611 [INFO] httpx: HTTP Request: POST https://api.telegram.org/bot8611683567:AAEUSYRNLn-mzLawX3awnTvXJtyTa9x8phg/getUpdates "HTTP/1.1 200 OK"
2026-03-14 15:21:34,649 [INFO] httpx: HTTP Request: POST https://api.telegram.org/bot8611683567:AAEUSYRNLn-mzLawX3awnTvXJtyTa9x8phg/getUpdates "HTTP/1.1 200 OK"
2026-03-14 15:21:44,688 [INFO] httpx: HTTP Request: POST https://api.telegram.org/bot8611683567:AAEUSYRNLn-mzLawX3awnTvXJtyTa9x8phg/getUpdates "HTTP/1.1 200 OK"
2026-03-14 15:21:54,723 [INFO] httpx: HTTP Request: POST https://api.telegram.org/bot8611683567:AAEUSYRNLn-mzLawX3awnTvXJtyTa9x8phg/getUpdates "HTTP/1.1 200 OK"
2026-03-14 15:22:04,761 [INFO] httpx: HTTP Request: POST https://api.telegram.org/bot8611683567:AAEUSYRNLn-mzLawX3awnTvXJtyTa9x8phg/getUpdates "HTTP/1.1 200 OK"
2026-03-14 15:22:14,797 [INFO] httpx: HTTP Request: POST https://api.telegram.org/bot8611683567:AAEUSYRNLn-mzLawX3awnTvXJtyTa9x8phg/getUpdates "HTTP/1.1 200 OK"
2026-03-14 15:22:24,832 [INFO] httpx: HTTP Request: POST https://api.telegram.org/bot8611683567:AAEUSYRNLn-mzLawX3awnTvXJtyTa9x8phg/getUpdates "HTTP/1.1 200 OK"
2026-03-14 15:22:34,866 [INFO] httpx: HTTP Request: POST https://api.telegram.org/bot8611683567:AAEUSYRNLn-mzLawX3awnTvXJtyTa9x8phg/getUpdates "HTTP/1.1 200 OK"
2026-03-14 15:22:44,902 [INFO] httpx: HTTP Request: POST https://api.telegram.org/bot8611683567:AAEUSYRNLn-mzLawX3awnTvXJtyTa9x8phg/getUpdates "HTTP/1.1 200 OK"
2026-03-14 15:22:54,937 [INFO] httpx: HTTP Request: POST https://api.telegram.org/bot8611683567:AAEUSYRNLn-mzLawX3awnTvXJtyTa9x8phg/getUpdates "HTTP/1.1 200 OK"
2026-03-14 15:23:04,974 [INFO] httpx: HTTP Request: POST https://api.telegram.org/bot8611683567:AAEUSYRNLn-mzLawX3awnTvXJtyTa9x8phg/getUpdates "HTTP/1.1 200 OK"
2026-03-14 15:23:15,010 [INFO] httpx: HTTP Request: POST https://api.telegram.org/bot8611683567:AAEUSYRNLn-mzLawX3awnTvXJtyTa9x8phg/getUpdates "HTTP/1.1 200 OK"
2026-03-14 15:23:25,046 [INFO] httpx: HTTP Request: POST https://api.telegram.org/bot8611683567:AAEUSYRNLn-mzLawX3awnTvXJtyTa9x8phg/getUpdates "HTTP/1.1 200 OK"
2026-03-14 15:23:35,083 [INFO] httpx: HTTP Request: POST https://api.telegram.org/bot8611683567:AAEUSYRNLn-mzLawX3awnTvXJtyTa9x8phg/getUpdates "HTTP/1.1 200 OK"
2026-03-14 15:23:45,120 [INFO] httpx: HTTP Request: POST https://api.telegram.org/bot8611683567:AAEUSYRNLn-mzLawX3awnTvXJtyTa9x8phg/getUpdates "HTTP/1.1 200 OK"
2026-03-14 15:23:55,153 [INFO] httpx: HTTP Request: POST https://api.telegram.org/bot8611683567:AAEUSYRNLn-mzLawX3awnTvXJtyTa9x8phg/getUpdates "HTTP/1.1 200 OK"
2026-03-14 15:24:05,190 [INFO] httpx: HTTP Request: POST https://api.telegram.org/bot8611683567:AAEUSYRNLn-mzLawX3awnTvXJtyTa9x8phg/getUpdates "HTTP/1.1 200 OK"
2026-03-14 15:24:15,226 [INFO] httpx: HTTP Request: POST https://api.telegram.org/bot8611683567:AAEUSYRNLn-mzLawX3awnTvXJtyTa9x8phg/getUpdates "HTTP/1.1 200 OK"
2026-03-14 15:24:25,261 [INFO] httpx: HTTP Request: POST https://api.telegram.org/bot8611683567:AAEUSYRNLn-mzLawX3awnTvXJtyTa9x8phg/getUpdates "HTTP/1.1 200 OK"
2026-03-14 15:24:35,297 [INFO] httpx: HTTP Request: POST https://api.telegram.org/bot8611683567:AAEUSYRNLn-mzLawX3awnTvXJtyTa9x8phg/getUpdates "HTTP/1.1 200 OK"
2026-03-14 15:24:45,335 [INFO] httpx: HTTP Request: POST https://api.telegram.org/bot8611683567:AAEUSYRNLn-mzLawX3awnTvXJtyTa9x8phg/getUpdates "HTTP/1.1 200 OK"
2026-03-14 15:24:55,376 [INFO] httpx: HTTP Request: POST https://api.telegram.org/bot8611683567:AAEUSYRNLn-mzLawX3awnTvXJtyTa9x8phg/getUpdates "HTTP/1.1 200 OK"
2026-03-14 15:25:05,414 [INFO] httpx: HTTP Request: POST https://api.telegram.org/bot8611683567:AAEUSYRNLn-mzLawX3awnTvXJtyTa9x8phg/getUpdates "HTTP/1.1 200 OK"
2026-03-14 15:25:15,471 [INFO] httpx: HTTP Request: POST https://api.telegram.org/bot8611683567:AAEUSYRNLn-mzLawX3awnTvXJtyTa9x8phg/getUpdates "HTTP/1.1 200 OK"
2026-03-14 15:25:25,510 [INFO] httpx: HTTP Request: POST https://api.telegram.org/bot8611683567:AAEUSYRNLn-mzLawX3awnTvXJtyTa9x8phg/getUpdates "HTTP/1.1 200 OK"
2026-03-14 15:25:35,546 [INFO] httpx: HTTP Request: POST https://api.telegram.org/bot8611683567:AAEUSYRNLn-mzLawX3awnTvXJtyTa9x8phg/getUpdates "HTTP/1.1 200 OK"
2026-03-14 15:25:45,585 [INFO] httpx: HTTP Request: POST https://api.telegram.org/bot8611683567:AAEUSYRNLn-mzLawX3awnTvXJtyTa9x8phg/getUpdates "HTTP/1.1 200 OK"
2026-03-14 15:25:55,625 [INFO] httpx: HTTP Request: POST https://api.telegram.org/bot8611683567:AAEUSYRNLn-mzLawX3awnTvXJtyTa9x8phg/getUpdates "HTTP/1.1 200 OK"
2026-03-14 15:26:05,661 [INFO] httpx: HTTP Request: POST https://api.telegram.org/bot8611683567:AAEUSYRNLn-mzLawX3awnTvXJtyTa9x8phg/getUpdates "HTTP/1.1 200 OK"
2026-03-14 15:26:15,696 [INFO] httpx: HTTP Request: POST https://api.telegram.org/bot8611683567:AAEUSYRNLn-mzLawX3awnTvXJtyTa9x8phg/getUpdates "HTTP/1.1 200 OK"
2026-03-14 15:26:25,735 [INFO] httpx: HTTP Request: POST https://api.telegram.org/bot8611683567:AAEUSYRNLn-mzLawX3awnTvXJtyTa9x8phg/getUpdates "HTTP/1.1 200 OK"
2026-03-14 15:26:35,771 [INFO] httpx: HTTP Request: POST https://api.telegram.org/bot8611683567:AAEUSYRNLn-mzLawX3awnTvXJtyTa9x8phg/getUpdates "HTTP/1.1 200 OK"
2026-03-14 15:26:45,812 [INFO] httpx: HTTP Request: POST https://api.telegram.org/bot8611683567:AAEUSYRNLn-mzLawX3awnTvXJtyTa9x8phg/getUpdates "HTTP/1.1 200 OK"
2026-03-14 15:26:55,849 [INFO] httpx: HTTP Request: POST https://api.telegram.org/bot8611683567:AAEUSYRNLn-mzLawX3awnTvXJtyTa9x8phg/getUpdates "HTTP/1.1 200 OK"
2026-03-14 15:27:05,884 [INFO] httpx: HTTP Request: POST https://api.telegram.org/bot8611683567:AAEUSYRNLn-mzLawX3awnTvXJtyTa9x8phg/getUpdates "HTTP/1.1 200 OK"
2026-03-14 15:27:15,982 [INFO] httpx: HTTP Request: POST https://api.telegram.org/bot8611683567:AAEUSYRNLn-mzLawX3awnTvXJtyTa9x8phg/getUpdates "HTTP/1.1 200 OK"
2026-03-14 15:27:26,120 [INFO] httpx: HTTP Request: POST https://api.telegram.org/bot8611683567:AAEUSYRNLn-mzLawX3awnTvXJtyTa9x8phg/getUpdates "HTTP/1.1 200 OK"
2026-03-14 15:27:36,257 [INFO] httpx: HTTP Request: POST https://api.telegram.org/bot8611683567:AAEUSYRNLn-mzLawX3awnTvXJtyTa9x8phg/getUpdates "HTTP/1.1 200 OK"
2026-03-14 15:27:46,294 [INFO] httpx: HTTP Request: POST https://api.telegram.org/bot8611683567:AAEUSYRNLn-mzLawX3awnTvXJtyTa9x8phg/getUpdates "HTTP/1.1 200 OK"
2026-03-14 15:27:56,330 [INFO] httpx: HTTP Request: POST https://api.telegram.org/bot8611683567:AAEUSYRNLn-mzLawX3awnTvXJtyTa9x8phg/getUpdates "HTTP/1.1 200 OK"
2026-03-14 15:28:06,467 [INFO] httpx: HTTP Request: POST https://api.telegram.org/bot8611683567:AAEUSYRNLn-mzLawX3awnTvXJtyTa9x8phg/getUpdates "HTTP/1.1 200 OK"
2026-03-14 15:28:16,603 [INFO] httpx: HTTP Request: POST https://api.telegram.org/bot8611683567:AAEUSYRNLn-mzLawX3awnTvXJtyTa9x8phg/getUpdates "HTTP/1.1 200 OK"
2026-03-14 15:28:26,741 [INFO] httpx: HTTP Request: POST https://api.telegram.org/bot8611683567:AAEUSYRNLn-mzLawX3awnTvXJtyTa9x8phg/getUpdates "HTTP/1.1 200 OK"
2026-03-14 15:28:36,877 [INFO] httpx: HTTP Request: POST https://api.telegram.org/bot8611683567:AAEUSYRNLn-mzLawX3awnTvXJtyTa9x8phg/getUpdates "HTTP/1.1 200 OK"
2026-03-14 15:28:47,016 [INFO] httpx: HTTP Request: POST https://api.telegram.org/bot8611683567:AAEUSYRNLn-mzLawX3awnTvXJtyTa9x8phg/getUpdates "HTTP/1.1 200 OK"
2026-03-14 15:28:57,153 [INFO] httpx: HTTP Request: POST https://api.telegram.org/bot8611683567:AAEUSYRNLn-mzLawX3awnTvXJtyTa9x8phg/getUpdates "HTTP/1.1 200 OK"
2026-03-14 15:29:07,205 [INFO] httpx: HTTP Request: POST https://api.telegram.org/bot8611683567:AAEUSYRNLn-mzLawX3awnTvXJtyTa9x8phg/getUpdates "HTTP/1.1 200 OK"
2026-03-14 15:29:17,428 [INFO] httpx: HTTP Request: POST https://api.telegram.org/bot8611683567:AAEUSYRNLn-mzLawX3awnTvXJtyTa9x8phg/getUpdates "HTTP/1.1 200 OK"
2026-03-14 15:29:27,566 [INFO] httpx: HTTP Request: POST https://api.telegram.org/bot8611683567:AAEUSYRNLn-mzLawX3awnTvXJtyTa9x8phg/getUpdates "HTTP/1.1 200 OK"
2026-03-14 15:29:37,703 [INFO] httpx: HTTP Request: POST https://api.telegram.org/bot8611683567:AAEUSYRNLn-mzLawX3awnTvXJtyTa9x8phg/getUpdates "HTTP/1.1 200 OK"
2026-03-14 15:29:47,841 [INFO] httpx: HTTP Request: POST https://api.telegram.org/bot8611683567:AAEUSYRNLn-mzLawX3awnTvXJtyTa9x8phg/getUpdates "HTTP/1.1 200 OK"
2026-03-14 15:29:57,979 [INFO] httpx: HTTP Request: POST https://api.telegram.org/bot8611683567:AAEUSYRNLn-mzLawX3awnTvXJtyTa9x8phg/getUpdates "HTTP/1.1 200 OK"
2026-03-14 15:30:08,118 [INFO] httpx: HTTP Request: POST https://api.telegram.org/bot8611683567:AAEUSYRNLn-mzLawX3awnTvXJtyTa9x8phg/getUpdates "HTTP/1.1 200 OK"
2026-03-14 15:30:18,255 [INFO] httpx: HTTP Request: POST https://api.telegram.org/bot8611683567:AAEUSYRNLn-mzLawX3awnTvXJtyTa9x8phg/getUpdates "HTTP/1.1 200 OK"
2026-03-14 15:30:28,294 [INFO] httpx: HTTP Request: POST https://api.telegram.org/bot8611683567:AAEUSYRNLn-mzLawX3awnTvXJtyTa9x8phg/getUpdates "HTTP/1.1 200 OK"
2026-03-14 15:30:38,426 [INFO] httpx: HTTP Request: POST https://api.telegram.org/bot8611683567:AAEUSYRNLn-mzLawX3awnTvXJtyTa9x8phg/getUpdates "HTTP/1.1 200 OK"
2026-03-14 15:30:48,564 [INFO] httpx: HTTP Request: POST https://api.telegram.org/bot8611683567:AAEUSYRNLn-mzLawX3awnTvXJtyTa9x8phg/getUpdates "HTTP/1.1 200 OK"
2026-03-14 15:30:58,601 [INFO] httpx: HTTP Request: POST https://api.telegram.org/bot8611683567:AAEUSYRNLn-mzLawX3awnTvXJtyTa9x8phg/getUpdates "HTTP/1.1 200 OK"
2026-03-14 15:31:08,737 [INFO] httpx: HTTP Request: POST https://api.telegram.org/bot8611683567:AAEUSYRNLn-mzLawX3awnTvXJtyTa9x8phg/getUpdates "HTTP/1.1 200 OK"
2026-03-14 15:31:18,875 [INFO] httpx: HTTP Request: POST https://api.telegram.org/bot8611683567:AAEUSYRNLn-mzLawX3awnTvXJtyTa9x8phg/getUpdates "HTTP/1.1 200 OK"
2026-03-14 15:31:29,013 [INFO] httpx: HTTP Request: POST https://api.telegram.org/bot8611683567:AAEUSYRNLn-mzLawX3awnTvXJtyTa9x8phg/getUpdates "HTTP/1.1 200 OK"
2026-03-14 15:31:39,150 [INFO] httpx: HTTP Request: POST https://api.telegram.org/bot8611683567:AAEUSYRNLn-mzLawX3awnTvXJtyTa9x8phg/getUpdates "HTTP/1.1 200 OK"
2026-03-14 15:31:49,191 [INFO] httpx: HTTP Request: POST https://api.telegram.org/bot8611683567:AAEUSYRNLn-mzLawX3awnTvXJtyTa9x8phg/getUpdates "HTTP/1.1 200 OK"
2026-03-14 15:31:59,246 [INFO] httpx: HTTP Request: POST https://api.telegram.org/bot8611683567:AAEUSYRNLn-mzLawX3awnTvXJtyTa9x8phg/getUpdates "HTTP/1.1 200 OK"
2026-03-14 15:32:09,358 [INFO] httpx: HTTP Request: POST https://api.telegram.org/bot8611683567:AAEUSYRNLn-mzLawX3awnTvXJtyTa9x8phg/getUpdates "HTTP/1.1 200 OK"
2026-03-14 15:32:19,495 [INFO] httpx: HTTP Request: POST https://api.telegram.org/bot8611683567:AAEUSYRNLn-mzLawX3awnTvXJtyTa9x8phg/getUpdates "HTTP/1.1 200 OK"
2026-03-14 15:32:29,634 [INFO] httpx: HTTP Request: POST https://api.telegram.org/bot8611683567:AAEUSYRNLn-mzLawX3awnTvXJtyTa9x8phg/getUpdates "HTTP/1.1 200 OK"
2026-03-14 15:32:39,774 [INFO] httpx: HTTP Request: POST https://api.telegram.org/bot8611683567:AAEUSYRNLn-mzLawX3awnTvXJtyTa9x8phg/getUpdates "HTTP/1.1 200 OK"
2026-03-14 15:32:49,910 [INFO] httpx: HTTP Request: POST https://api.telegram.org/bot8611683567:AAEUSYRNLn-mzLawX3awnTvXJtyTa9x8phg/getUpdates "HTTP/1.1 200 OK"
2026-03-14 15:33:00,047 [INFO] httpx: HTTP Request: POST https://api.telegram.org/bot8611683567:AAEUSYRNLn-mzLawX3awnTvXJtyTa9x8phg/getUpdates "HTTP/1.1 200 OK"
2026-03-14 15:33:10,184 [INFO] httpx: HTTP Request: POST https://api.telegram.org/bot8611683567:AAEUSYRNLn-mzLawX3awnTvXJtyTa9x8phg/getUpdates "HTTP/1.1 200 OK"
2026-03-14 15:33:20,322 [INFO] httpx: HTTP Request: POST https://api.telegram.org/bot8611683567:AAEUSYRNLn-mzLawX3awnTvXJtyTa9x8phg/getUpdates "HTTP/1.1 200 OK"
2026-03-14 15:33:30,459 [INFO] httpx: HTTP Request: POST https://api.telegram.org/bot8611683567:AAEUSYRNLn-mzLawX3awnTvXJtyTa9x8phg/getUpdates "HTTP/1.1 200 OK"
2026-03-14 15:33:40,596 [INFO] httpx: HTTP Request: POST https://api.telegram.org/bot8611683567:AAEUSYRNLn-mzLawX3awnTvXJtyTa9x8phg/getUpdates "HTTP/1.1 200 OK"
2026-03-14 15:33:50,735 [INFO] httpx: HTTP Request: POST https://api.telegram.org/bot8611683567:AAEUSYRNLn-mzLawX3awnTvXJtyTa9x8phg/getUpdates "HTTP/1.1 200 OK"
2026-03-14 15:34:00,974 [INFO] httpx: HTTP Request: POST https://api.telegram.org/bot8611683567:AAEUSYRNLn-mzLawX3awnTvXJtyTa9x8phg/getUpdates "HTTP/1.1 200 OK"
2026-03-14 15:34:11,112 [INFO] httpx: HTTP Request: POST https://api.telegram.org/bot8611683567:AAEUSYRNLn-mzLawX3awnTvXJtyTa9x8phg/getUpdates "HTTP/1.1 200 OK"
2026-03-14 15:34:21,249 [INFO] httpx: HTTP Request: POST https://api.telegram.org/bot8611683567:AAEUSYRNLn-mzLawX3awnTvXJtyTa9x8phg/getUpdates "HTTP/1.1 200 OK"
2026-03-14 15:34:31,387 [INFO] httpx: HTTP Request: POST https://api.telegram.org/bot8611683567:AAEUSYRNLn-mzLawX3awnTvXJtyTa9x8phg/getUpdates "HTTP/1.1 200 OK"
2026-03-14 15:34:41,502 [INFO] httpx: HTTP Request: POST https://api.telegram.org/bot8611683567:AAEUSYRNLn-mzLawX3awnTvXJtyTa9x8phg/getUpdates "HTTP/1.1 200 OK"
2026-03-14 15:34:51,561 [INFO] httpx: HTTP Request: POST https://api.telegram.org/bot8611683567:AAEUSYRNLn-mzLawX3awnTvXJtyTa9x8phg/getUpdates "HTTP/1.1 200 OK"
2026-03-14 15:35:01,697 [INFO] httpx: HTTP Request: POST https://api.telegram.org/bot8611683567:AAEUSYRNLn-mzLawX3awnTvXJtyTa9x8phg/getUpdates "HTTP/1.1 200 OK"
2026-03-14 15:35:11,736 [INFO] httpx: HTTP Request: POST https://api.telegram.org/bot8611683567:AAEUSYRNLn-mzLawX3awnTvXJtyTa9x8phg/getUpdates "HTTP/1.1 200 OK"
2026-03-14 15:35:21,874 [INFO] httpx: HTTP Request: POST https://api.telegram.org/bot8611683567:AAEUSYRNLn-mzLawX3awnTvXJtyTa9x8phg/getUpdates "HTTP/1.1 200 OK"
2026-03-14 15:35:32,011 [INFO] httpx: HTTP Request: POST https://api.telegram.org/bot8611683567:AAEUSYRNLn-mzLawX3awnTvXJtyTa9x8phg/getUpdates "HTTP/1.1 200 OK"
2026-03-14 15:35:42,066 [INFO] httpx: HTTP Request: POST https://api.telegram.org/bot8611683567:AAEUSYRNLn-mzLawX3awnTvXJtyTa9x8phg/getUpdates "HTTP/1.1 200 OK"
2026-03-14 15:35:52,181 [INFO] httpx: HTTP Request: POST https://api.telegram.org/bot8611683567:AAEUSYRNLn-mzLawX3awnTvXJtyTa9x8phg/getUpdates "HTTP/1.1 200 OK"
2026-03-14 15:36:02,318 [INFO] httpx: HTTP Request: POST https://api.telegram.org/bot8611683567:AAEUSYRNLn-mzLawX3awnTvXJtyTa9x8phg/getUpdates "HTTP/1.1 200 OK"
2026-03-14 15:36:12,359 [INFO] httpx: HTTP Request: POST https://api.telegram.org/bot8611683567:AAEUSYRNLn-mzLawX3awnTvXJtyTa9x8phg/getUpdates "HTTP/1.1 200 OK"
2026-03-14 15:36:22,492 [INFO] httpx: HTTP Request: POST https://api.telegram.org/bot8611683567:AAEUSYRNLn-mzLawX3awnTvXJtyTa9x8phg/getUpdates "HTTP/1.1 200 OK"
2026-03-14 15:36:32,629 [INFO] httpx: HTTP Request: POST https://api.telegram.org/bot8611683567:AAEUSYRNLn-mzLawX3awnTvXJtyTa9x8phg/getUpdates "HTTP/1.1 200 OK"
2026-03-14 15:36:42,765 [INFO] httpx: HTTP Request: POST https://api.telegram.org/bot8611683567:AAEUSYRNLn-mzLawX3awnTvXJtyTa9x8phg/getUpdates "HTTP/1.1 200 OK"
2026-03-14 15:36:52,904 [INFO] httpx: HTTP Request: POST https://api.telegram.org/bot8611683567:AAEUSYRNLn-mzLawX3awnTvXJtyTa9x8phg/getUpdates "HTTP/1.1 200 OK"
2026-03-14 15:37:03,043 [INFO] httpx: HTTP Request: POST https://api.telegram.org/bot8611683567:AAEUSYRNLn-mzLawX3awnTvXJtyTa9x8phg/getUpdates "HTTP/1.1 200 OK"
2026-03-14 15:37:13,179 [INFO] httpx: HTTP Request: POST https://api.telegram.org/bot8611683567:AAEUSYRNLn-mzLawX3awnTvXJtyTa9x8phg/getUpdates "HTTP/1.1 200 OK"
2026-03-14 15:37:23,227 [INFO] httpx: HTTP Request: POST https://api.telegram.org/bot8611683567:AAEUSYRNLn-mzLawX3awnTvXJtyTa9x8phg/getUpdates "HTTP/1.1 200 OK"
2026-03-14 15:37:33,351 [INFO] httpx: HTTP Request: POST https://api.telegram.org/bot8611683567:AAEUSYRNLn-mzLawX3awnTvXJtyTa9x8phg/getUpdates "HTTP/1.1 200 OK"
2026-03-14 15:37:43,394 [INFO] httpx: HTTP Request: POST https://api.telegram.org/bot8611683567:AAEUSYRNLn-mzLawX3awnTvXJtyTa9x8phg/getUpdates "HTTP/1.1 200 OK"
2026-03-14 15:37:53,484 [INFO] httpx: HTTP Request: POST https://api.telegram.org/bot8611683567:AAEUSYRNLn-mzLawX3awnTvXJtyTa9x8phg/getUpdates "HTTP/1.1 200 OK"
2026-03-14 15:38:03,534 [INFO] httpx: HTTP Request: POST https://api.telegram.org/bot8611683567:AAEUSYRNLn-mzLawX3awnTvXJtyTa9x8phg/getUpdates "HTTP/1.1 200 OK"
2026-03-14 15:38:13,594 [INFO] httpx: HTTP Request: POST https://api.telegram.org/bot8611683567:AAEUSYRNLn-mzLawX3awnTvXJtyTa9x8phg/getUpdates "HTTP/1.1 200 OK"
2026-03-14 15:38:23,632 [INFO] httpx: HTTP Request: POST https://api.telegram.org/bot8611683567:AAEUSYRNLn-mzLawX3awnTvXJtyTa9x8phg/getUpdates "HTTP/1.1 200 OK"
2026-03-14 15:38:33,768 [INFO] httpx: HTTP Request: POST https://api.telegram.org/bot8611683567:AAEUSYRNLn-mzLawX3awnTvXJtyTa9x8phg/getUpdates "HTTP/1.1 200 OK"
2026-03-14 15:38:43,906 [INFO] httpx: HTTP Request: POST https://api.telegram.org/bot8611683567:AAEUSYRNLn-mzLawX3awnTvXJtyTa9x8phg/getUpdates "HTTP/1.1 200 OK"
2026-03-14 15:38:53,949 [INFO] httpx: HTTP Request: POST https://api.telegram.org/bot8611683567:AAEUSYRNLn-mzLawX3awnTvXJtyTa9x8phg/getUpdates "HTTP/1.1 200 OK"
2026-03-14 15:39:04,079 [INFO] httpx: HTTP Request: POST https://api.telegram.org/bot8611683567:AAEUSYRNLn-mzLawX3awnTvXJtyTa9x8phg/getUpdates "HTTP/1.1 200 OK"
2026-03-14 15:39:14,216 [INFO] httpx: HTTP Request: POST https://api.telegram.org/bot8611683567:AAEUSYRNLn-mzLawX3awnTvXJtyTa9x8phg/getUpdates "HTTP/1.1 200 OK"
2026-03-14 15:39:24,354 [INFO] httpx: HTTP Request: POST https://api.telegram.org/bot8611683567:AAEUSYRNLn-mzLawX3awnTvXJtyTa9x8phg/getUpdates "HTTP/1.1 200 OK"
2026-03-14 15:39:34,494 [INFO] httpx: HTTP Request: POST https://api.telegram.org/bot8611683567:AAEUSYRNLn-mzLawX3awnTvXJtyTa9x8phg/getUpdates "HTTP/1.1 200 OK"
2026-03-14 15:39:44,632 [INFO] httpx: HTTP Request: POST https://api.telegram.org/bot8611683567:AAEUSYRNLn-mzLawX3awnTvXJtyTa9x8phg/getUpdates "HTTP/1.1 200 OK"
2026-03-14 15:39:52,499 [INFO] apscheduler.executors.default: Running job "main.<locals>.<lambda> (trigger: interval[0:30:00], next run at: 2026-03-14 16:09:52 EET)" (scheduled at 2026-03-14 15:39:52.490556+02:00)
2026-03-14 15:39:52,503 [ERROR] apscheduler.executors.default: Job "main.<locals>.<lambda> (trigger: interval[0:30:00], next run at: 2026-03-14 16:09:52 EET)" raised an exception
Traceback (most recent call last):
  File "C:\Egypt\.venv\Lib\site-packages\apscheduler\executors\base.py", line 125, in run_job
    retval = job.func(*job.args, **job.kwargs)
  File "C:\Egypt\bot.py", line 516, in <lambda>
    lambda: asyncio.ensure_future(run_check(app=app, notify_users=True)),
            ~~~~~~~~~~~~~~~~~~~~~^^^^^^^^^^^^^^^^^^^^^^^^^^^^^^^^^^^^^^^
  File "C:\Users\rzabe\AppData\Local\Programs\Python\Python314\Lib\asyncio\tasks.py", line 730, in ensure_future
    loop = events.get_event_loop()
  File "C:\Users\rzabe\AppData\Local\Programs\Python\Python314\Lib\asyncio\events.py", line 715, in get_event_loop
    raise RuntimeError('There is no current event loop in thread %r.'
                       % threading.current_thread().name)
RuntimeError: There is no current event loop in thread 'asyncio_0'.
2026-03-14 15:39:54,767 [INFO] httpx: HTTP Request: POST https://api.telegram.org/bot8611683567:AAEUSYRNLn-mzLawX3awnTvXJtyTa9x8phg/getUpdates "HTTP/1.1 200 OK"
2026-03-14 15:40:04,905 [INFO] httpx: HTTP Request: POST https://api.telegram.org/bot8611683567:AAEUSYRNLn-mzLawX3awnTvXJtyTa9x8phg/getUpdates "HTTP/1.1 200 OK"
2026-03-14 15:40:15,042 [INFO] httpx: HTTP Request: POST https://api.telegram.org/bot8611683567:AAEUSYRNLn-mzLawX3awnTvXJtyTa9x8phg/getUpdates "HTTP/1.1 200 OK"
2026-03-14 15:40:25,181 [INFO] httpx: HTTP Request: POST https://api.telegram.org/bot8611683567:AAEUSYRNLn-mzLawX3awnTvXJtyTa9x8phg/getUpdates "HTTP/1.1 200 OK"
2026-03-14 15:40:35,316 [INFO] httpx: HTTP Request: POST https://api.telegram.org/bot8611683567:AAEUSYRNLn-mzLawX3awnTvXJtyTa9x8phg/getUpdates "HTTP/1.1 200 OK"
2026-03-14 15:40:45,415 [INFO] httpx: HTTP Request: POST https://api.telegram.org/bot8611683567:AAEUSYRNLn-mzLawX3awnTvXJtyTa9x8phg/getUpdates "HTTP/1.1 200 OK"
2026-03-14 15:40:55,491 [INFO] httpx: HTTP Request: POST https://api.telegram.org/bot8611683567:AAEUSYRNLn-mzLawX3awnTvXJtyTa9x8phg/getUpdates "HTTP/1.1 200 OK"
2026-03-14 15:41:05,631 [INFO] httpx: HTTP Request: POST https://api.telegram.org/bot8611683567:AAEUSYRNLn-mzLawX3awnTvXJtyTa9x8phg/getUpdates "HTTP/1.1 200 OK"
2026-03-14 15:41:15,766 [INFO] httpx: HTTP Request: POST https://api.telegram.org/bot8611683567:AAEUSYRNLn-mzLawX3awnTvXJtyTa9x8phg/getUpdates "HTTP/1.1 200 OK"
2026-03-14 15:41:25,902 [INFO] httpx: HTTP Request: POST https://api.telegram.org/bot8611683567:AAEUSYRNLn-mzLawX3awnTvXJtyTa9x8phg/getUpdates "HTTP/1.1 200 OK"
2026-03-14 15:41:36,040 [INFO] httpx: HTTP Request: POST https://api.telegram.org/bot8611683567:AAEUSYRNLn-mzLawX3awnTvXJtyTa9x8phg/getUpdates "HTTP/1.1 200 OK"
2026-03-14 15:41:46,179 [INFO] httpx: HTTP Request: POST https://api.telegram.org/bot8611683567:AAEUSYRNLn-mzLawX3awnTvXJtyTa9x8phg/getUpdates "HTTP/1.1 200 OK"
2026-03-14 15:41:56,292 [INFO] httpx: HTTP Request: POST https://api.telegram.org/bot8611683567:AAEUSYRNLn-mzLawX3awnTvXJtyTa9x8phg/getUpdates "HTTP/1.1 200 OK"
2026-03-14 15:42:06,352 [INFO] httpx: HTTP Request: POST https://api.telegram.org/bot8611683567:AAEUSYRNLn-mzLawX3awnTvXJtyTa9x8phg/getUpdates "HTTP/1.1 200 OK"
2026-03-14 15:42:16,493 [INFO] httpx: HTTP Request: POST https://api.telegram.org/bot8611683567:AAEUSYRNLn-mzLawX3awnTvXJtyTa9x8phg/getUpdates "HTTP/1.1 200 OK"
2026-03-14 15:42:26,636 [INFO] httpx: HTTP Request: POST https://api.telegram.org/bot8611683567:AAEUSYRNLn-mzLawX3awnTvXJtyTa9x8phg/getUpdates "HTTP/1.1 200 OK"
2026-03-14 15:42:36,764 [INFO] httpx: HTTP Request: POST https://api.telegram.org/bot8611683567:AAEUSYRNLn-mzLawX3awnTvXJtyTa9x8phg/getUpdates "HTTP/1.1 200 OK"
2026-03-14 15:42:46,901 [INFO] httpx: HTTP Request: POST https://api.telegram.org/bot8611683567:AAEUSYRNLn-mzLawX3awnTvXJtyTa9x8phg/getUpdates "HTTP/1.1 200 OK"
2026-03-14 15:42:57,040 [INFO] httpx: HTTP Request: POST https://api.telegram.org/bot8611683567:AAEUSYRNLn-mzLawX3awnTvXJtyTa9x8phg/getUpdates "HTTP/1.1 200 OK"
2026-03-14 15:43:07,177 [INFO] httpx: HTTP Request: POST https://api.telegram.org/bot8611683567:AAEUSYRNLn-mzLawX3awnTvXJtyTa9x8phg/getUpdates "HTTP/1.1 200 OK"
2026-03-14 15:43:17,419 [INFO] httpx: HTTP Request: POST https://api.telegram.org/bot8611683567:AAEUSYRNLn-mzLawX3awnTvXJtyTa9x8phg/getUpdates "HTTP/1.1 200 OK"
2026-03-14 15:43:27,555 [INFO] httpx: HTTP Request: POST https://api.telegram.org/bot8611683567:AAEUSYRNLn-mzLawX3awnTvXJtyTa9x8phg/getUpdates "HTTP/1.1 200 OK"
2026-03-14 15:43:37,591 [INFO] httpx: HTTP Request: POST https://api.telegram.org/bot8611683567:AAEUSYRNLn-mzLawX3awnTvXJtyTa9x8phg/getUpdates "HTTP/1.1 200 OK"
2026-03-14 15:43:47,629 [INFO] httpx: HTTP Request: POST https://api.telegram.org/bot8611683567:AAEUSYRNLn-mzLawX3awnTvXJtyTa9x8phg/getUpdates "HTTP/1.1 200 OK"
2026-03-14 15:43:57,763 [INFO] httpx: HTTP Request: POST https://api.telegram.org/bot8611683567:AAEUSYRNLn-mzLawX3awnTvXJtyTa9x8phg/getUpdates "HTTP/1.1 200 OK"
2026-03-14 15:44:07,900 [INFO] httpx: HTTP Request: POST https://api.telegram.org/bot8611683567:AAEUSYRNLn-mzLawX3awnTvXJtyTa9x8phg/getUpdates "HTTP/1.1 200 OK"
2026-03-14 15:44:17,946 [INFO] httpx: HTTP Request: POST https://api.telegram.org/bot8611683567:AAEUSYRNLn-mzLawX3awnTvXJtyTa9x8phg/getUpdates "HTTP/1.1 200 OK"
2026-03-14 15:44:28,078 [INFO] httpx: HTTP Request: POST https://api.telegram.org/bot8611683567:AAEUSYRNLn-mzLawX3awnTvXJtyTa9x8phg/getUpdates "HTTP/1.1 200 OK"
2026-03-14 15:44:38,218 [INFO] httpx: HTTP Request: POST https://api.telegram.org/bot8611683567:AAEUSYRNLn-mzLawX3awnTvXJtyTa9x8phg/getUpdates "HTTP/1.1 200 OK"
2026-03-14 15:44:48,347 [INFO] httpx: HTTP Request: POST https://api.telegram.org/bot8611683567:AAEUSYRNLn-mzLawX3awnTvXJtyTa9x8phg/getUpdates "HTTP/1.1 200 OK"
2026-03-14 15:44:58,486 [INFO] httpx: HTTP Request: POST https://api.telegram.org/bot8611683567:AAEUSYRNLn-mzLawX3awnTvXJtyTa9x8phg/getUpdates "HTTP/1.1 200 OK"
2026-03-14 15:45:08,627 [INFO] httpx: HTTP Request: POST https://api.telegram.org/bot8611683567:AAEUSYRNLn-mzLawX3awnTvXJtyTa9x8phg/getUpdates "HTTP/1.1 200 OK"
2026-03-14 15:45:18,686 [INFO] httpx: HTTP Request: POST https://api.telegram.org/bot8611683567:AAEUSYRNLn-mzLawX3awnTvXJtyTa9x8phg/getUpdates "HTTP/1.1 200 OK"
2026-03-14 15:45:28,797 [INFO] httpx: HTTP Request: POST https://api.telegram.org/bot8611683567:AAEUSYRNLn-mzLawX3awnTvXJtyTa9x8phg/getUpdates "HTTP/1.1 200 OK"
2026-03-14 15:45:38,836 [INFO] httpx: HTTP Request: POST https://api.telegram.org/bot8611683567:AAEUSYRNLn-mzLawX3awnTvXJtyTa9x8phg/getUpdates "HTTP/1.1 200 OK"
2026-03-14 15:45:48,968 [INFO] httpx: HTTP Request: POST https://api.telegram.org/bot8611683567:AAEUSYRNLn-mzLawX3awnTvXJtyTa9x8phg/getUpdates "HTTP/1.1 200 OK"
2026-03-14 15:45:59,107 [INFO] httpx: HTTP Request: POST https://api.telegram.org/bot8611683567:AAEUSYRNLn-mzLawX3awnTvXJtyTa9x8phg/getUpdates "HTTP/1.1 200 OK"
2026-03-14 15:46:09,148 [INFO] httpx: HTTP Request: POST https://api.telegram.org/bot8611683567:AAEUSYRNLn-mzLawX3awnTvXJtyTa9x8phg/getUpdates "HTTP/1.1 200 OK"
2026-03-14 15:46:19,281 [INFO] httpx: HTTP Request: POST https://api.telegram.org/bot8611683567:AAEUSYRNLn-mzLawX3awnTvXJtyTa9x8phg/getUpdates "HTTP/1.1 200 OK"
2026-03-14 15:46:29,419 [INFO] httpx: HTTP Request: POST https://api.telegram.org/bot8611683567:AAEUSYRNLn-mzLawX3awnTvXJtyTa9x8phg/getUpdates "HTTP/1.1 200 OK"
2026-03-14 15:46:39,459 [INFO] httpx: HTTP Request: POST https://api.telegram.org/bot8611683567:AAEUSYRNLn-mzLawX3awnTvXJtyTa9x8phg/getUpdates "HTTP/1.1 200 OK"
2026-03-14 15:46:49,496 [INFO] httpx: HTTP Request: POST https://api.telegram.org/bot8611683567:AAEUSYRNLn-mzLawX3awnTvXJtyTa9x8phg/getUpdates "HTTP/1.1 200 OK"
2026-03-14 15:46:59,626 [INFO] httpx: HTTP Request: POST https://api.telegram.org/bot8611683567:AAEUSYRNLn-mzLawX3awnTvXJtyTa9x8phg/getUpdates "HTTP/1.1 200 OK"
2026-03-14 15:47:09,665 [INFO] httpx: HTTP Request: POST https://api.telegram.org/bot8611683567:AAEUSYRNLn-mzLawX3awnTvXJtyTa9x8phg/getUpdates "HTTP/1.1 200 OK"
2026-03-14 15:47:19,704 [INFO] httpx: HTTP Request: POST https://api.telegram.org/bot8611683567:AAEUSYRNLn-mzLawX3awnTvXJtyTa9x8phg/getUpdates "HTTP/1.1 200 OK"
2026-03-14 15:47:29,834 [INFO] httpx: HTTP Request: POST https://api.telegram.org/bot8611683567:AAEUSYRNLn-mzLawX3awnTvXJtyTa9x8phg/getUpdates "HTTP/1.1 200 OK"
2026-03-14 15:47:39,971 [INFO] httpx: HTTP Request: POST https://api.telegram.org/bot8611683567:AAEUSYRNLn-mzLawX3awnTvXJtyTa9x8phg/getUpdates "HTTP/1.1 200 OK"
2026-03-14 15:47:50,112 [INFO] httpx: HTTP Request: POST https://api.telegram.org/bot8611683567:AAEUSYRNLn-mzLawX3awnTvXJtyTa9x8phg/getUpdates "HTTP/1.1 200 OK"
2026-03-14 15:48:00,247 [INFO] httpx: HTTP Request: POST https://api.telegram.org/bot8611683567:AAEUSYRNLn-mzLawX3awnTvXJtyTa9x8phg/getUpdates "HTTP/1.1 200 OK"
2026-03-14 15:48:10,389 [INFO] httpx: HTTP Request: POST https://api.telegram.org/bot8611683567:AAEUSYRNLn-mzLawX3awnTvXJtyTa9x8phg/getUpdates "HTTP/1.1 200 OK"
2026-03-14 15:48:20,521 [INFO] httpx: HTTP Request: POST https://api.telegram.org/bot8611683567:AAEUSYRNLn-mzLawX3awnTvXJtyTa9x8phg/getUpdates "HTTP/1.1 200 OK"
2026-03-14 15:48:30,666 [INFO] httpx: HTTP Request: POST https://api.telegram.org/bot8611683567:AAEUSYRNLn-mzLawX3awnTvXJtyTa9x8phg/getUpdates "HTTP/1.1 200 OK"
2026-03-14 15:48:40,797 [INFO] httpx: HTTP Request: POST https://api.telegram.org/bot8611683567:AAEUSYRNLn-mzLawX3awnTvXJtyTa9x8phg/getUpdates "HTTP/1.1 200 OK"
2026-03-14 15:48:50,876 [INFO] httpx: HTTP Request: POST https://api.telegram.org/bot8611683567:AAEUSYRNLn-mzLawX3awnTvXJtyTa9x8phg/getUpdates "HTTP/1.1 200 OK"
2026-03-14 15:49:00,969 [INFO] httpx: HTTP Request: POST https://api.telegram.org/bot8611683567:AAEUSYRNLn-mzLawX3awnTvXJtyTa9x8phg/getUpdates "HTTP/1.1 200 OK"
2026-03-14 15:49:11,107 [INFO] httpx: HTTP Request: POST https://api.telegram.org/bot8611683567:AAEUSYRNLn-mzLawX3awnTvXJtyTa9x8phg/getUpdates "HTTP/1.1 200 OK"
2026-03-14 15:49:21,245 [INFO] httpx: HTTP Request: POST https://api.telegram.org/bot8611683567:AAEUSYRNLn-mzLawX3awnTvXJtyTa9x8phg/getUpdates "HTTP/1.1 200 OK"
2026-03-14 15:49:31,383 [INFO] httpx: HTTP Request: POST https://api.telegram.org/bot8611683567:AAEUSYRNLn-mzLawX3awnTvXJtyTa9x8phg/getUpdates "HTTP/1.1 200 OK"
2026-03-14 15:49:41,491 [INFO] httpx: HTTP Request: POST https://api.telegram.org/bot8611683567:AAEUSYRNLn-mzLawX3awnTvXJtyTa9x8phg/getUpdates "HTTP/1.1 200 OK"
2026-03-14 15:49:51,555 [INFO] httpx: HTTP Request: POST https://api.telegram.org/bot8611683567:AAEUSYRNLn-mzLawX3awnTvXJtyTa9x8phg/getUpdates "HTTP/1.1 200 OK"
2026-03-14 15:50:01,693 [INFO] httpx: HTTP Request: POST https://api.telegram.org/bot8611683567:AAEUSYRNLn-mzLawX3awnTvXJtyTa9x8phg/getUpdates "HTTP/1.1 200 OK"
2026-03-14 15:50:11,829 [INFO] httpx: HTTP Request: POST https://api.telegram.org/bot8611683567:AAEUSYRNLn-mzLawX3awnTvXJtyTa9x8phg/getUpdates "HTTP/1.1 200 OK"
2026-03-14 15:50:21,968 [INFO] httpx: HTTP Request: POST https://api.telegram.org/bot8611683567:AAEUSYRNLn-mzLawX3awnTvXJtyTa9x8phg/getUpdates "HTTP/1.1 200 OK"
2026-03-14 15:50:32,106 [INFO] httpx: HTTP Request: POST https://api.telegram.org/bot8611683567:AAEUSYRNLn-mzLawX3awnTvXJtyTa9x8phg/getUpdates "HTTP/1.1 200 OK"
2026-03-14 15:50:42,244 [INFO] httpx: HTTP Request: POST https://api.telegram.org/bot8611683567:AAEUSYRNLn-mzLawX3awnTvXJtyTa9x8phg/getUpdates "HTTP/1.1 200 OK"
2026-03-14 15:50:52,377 [INFO] httpx: HTTP Request: POST https://api.telegram.org/bot8611683567:AAEUSYRNLn-mzLawX3awnTvXJtyTa9x8phg/getUpdates "HTTP/1.1 200 OK"
2026-03-14 15:51:02,520 [INFO] httpx: HTTP Request: POST https://api.telegram.org/bot8611683567:AAEUSYRNLn-mzLawX3awnTvXJtyTa9x8phg/getUpdates "HTTP/1.1 200 OK"
2026-03-14 15:51:12,657 [INFO] httpx: HTTP Request: POST https://api.telegram.org/bot8611683567:AAEUSYRNLn-mzLawX3awnTvXJtyTa9x8phg/getUpdates "HTTP/1.1 200 OK"
2026-03-14 15:51:22,795 [INFO] httpx: HTTP Request: POST https://api.telegram.org/bot8611683567:AAEUSYRNLn-mzLawX3awnTvXJtyTa9x8phg/getUpdates "HTTP/1.1 200 OK"
2026-03-14 15:51:32,932 [INFO] httpx: HTTP Request: POST https://api.telegram.org/bot8611683567:AAEUSYRNLn-mzLawX3awnTvXJtyTa9x8phg/getUpdates "HTTP/1.1 200 OK"
2026-03-14 15:51:43,068 [INFO] httpx: HTTP Request: POST https://api.telegram.org/bot8611683567:AAEUSYRNLn-mzLawX3awnTvXJtyTa9x8phg/getUpdates "HTTP/1.1 200 OK"
2026-03-14 15:51:53,206 [INFO] httpx: HTTP Request: POST https://api.telegram.org/bot8611683567:AAEUSYRNLn-mzLawX3awnTvXJtyTa9x8phg/getUpdates "HTTP/1.1 200 OK"
2026-03-14 15:52:03,345 [INFO] httpx: HTTP Request: POST https://api.telegram.org/bot8611683567:AAEUSYRNLn-mzLawX3awnTvXJtyTa9x8phg/getUpdates "HTTP/1.1 200 OK"
2026-03-14 15:52:13,481 [INFO] httpx: HTTP Request: POST https://api.telegram.org/bot8611683567:AAEUSYRNLn-mzLawX3awnTvXJtyTa9x8phg/getUpdates "HTTP/1.1 200 OK"
2026-03-14 15:52:23,619 [INFO] httpx: HTTP Request: POST https://api.telegram.org/bot8611683567:AAEUSYRNLn-mzLawX3awnTvXJtyTa9x8phg/getUpdates "HTTP/1.1 200 OK"
2026-03-14 15:52:33,758 [INFO] httpx: HTTP Request: POST https://api.telegram.org/bot8611683567:AAEUSYRNLn-mzLawX3awnTvXJtyTa9x8phg/getUpdates "HTTP/1.1 200 OK"
2026-03-14 15:52:43,896 [INFO] httpx: HTTP Request: POST https://api.telegram.org/bot8611683567:AAEUSYRNLn-mzLawX3awnTvXJtyTa9x8phg/getUpdates "HTTP/1.1 200 OK"
2026-03-14 15:52:54,015 [INFO] httpx: HTTP Request: POST https://api.telegram.org/bot8611683567:AAEUSYRNLn-mzLawX3awnTvXJtyTa9x8phg/getUpdates "HTTP/1.1 200 OK"
2026-03-14 15:53:04,068 [INFO] httpx: HTTP Request: POST https://api.telegram.org/bot8611683567:AAEUSYRNLn-mzLawX3awnTvXJtyTa9x8phg/getUpdates "HTTP/1.1 200 OK"
2026-03-14 15:53:14,205 [INFO] httpx: HTTP Request: POST https://api.telegram.org/bot8611683567:AAEUSYRNLn-mzLawX3awnTvXJtyTa9x8phg/getUpdates "HTTP/1.1 200 OK"
2026-03-14 15:53:24,256 [INFO] httpx: HTTP Request: POST https://api.telegram.org/bot8611683567:AAEUSYRNLn-mzLawX3awnTvXJtyTa9x8phg/getUpdates "HTTP/1.1 200 OK"
2026-03-14 15:53:34,379 [INFO] httpx: HTTP Request: POST https://api.telegram.org/bot8611683567:AAEUSYRNLn-mzLawX3awnTvXJtyTa9x8phg/getUpdates "HTTP/1.1 200 OK"
2026-03-14 15:53:44,477 [INFO] httpx: HTTP Request: POST https://api.telegram.org/bot8611683567:AAEUSYRNLn-mzLawX3awnTvXJtyTa9x8phg/getUpdates "HTTP/1.1 200 OK"
2026-03-14 15:53:54,513 [INFO] httpx: HTTP Request: POST https://api.telegram.org/bot8611683567:AAEUSYRNLn-mzLawX3awnTvXJtyTa9x8phg/getUpdates "HTTP/1.1 200 OK"
2026-03-14 15:54:04,588 [INFO] httpx: HTTP Request: POST https://api.telegram.org/bot8611683567:AAEUSYRNLn-mzLawX3awnTvXJtyTa9x8phg/getUpdates "HTTP/1.1 200 OK"
2026-03-14 15:54:14,724 [INFO] httpx: HTTP Request: POST https://api.telegram.org/bot8611683567:AAEUSYRNLn-mzLawX3awnTvXJtyTa9x8phg/getUpdates "HTTP/1.1 200 OK"
2026-03-14 15:54:24,861 [INFO] httpx: HTTP Request: POST https://api.telegram.org/bot8611683567:AAEUSYRNLn-mzLawX3awnTvXJtyTa9x8phg/getUpdates "HTTP/1.1 200 OK"
2026-03-14 15:54:35,008 [INFO] httpx: HTTP Request: POST https://api.telegram.org/bot8611683567:AAEUSYRNLn-mzLawX3awnTvXJtyTa9x8phg/getUpdates "HTTP/1.1 200 OK"
2026-03-14 15:54:45,137 [INFO] httpx: HTTP Request: POST https://api.telegram.org/bot8611683567:AAEUSYRNLn-mzLawX3awnTvXJtyTa9x8phg/getUpdates "HTTP/1.1 200 OK"
2026-03-14 15:54:55,275 [INFO] httpx: HTTP Request: POST https://api.telegram.org/bot8611683567:AAEUSYRNLn-mzLawX3awnTvXJtyTa9x8phg/getUpdates "HTTP/1.1 200 OK"
2026-03-14 15:55:05,318 [INFO] httpx: HTTP Request: POST https://api.telegram.org/bot8611683567:AAEUSYRNLn-mzLawX3awnTvXJtyTa9x8phg/getUpdates "HTTP/1.1 200 OK"
2026-03-14 15:55:15,447 [INFO] httpx: HTTP Request: POST https://api.telegram.org/bot8611683567:AAEUSYRNLn-mzLawX3awnTvXJtyTa9x8phg/getUpdates "HTTP/1.1 200 OK"
2026-03-14 15:55:25,585 [INFO] httpx: HTTP Request: POST https://api.telegram.org/bot8611683567:AAEUSYRNLn-mzLawX3awnTvXJtyTa9x8phg/getUpdates "HTTP/1.1 200 OK"
2026-03-14 15:55:35,664 [INFO] httpx: HTTP Request: POST https://api.telegram.org/bot8611683567:AAEUSYRNLn-mzLawX3awnTvXJtyTa9x8phg/getUpdates "HTTP/1.1 200 OK"
2026-03-14 15:55:45,763 [INFO] httpx: HTTP Request: POST https://api.telegram.org/bot8611683567:AAEUSYRNLn-mzLawX3awnTvXJtyTa9x8phg/getUpdates "HTTP/1.1 200 OK"
2026-03-14 15:55:56,010 [INFO] httpx: HTTP Request: POST https://api.telegram.org/bot8611683567:AAEUSYRNLn-mzLawX3awnTvXJtyTa9x8phg/getUpdates "HTTP/1.1 200 OK"
2026-03-14 15:56:06,238 [INFO] httpx: HTTP Request: POST https://api.telegram.org/bot8611683567:AAEUSYRNLn-mzLawX3awnTvXJtyTa9x8phg/getUpdates "HTTP/1.1 200 OK"
2026-03-14 15:56:16,375 [INFO] httpx: HTTP Request: POST https://api.telegram.org/bot8611683567:AAEUSYRNLn-mzLawX3awnTvXJtyTa9x8phg/getUpdates "HTTP/1.1 200 OK"
2026-03-14 15:56:26,514 [INFO] httpx: HTTP Request: POST https://api.telegram.org/bot8611683567:AAEUSYRNLn-mzLawX3awnTvXJtyTa9x8phg/getUpdates "HTTP/1.1 200 OK"
2026-03-14 15:56:36,651 [INFO] httpx: HTTP Request: POST https://api.telegram.org/bot8611683567:AAEUSYRNLn-mzLawX3awnTvXJtyTa9x8phg/getUpdates "HTTP/1.1 200 OK"
2026-03-14 15:56:46,788 [INFO] httpx: HTTP Request: POST https://api.telegram.org/bot8611683567:AAEUSYRNLn-mzLawX3awnTvXJtyTa9x8phg/getUpdates "HTTP/1.1 200 OK"
2026-03-14 15:56:57,041 [INFO] httpx: HTTP Request: POST https://api.telegram.org/bot8611683567:AAEUSYRNLn-mzLawX3awnTvXJtyTa9x8phg/getUpdates "HTTP/1.1 200 OK"
2026-03-14 15:57:07,166 [INFO] httpx: HTTP Request: POST https://api.telegram.org/bot8611683567:AAEUSYRNLn-mzLawX3awnTvXJtyTa9x8phg/getUpdates "HTTP/1.1 200 OK"
2026-03-14 15:57:17,302 [INFO] httpx: HTTP Request: POST https://api.telegram.org/bot8611683567:AAEUSYRNLn-mzLawX3awnTvXJtyTa9x8phg/getUpdates "HTTP/1.1 200 OK"
2026-03-14 15:57:27,443 [INFO] httpx: HTTP Request: POST https://api.telegram.org/bot8611683567:AAEUSYRNLn-mzLawX3awnTvXJtyTa9x8phg/getUpdates "HTTP/1.1 200 OK"
2026-03-14 15:57:37,580 [INFO] httpx: HTTP Request: POST https://api.telegram.org/bot8611683567:AAEUSYRNLn-mzLawX3awnTvXJtyTa9x8phg/getUpdates "HTTP/1.1 200 OK"
2026-03-14 15:57:47,718 [INFO] httpx: HTTP Request: POST https://api.telegram.org/bot8611683567:AAEUSYRNLn-mzLawX3awnTvXJtyTa9x8phg/getUpdates "HTTP/1.1 200 OK"
2026-03-14 15:57:57,854 [INFO] httpx: HTTP Request: POST https://api.telegram.org/bot8611683567:AAEUSYRNLn-mzLawX3awnTvXJtyTa9x8phg/getUpdates "HTTP/1.1 200 OK"
2026-03-14 15:58:07,992 [INFO] httpx: HTTP Request: POST https://api.telegram.org/bot8611683567:AAEUSYRNLn-mzLawX3awnTvXJtyTa9x8phg/getUpdates "HTTP/1.1 200 OK"
2026-03-14 15:58:18,131 [INFO] httpx: HTTP Request: POST https://api.telegram.org/bot8611683567:AAEUSYRNLn-mzLawX3awnTvXJtyTa9x8phg/getUpdates "HTTP/1.1 200 OK"
2026-03-14 15:58:28,268 [INFO] httpx: HTTP Request: POST https://api.telegram.org/bot8611683567:AAEUSYRNLn-mzLawX3awnTvXJtyTa9x8phg/getUpdates "HTTP/1.1 200 OK"
2026-03-14 15:58:38,404 [INFO] httpx: HTTP Request: POST https://api.telegram.org/bot8611683567:AAEUSYRNLn-mzLawX3awnTvXJtyTa9x8phg/getUpdates "HTTP/1.1 200 OK"
2026-03-14 15:58:48,542 [INFO] httpx: HTTP Request: POST https://api.telegram.org/bot8611683567:AAEUSYRNLn-mzLawX3awnTvXJtyTa9x8phg/getUpdates "HTTP/1.1 200 OK"
2026-03-14 15:58:58,680 [INFO] httpx: HTTP Request: POST https://api.telegram.org/bot8611683567:AAEUSYRNLn-mzLawX3awnTvXJtyTa9x8phg/getUpdates "HTTP/1.1 200 OK"
2026-03-14 15:59:08,820 [INFO] httpx: HTTP Request: POST https://api.telegram.org/bot8611683567:AAEUSYRNLn-mzLawX3awnTvXJtyTa9x8phg/getUpdates "HTTP/1.1 200 OK"
2026-03-14 15:59:18,858 [INFO] httpx: HTTP Request: POST https://api.telegram.org/bot8611683567:AAEUSYRNLn-mzLawX3awnTvXJtyTa9x8phg/getUpdates "HTTP/1.1 200 OK"
2026-03-14 15:59:28,990 [INFO] httpx: HTTP Request: POST https://api.telegram.org/bot8611683567:AAEUSYRNLn-mzLawX3awnTvXJtyTa9x8phg/getUpdates "HTTP/1.1 200 OK"
2026-03-14 15:59:39,031 [INFO] httpx: HTTP Request: POST https://api.telegram.org/bot8611683567:AAEUSYRNLn-mzLawX3awnTvXJtyTa9x8phg/getUpdates "HTTP/1.1 200 OK"
2026-03-14 15:59:49,162 [INFO] httpx: HTTP Request: POST https://api.telegram.org/bot8611683567:AAEUSYRNLn-mzLawX3awnTvXJtyTa9x8phg/getUpdates "HTTP/1.1 200 OK"
2026-03-14 15:59:59,303 [INFO] httpx: HTTP Request: POST https://api.telegram.org/bot8611683567:AAEUSYRNLn-mzLawX3awnTvXJtyTa9x8phg/getUpdates "HTTP/1.1 200 OK"
2026-03-14 16:00:09,343 [INFO] httpx: HTTP Request: POST https://api.telegram.org/bot8611683567:AAEUSYRNLn-mzLawX3awnTvXJtyTa9x8phg/getUpdates "HTTP/1.1 200 OK"
2026-03-14 16:00:19,474 [INFO] httpx: HTTP Request: POST https://api.telegram.org/bot8611683567:AAEUSYRNLn-mzLawX3awnTvXJtyTa9x8phg/getUpdates "HTTP/1.1 200 OK"
2026-03-14 16:00:29,612 [INFO] httpx: HTTP Request: POST https://api.telegram.org/bot8611683567:AAEUSYRNLn-mzLawX3awnTvXJtyTa9x8phg/getUpdates "HTTP/1.1 200 OK"
2026-03-14 16:00:39,693 [INFO] httpx: HTTP Request: POST https://api.telegram.org/bot8611683567:AAEUSYRNLn-mzLawX3awnTvXJtyTa9x8phg/getUpdates "HTTP/1.1 200 OK"
2026-03-14 16:00:49,787 [INFO] httpx: HTTP Request: POST https://api.telegram.org/bot8611683567:AAEUSYRNLn-mzLawX3awnTvXJtyTa9x8phg/getUpdates "HTTP/1.1 200 OK"
2026-03-14 16:00:59,921 [INFO] httpx: HTTP Request: POST https://api.telegram.org/bot8611683567:AAEUSYRNLn-mzLawX3awnTvXJtyTa9x8phg/getUpdates "HTTP/1.1 200 OK"
2026-03-14 16:01:10,059 [INFO] httpx: HTTP Request: POST https://api.telegram.org/bot8611683567:AAEUSYRNLn-mzLawX3awnTvXJtyTa9x8phg/getUpdates "HTTP/1.1 200 OK"
2026-03-14 16:01:20,197 [INFO] httpx: HTTP Request: POST https://api.telegram.org/bot8611683567:AAEUSYRNLn-mzLawX3awnTvXJtyTa9x8phg/getUpdates "HTTP/1.1 200 OK"
2026-03-14 16:01:30,337 [INFO] httpx: HTTP Request: POST https://api.telegram.org/bot8611683567:AAEUSYRNLn-mzLawX3awnTvXJtyTa9x8phg/getUpdates "HTTP/1.1 200 OK"
2026-03-14 16:01:40,472 [INFO] httpx: HTTP Request: POST https://api.telegram.org/bot8611683567:AAEUSYRNLn-mzLawX3awnTvXJtyTa9x8phg/getUpdates "HTTP/1.1 200 OK"
2026-03-14 16:01:50,610 [INFO] httpx: HTTP Request: POST https://api.telegram.org/bot8611683567:AAEUSYRNLn-mzLawX3awnTvXJtyTa9x8phg/getUpdates "HTTP/1.1 200 OK"
2026-03-14 16:02:00,705 [INFO] httpx: HTTP Request: POST https://api.telegram.org/bot8611683567:AAEUSYRNLn-mzLawX3awnTvXJtyTa9x8phg/getUpdates "HTTP/1.1 200 OK"
2026-03-14 16:02:10,782 [INFO] httpx: HTTP Request: POST https://api.telegram.org/bot8611683567:AAEUSYRNLn-mzLawX3awnTvXJtyTa9x8phg/getUpdates "HTTP/1.1 200 OK"
2026-03-14 16:02:20,920 [INFO] httpx: HTTP Request: POST https://api.telegram.org/bot8611683567:AAEUSYRNLn-mzLawX3awnTvXJtyTa9x8phg/getUpdates "HTTP/1.1 200 OK"
2026-03-14 16:02:31,058 [INFO] httpx: HTTP Request: POST https://api.telegram.org/bot8611683567:AAEUSYRNLn-mzLawX3awnTvXJtyTa9x8phg/getUpdates "HTTP/1.1 200 OK"
2026-03-14 16:02:41,195 [INFO] httpx: HTTP Request: POST https://api.telegram.org/bot8611683567:AAEUSYRNLn-mzLawX3awnTvXJtyTa9x8phg/getUpdates "HTTP/1.1 200 OK"
2026-03-14 16:02:51,333 [INFO] httpx: HTTP Request: POST https://api.telegram.org/bot8611683567:AAEUSYRNLn-mzLawX3awnTvXJtyTa9x8phg/getUpdates "HTTP/1.1 200 OK"
2026-03-14 16:03:01,474 [INFO] httpx: HTTP Request: POST https://api.telegram.org/bot8611683567:AAEUSYRNLn-mzLawX3awnTvXJtyTa9x8phg/getUpdates "HTTP/1.1 200 OK"
2026-03-14 16:03:11,611 [INFO] httpx: HTTP Request: POST https://api.telegram.org/bot8611683567:AAEUSYRNLn-mzLawX3awnTvXJtyTa9x8phg/getUpdates "HTTP/1.1 200 OK"
2026-03-14 16:03:21,745 [INFO] httpx: HTTP Request: POST https://api.telegram.org/bot8611683567:AAEUSYRNLn-mzLawX3awnTvXJtyTa9x8phg/getUpdates "HTTP/1.1 200 OK"
2026-03-14 16:03:31,882 [INFO] httpx: HTTP Request: POST https://api.telegram.org/bot8611683567:AAEUSYRNLn-mzLawX3awnTvXJtyTa9x8phg/getUpdates "HTTP/1.1 200 OK"
2026-03-14 16:03:42,022 [INFO] httpx: HTTP Request: POST https://api.telegram.org/bot8611683567:AAEUSYRNLn-mzLawX3awnTvXJtyTa9x8phg/getUpdates "HTTP/1.1 200 OK"
2026-03-14 16:03:52,165 [INFO] httpx: HTTP Request: POST https://api.telegram.org/bot8611683567:AAEUSYRNLn-mzLawX3awnTvXJtyTa9x8phg/getUpdates "HTTP/1.1 200 OK"
2026-03-14 16:04:02,303 [INFO] httpx: HTTP Request: POST https://api.telegram.org/bot8611683567:AAEUSYRNLn-mzLawX3awnTvXJtyTa9x8phg/getUpdates "HTTP/1.1 200 OK"
2026-03-14 16:04:12,434 [INFO] httpx: HTTP Request: POST https://api.telegram.org/bot8611683567:AAEUSYRNLn-mzLawX3awnTvXJtyTa9x8phg/getUpdates "HTTP/1.1 200 OK"
2026-03-14 16:04:22,572 [INFO] httpx: HTTP Request: POST https://api.telegram.org/bot8611683567:AAEUSYRNLn-mzLawX3awnTvXJtyTa9x8phg/getUpdates "HTTP/1.1 200 OK"
2026-03-14 16:04:32,775 [INFO] httpx: HTTP Request: POST https://api.telegram.org/bot8611683567:AAEUSYRNLn-mzLawX3awnTvXJtyTa9x8phg/getUpdates "HTTP/1.1 200 OK"
2026-03-14 16:04:42,846 [INFO] httpx: HTTP Request: POST https://api.telegram.org/bot8611683567:AAEUSYRNLn-mzLawX3awnTvXJtyTa9x8phg/getUpdates "HTTP/1.1 200 OK"
2026-03-14 16:04:52,885 [INFO] httpx: HTTP Request: POST https://api.telegram.org/bot8611683567:AAEUSYRNLn-mzLawX3awnTvXJtyTa9x8phg/getUpdates "HTTP/1.1 200 OK"
2026-03-14 16:05:02,925 [INFO] httpx: HTTP Request: POST https://api.telegram.org/bot8611683567:AAEUSYRNLn-mzLawX3awnTvXJtyTa9x8phg/getUpdates "HTTP/1.1 200 OK"
2026-03-14 16:05:13,055 [INFO] httpx: HTTP Request: POST https://api.telegram.org/bot8611683567:AAEUSYRNLn-mzLawX3awnTvXJtyTa9x8phg/getUpdates "HTTP/1.1 200 OK"
2026-03-14 16:05:23,198 [INFO] httpx: HTTP Request: POST https://api.telegram.org/bot8611683567:AAEUSYRNLn-mzLawX3awnTvXJtyTa9x8phg/getUpdates "HTTP/1.1 200 OK"
2026-03-14 16:05:33,329 [INFO] httpx: HTTP Request: POST https://api.telegram.org/bot8611683567:AAEUSYRNLn-mzLawX3awnTvXJtyTa9x8phg/getUpdates "HTTP/1.1 200 OK"
2026-03-14 16:05:43,468 [INFO] httpx: HTTP Request: POST https://api.telegram.org/bot8611683567:AAEUSYRNLn-mzLawX3awnTvXJtyTa9x8phg/getUpdates "HTTP/1.1 200 OK"
2026-03-14 16:05:53,605 [INFO] httpx: HTTP Request: POST https://api.telegram.org/bot8611683567:AAEUSYRNLn-mzLawX3awnTvXJtyTa9x8phg/getUpdates "HTTP/1.1 200 OK"
2026-03-14 16:06:03,743 [INFO] httpx: HTTP Request: POST https://api.telegram.org/bot8611683567:AAEUSYRNLn-mzLawX3awnTvXJtyTa9x8phg/getUpdates "HTTP/1.1 200 OK"
2026-03-14 16:06:13,881 [INFO] httpx: HTTP Request: POST https://api.telegram.org/bot8611683567:AAEUSYRNLn-mzLawX3awnTvXJtyTa9x8phg/getUpdates "HTTP/1.1 200 OK"
2026-03-14 16:06:24,018 [INFO] httpx: HTTP Request: POST https://api.telegram.org/bot8611683567:AAEUSYRNLn-mzLawX3awnTvXJtyTa9x8phg/getUpdates "HTTP/1.1 200 OK"
2026-03-14 16:06:34,057 [INFO] httpx: HTTP Request: POST https://api.telegram.org/bot8611683567:AAEUSYRNLn-mzLawX3awnTvXJtyTa9x8phg/getUpdates "HTTP/1.1 200 OK"
2026-03-14 16:06:44,195 [INFO] httpx: HTTP Request: POST https://api.telegram.org/bot8611683567:AAEUSYRNLn-mzLawX3awnTvXJtyTa9x8phg/getUpdates "HTTP/1.1 200 OK"
2026-03-14 16:06:54,329 [INFO] httpx: HTTP Request: POST https://api.telegram.org/bot8611683567:AAEUSYRNLn-mzLawX3awnTvXJtyTa9x8phg/getUpdates "HTTP/1.1 200 OK"
2026-03-14 16:07:04,367 [INFO] httpx: HTTP Request: POST https://api.telegram.org/bot8611683567:AAEUSYRNLn-mzLawX3awnTvXJtyTa9x8phg/getUpdates "HTTP/1.1 200 OK"
2026-03-14 16:07:14,501 [INFO] httpx: HTTP Request: POST https://api.telegram.org/bot8611683567:AAEUSYRNLn-mzLawX3awnTvXJtyTa9x8phg/getUpdates "HTTP/1.1 200 OK"
2026-03-14 16:07:24,640 [INFO] httpx: HTTP Request: POST https://api.telegram.org/bot8611683567:AAEUSYRNLn-mzLawX3awnTvXJtyTa9x8phg/getUpdates "HTTP/1.1 200 OK"
2026-03-14 16:07:34,776 [INFO] httpx: HTTP Request: POST https://api.telegram.org/bot8611683567:AAEUSYRNLn-mzLawX3awnTvXJtyTa9x8phg/getUpdates "HTTP/1.1 200 OK"
2026-03-14 16:07:45,018 [INFO] httpx: HTTP Request: POST https://api.telegram.org/bot8611683567:AAEUSYRNLn-mzLawX3awnTvXJtyTa9x8phg/getUpdates "HTTP/1.1 200 OK"
2026-03-14 16:07:55,155 [INFO] httpx: HTTP Request: POST https://api.telegram.org/bot8611683567:AAEUSYRNLn-mzLawX3awnTvXJtyTa9x8phg/getUpdates "HTTP/1.1 200 OK"
2026-03-14 16:08:05,292 [INFO] httpx: HTTP Request: POST https://api.telegram.org/bot8611683567:AAEUSYRNLn-mzLawX3awnTvXJtyTa9x8phg/getUpdates "HTTP/1.1 200 OK"
2026-03-14 16:08:15,430 [INFO] httpx: HTTP Request: POST https://api.telegram.org/bot8611683567:AAEUSYRNLn-mzLawX3awnTvXJtyTa9x8phg/getUpdates "HTTP/1.1 200 OK"
2026-03-14 16:08:25,644 [INFO] httpx: HTTP Request: POST https://api.telegram.org/bot8611683567:AAEUSYRNLn-mzLawX3awnTvXJtyTa9x8phg/getUpdates "HTTP/1.1 200 OK"
2026-03-14 16:08:35,705 [INFO] httpx: HTTP Request: POST https://api.telegram.org/bot8611683567:AAEUSYRNLn-mzLawX3awnTvXJtyTa9x8phg/getUpdates "HTTP/1.1 200 OK"
2026-03-15 06:29:35,051 [INFO] __main__: ✅ БД готова
2026-03-15 06:31:04,644 [INFO] __main__: ✅ БД готова
2026-03-15 06:31:05,117 [INFO] apscheduler.scheduler: Adding job tentatively -- it will be properly scheduled when the scheduler starts
2026-03-15 06:31:05,117 [INFO] __main__: 🤖 Бот запущен!
2026-03-15 06:31:05,300 [INFO] httpx: HTTP Request: POST https://api.telegram.org/bot8611683567:AAEUSYRNLn-mzLawX3awnTvXJtyTa9x8phg/getMe "HTTP/1.1 200 OK"
2026-03-15 06:31:05,303 [INFO] apscheduler.scheduler: Added job "main.<locals>.<lambda>" to job store "default"
2026-03-15 06:31:05,303 [INFO] apscheduler.scheduler: Scheduler started
2026-03-15 06:31:05,304 [INFO] __main__: ⏰ Планировщик: каждые 30 мин
2026-03-15 06:31:10,450 [INFO] httpx: HTTP Request: POST https://api.telegram.org/bot8611683567:AAEUSYRNLn-mzLawX3awnTvXJtyTa9x8phg/sendMessage "HTTP/1.1 200 OK"
2026-03-15 06:31:10,453 [INFO] __main__: ▶️  Проверка [15.03.2026 06:31]
2026-03-15 06:31:10,462 [INFO] __main__: 🗑 Очищено старых записей: 10
2026-03-15 06:31:10,464 [INFO] scrapers.teztour: TEZ API: запрос 15.03.2026–04.04.2026
2026-03-15 06:31:13,169 [INFO] scrapers.teztour: TEZ Tour: 100 туров
2026-03-15 06:31:14,442 [INFO] scrapers.novatours: Novatours: токен получен (03096e2114...)
2026-03-15 06:31:14,983 [INFO] scrapers.novatours: Novatours: 10 отелей с ценами
2026-03-15 06:31:15,639 [INFO] __main__: Novatours: 10 туров до фильтра
2026-03-15 06:31:15,639 [INFO] __main__: TEZ Tour: 100 туров до фильтра
2026-03-15 06:31:15,640 [INFO] __main__: Итого до фильтра: 110
2026-03-15 06:31:15,874 [INFO] __main__: ✅ Новых предложений: 37
2026-03-15 06:31:16,078 [INFO] httpx: HTTP Request: POST https://api.telegram.org/bot8611683567:AAEUSYRNLn-mzLawX3awnTvXJtyTa9x8phg/sendPhoto "HTTP/1.1 200 OK"
2026-03-15 06:31:16,275 [INFO] httpx: HTTP Request: POST https://api.telegram.org/bot8611683567:AAEUSYRNLn-mzLawX3awnTvXJtyTa9x8phg/sendPhoto "HTTP/1.1 200 OK"
2026-03-15 06:31:16,426 [INFO] httpx: HTTP Request: POST https://api.telegram.org/bot8611683567:AAEUSYRNLn-mzLawX3awnTvXJtyTa9x8phg/sendPhoto "HTTP/1.1 200 OK"
2026-03-15 06:31:16,603 [INFO] httpx: HTTP Request: POST https://api.telegram.org/bot8611683567:AAEUSYRNLn-mzLawX3awnTvXJtyTa9x8phg/sendPhoto "HTTP/1.1 200 OK"
2026-03-15 06:31:16,767 [INFO] httpx: HTTP Request: POST https://api.telegram.org/bot8611683567:AAEUSYRNLn-mzLawX3awnTvXJtyTa9x8phg/sendPhoto "HTTP/1.1 200 OK"
2026-03-15 06:31:16,877 [INFO] httpx: HTTP Request: POST https://api.telegram.org/bot8611683567:AAEUSYRNLn-mzLawX3awnTvXJtyTa9x8phg/deleteWebhook "HTTP/1.1 200 OK"
2026-03-15 06:31:16,880 [INFO] apscheduler.scheduler: Scheduler started
2026-03-15 06:31:16,882 [INFO] telegram.ext.Application: Application started
2026-03-15 06:31:16,993 [INFO] httpx: HTTP Request: POST https://api.telegram.org/bot8611683567:AAEUSYRNLn-mzLawX3awnTvXJtyTa9x8phg/getUpdates "HTTP/1.1 200 OK"
2026-03-15 06:31:17,054 [INFO] httpx: HTTP Request: POST https://api.telegram.org/bot8611683567:AAEUSYRNLn-mzLawX3awnTvXJtyTa9x8phg/sendMessage "HTTP/1.1 200 OK"
2026-03-15 06:31:17,055 [INFO] scrapers.teztour: TEZ API: запрос 15.03.2026–04.04.2026
2026-03-15 06:31:17,730 [INFO] scrapers.novatours: Novatours: 10 отелей с ценами
2026-03-15 06:31:19,359 [INFO] scrapers.teztour: TEZ Tour: 100 туров
2026-03-15 06:31:19,450 [INFO] httpx: HTTP Request: POST https://api.telegram.org/bot8611683567:AAEUSYRNLn-mzLawX3awnTvXJtyTa9x8phg/sendPhoto "HTTP/1.1 200 OK"
2026-03-15 06:31:19,537 [INFO] httpx: HTTP Request: POST https://api.telegram.org/bot8611683567:AAEUSYRNLn-mzLawX3awnTvXJtyTa9x8phg/sendPhoto "HTTP/1.1 200 OK"
2026-03-15 06:31:19,613 [INFO] httpx: HTTP Request: POST https://api.telegram.org/bot8611683567:AAEUSYRNLn-mzLawX3awnTvXJtyTa9x8phg/sendPhoto "HTTP/1.1 200 OK"
2026-03-15 06:31:19,709 [INFO] httpx: HTTP Request: POST https://api.telegram.org/bot8611683567:AAEUSYRNLn-mzLawX3awnTvXJtyTa9x8phg/sendPhoto "HTTP/1.1 200 OK"
2026-03-15 06:31:19,805 [INFO] httpx: HTTP Request: POST https://api.telegram.org/bot8611683567:AAEUSYRNLn-mzLawX3awnTvXJtyTa9x8phg/sendPhoto "HTTP/1.1 200 OK"
2026-03-15 06:31:19,884 [INFO] httpx: HTTP Request: POST https://api.telegram.org/bot8611683567:AAEUSYRNLn-mzLawX3awnTvXJtyTa9x8phg/sendMessage "HTTP/1.1 200 OK"
2026-03-15 06:31:19,999 [INFO] httpx: HTTP Request: POST https://api.telegram.org/bot8611683567:AAEUSYRNLn-mzLawX3awnTvXJtyTa9x8phg/sendMessage "HTTP/1.1 200 OK"
2026-03-15 06:31:20,068 [INFO] httpx: HTTP Request: POST https://api.telegram.org/bot8611683567:AAEUSYRNLn-mzLawX3awnTvXJtyTa9x8phg/sendMessage "HTTP/1.1 200 OK"
2026-03-15 06:31:20,137 [INFO] httpx: HTTP Request: POST https://api.telegram.org/bot8611683567:AAEUSYRNLn-mzLawX3awnTvXJtyTa9x8phg/sendMessage "HTTP/1.1 200 OK"
2026-03-15 06:31:20,240 [INFO] httpx: HTTP Request: POST https://api.telegram.org/bot8611683567:AAEUSYRNLn-mzLawX3awnTvXJtyTa9x8phg/sendMessage "HTTP/1.1 200 OK"
2026-03-15 06:31:27,032 [INFO] httpx: HTTP Request: POST https://api.telegram.org/bot8611683567:AAEUSYRNLn-mzLawX3awnTvXJtyTa9x8phg/getUpdates "HTTP/1.1 200 OK"
2026-03-15 06:31:37,076 [INFO] httpx: HTTP Request: POST https://api.telegram.org/bot8611683567:AAEUSYRNLn-mzLawX3awnTvXJtyTa9x8phg/getUpdates "HTTP/1.1 200 OK"
2026-03-15 06:31:47,115 [INFO] httpx: HTTP Request: POST https://api.telegram.org/bot8611683567:AAEUSYRNLn-mzLawX3awnTvXJtyTa9x8phg/getUpdates "HTTP/1.1 200 OK"
2026-03-15 06:31:57,156 [INFO] httpx: HTTP Request: POST https://api.telegram.org/bot8611683567:AAEUSYRNLn-mzLawX3awnTvXJtyTa9x8phg/getUpdates "HTTP/1.1 200 OK"
2026-03-15 06:32:07,194 [INFO] httpx: HTTP Request: POST https://api.telegram.org/bot8611683567:AAEUSYRNLn-mzLawX3awnTvXJtyTa9x8phg/getUpdates "HTTP/1.1 200 OK"
2026-03-15 06:32:17,235 [INFO] httpx: HTTP Request: POST https://api.telegram.org/bot8611683567:AAEUSYRNLn-mzLawX3awnTvXJtyTa9x8phg/getUpdates "HTTP/1.1 200 OK"
2026-03-15 06:32:27,269 [INFO] httpx: HTTP Request: POST https://api.telegram.org/bot8611683567:AAEUSYRNLn-mzLawX3awnTvXJtyTa9x8phg/getUpdates "HTTP/1.1 200 OK"
2026-03-15 06:32:37,309 [INFO] httpx: HTTP Request: POST https://api.telegram.org/bot8611683567:AAEUSYRNLn-mzLawX3awnTvXJtyTa9x8phg/getUpdates "HTTP/1.1 200 OK"
2026-03-15 06:32:47,354 [INFO] httpx: HTTP Request: POST https://api.telegram.org/bot8611683567:AAEUSYRNLn-mzLawX3awnTvXJtyTa9x8phg/getUpdates "HTTP/1.1 200 OK"
2026-03-15 06:32:57,395 [INFO] httpx: HTTP Request: POST https://api.telegram.org/bot8611683567:AAEUSYRNLn-mzLawX3awnTvXJtyTa9x8phg/getUpdates "HTTP/1.1 200 OK"
2026-03-15 06:33:07,431 [INFO] httpx: HTTP Request: POST https://api.telegram.org/bot8611683567:AAEUSYRNLn-mzLawX3awnTvXJtyTa9x8phg/getUpdates "HTTP/1.1 200 OK"
2026-03-15 06:33:17,470 [INFO] httpx: HTTP Request: POST https://api.telegram.org/bot8611683567:AAEUSYRNLn-mzLawX3awnTvXJtyTa9x8phg/getUpdates "HTTP/1.1 200 OK"
2026-03-15 06:33:27,504 [INFO] httpx: HTTP Request: POST https://api.telegram.org/bot8611683567:AAEUSYRNLn-mzLawX3awnTvXJtyTa9x8phg/getUpdates "HTTP/1.1 200 OK"
2026-03-15 06:33:37,603 [INFO] httpx: HTTP Request: POST https://api.telegram.org/bot8611683567:AAEUSYRNLn-mzLawX3awnTvXJtyTa9x8phg/getUpdates "HTTP/1.1 200 OK"
2026-03-15 06:33:47,669 [INFO] httpx: HTTP Request: POST https://api.telegram.org/bot8611683567:AAEUSYRNLn-mzLawX3awnTvXJtyTa9x8phg/getUpdates "HTTP/1.1 200 OK"
2026-03-15 06:33:57,706 [INFO] httpx: HTTP Request: POST https://api.telegram.org/bot8611683567:AAEUSYRNLn-mzLawX3awnTvXJtyTa9x8phg/getUpdates "HTTP/1.1 200 OK"
2026-03-15 06:34:02,513 [INFO] httpx: HTTP Request: POST https://api.telegram.org/bot8611683567:AAEUSYRNLn-mzLawX3awnTvXJtyTa9x8phg/getUpdates "HTTP/1.1 200 OK"
2026-03-15 06:34:02,672 [INFO] httpx: HTTP Request: POST https://api.telegram.org/bot8611683567:AAEUSYRNLn-mzLawX3awnTvXJtyTa9x8phg/sendMessage "HTTP/1.1 200 OK"
2026-03-15 06:34:12,586 [INFO] httpx: HTTP Request: POST https://api.telegram.org/bot8611683567:AAEUSYRNLn-mzLawX3awnTvXJtyTa9x8phg/getUpdates "HTTP/1.1 200 OK"
2026-03-15 06:34:22,648 [INFO] httpx: HTTP Request: POST https://api.telegram.org/bot8611683567:AAEUSYRNLn-mzLawX3awnTvXJtyTa9x8phg/getUpdates "HTTP/1.1 200 OK"
2026-03-15 06:34:32,714 [INFO] httpx: HTTP Request: POST https://api.telegram.org/bot8611683567:AAEUSYRNLn-mzLawX3awnTvXJtyTa9x8phg/getUpdates "HTTP/1.1 200 OK"
2026-03-15 06:34:42,754 [INFO] httpx: HTTP Request: POST https://api.telegram.org/bot8611683567:AAEUSYRNLn-mzLawX3awnTvXJtyTa9x8phg/getUpdates "HTTP/1.1 200 OK"
2026-03-15 06:34:52,793 [INFO] httpx: HTTP Request: POST https://api.telegram.org/bot8611683567:AAEUSYRNLn-mzLawX3awnTvXJtyTa9x8phg/getUpdates "HTTP/1.1 200 OK"
2026-03-15 06:35:02,837 [INFO] httpx: HTTP Request: POST https://api.telegram.org/bot8611683567:AAEUSYRNLn-mzLawX3awnTvXJtyTa9x8phg/getUpdates "HTTP/1.1 200 OK"
2026-03-15 06:35:12,876 [INFO] httpx: HTTP Request: POST https://api.telegram.org/bot8611683567:AAEUSYRNLn-mzLawX3awnTvXJtyTa9x8phg/getUpdates "HTTP/1.1 200 OK"
2026-03-15 06:35:22,953 [INFO] httpx: HTTP Request: POST https://api.telegram.org/bot8611683567:AAEUSYRNLn-mzLawX3awnTvXJtyTa9x8phg/getUpdates "HTTP/1.1 200 OK"
2026-03-15 06:35:32,990 [INFO] httpx: HTTP Request: POST https://api.telegram.org/bot8611683567:AAEUSYRNLn-mzLawX3awnTvXJtyTa9x8phg/getUpdates "HTTP/1.1 200 OK"
2026-03-15 06:35:43,026 [INFO] httpx: HTTP Request: POST https://api.telegram.org/bot8611683567:AAEUSYRNLn-mzLawX3awnTvXJtyTa9x8phg/getUpdates "HTTP/1.1 200 OK"
2026-03-15 06:35:53,067 [INFO] httpx: HTTP Request: POST https://api.telegram.org/bot8611683567:AAEUSYRNLn-mzLawX3awnTvXJtyTa9x8phg/getUpdates "HTTP/1.1 200 OK"
2026-03-15 06:36:03,105 [INFO] httpx: HTTP Request: POST https://api.telegram.org/bot8611683567:AAEUSYRNLn-mzLawX3awnTvXJtyTa9x8phg/getUpdates "HTTP/1.1 200 OK"
2026-03-15 06:36:13,142 [INFO] httpx: HTTP Request: POST https://api.telegram.org/bot8611683567:AAEUSYRNLn-mzLawX3awnTvXJtyTa9x8phg/getUpdates "HTTP/1.1 200 OK"
2026-03-15 06:36:23,179 [INFO] httpx: HTTP Request: POST https://api.telegram.org/bot8611683567:AAEUSYRNLn-mzLawX3awnTvXJtyTa9x8phg/getUpdates "HTTP/1.1 200 OK"
2026-03-15 06:36:33,240 [INFO] httpx: HTTP Request: POST https://api.telegram.org/bot8611683567:AAEUSYRNLn-mzLawX3awnTvXJtyTa9x8phg/getUpdates "HTTP/1.1 200 OK"
2026-03-15 06:36:43,280 [INFO] httpx: HTTP Request: POST https://api.telegram.org/bot8611683567:AAEUSYRNLn-mzLawX3awnTvXJtyTa9x8phg/getUpdates "HTTP/1.1 200 OK"
2026-03-15 06:36:51,624 [INFO] httpx: HTTP Request: POST https://api.telegram.org/bot8611683567:AAEUSYRNLn-mzLawX3awnTvXJtyTa9x8phg/getUpdates "HTTP/1.1 200 OK"
2026-03-15 06:36:51,758 [INFO] httpx: HTTP Request: POST https://api.telegram.org/bot8611683567:AAEUSYRNLn-mzLawX3awnTvXJtyTa9x8phg/answerCallbackQuery "HTTP/1.1 200 OK"
2026-03-15 06:36:51,823 [INFO] httpx: HTTP Request: POST https://api.telegram.org/bot8611683567:AAEUSYRNLn-mzLawX3awnTvXJtyTa9x8phg/editMessageText "HTTP/1.1 200 OK"
2026-03-15 06:36:53,716 [INFO] httpx: HTTP Request: POST https://api.telegram.org/bot8611683567:AAEUSYRNLn-mzLawX3awnTvXJtyTa9x8phg/getUpdates "HTTP/1.1 200 OK"
2026-03-15 06:36:53,762 [INFO] httpx: HTTP Request: POST https://api.telegram.org/bot8611683567:AAEUSYRNLn-mzLawX3awnTvXJtyTa9x8phg/answerCallbackQuery "HTTP/1.1 200 OK"
2026-03-15 06:36:53,850 [INFO] httpx: HTTP Request: POST https://api.telegram.org/bot8611683567:AAEUSYRNLn-mzLawX3awnTvXJtyTa9x8phg/editMessageText "HTTP/1.1 200 OK"
2026-03-15 06:36:54,439 [INFO] httpx: HTTP Request: POST https://api.telegram.org/bot8611683567:AAEUSYRNLn-mzLawX3awnTvXJtyTa9x8phg/getUpdates "HTTP/1.1 200 OK"
2026-03-15 06:36:54,507 [INFO] httpx: HTTP Request: POST https://api.telegram.org/bot8611683567:AAEUSYRNLn-mzLawX3awnTvXJtyTa9x8phg/answerCallbackQuery "HTTP/1.1 200 OK"
2026-03-15 06:36:54,578 [INFO] httpx: HTTP Request: POST https://api.telegram.org/bot8611683567:AAEUSYRNLn-mzLawX3awnTvXJtyTa9x8phg/editMessageText "HTTP/1.1 200 OK"
2026-03-15 06:36:56,056 [INFO] httpx: HTTP Request: POST https://api.telegram.org/bot8611683567:AAEUSYRNLn-mzLawX3awnTvXJtyTa9x8phg/getUpdates "HTTP/1.1 200 OK"
2026-03-15 06:36:56,126 [INFO] httpx: HTTP Request: POST https://api.telegram.org/bot8611683567:AAEUSYRNLn-mzLawX3awnTvXJtyTa9x8phg/answerCallbackQuery "HTTP/1.1 200 OK"
2026-03-15 06:36:56,199 [INFO] httpx: HTTP Request: POST https://api.telegram.org/bot8611683567:AAEUSYRNLn-mzLawX3awnTvXJtyTa9x8phg/editMessageText "HTTP/1.1 200 OK"
2026-03-15 06:36:56,870 [INFO] httpx: HTTP Request: POST https://api.telegram.org/bot8611683567:AAEUSYRNLn-mzLawX3awnTvXJtyTa9x8phg/getUpdates "HTTP/1.1 200 OK"
2026-03-15 06:36:56,931 [INFO] httpx: HTTP Request: POST https://api.telegram.org/bot8611683567:AAEUSYRNLn-mzLawX3awnTvXJtyTa9x8phg/answerCallbackQuery "HTTP/1.1 200 OK"
2026-03-15 06:36:57,000 [INFO] httpx: HTTP Request: POST https://api.telegram.org/bot8611683567:AAEUSYRNLn-mzLawX3awnTvXJtyTa9x8phg/editMessageText "HTTP/1.1 200 OK"
2026-03-15 06:36:57,732 [INFO] httpx: HTTP Request: POST https://api.telegram.org/bot8611683567:AAEUSYRNLn-mzLawX3awnTvXJtyTa9x8phg/getUpdates "HTTP/1.1 200 OK"
2026-03-15 06:36:57,778 [INFO] httpx: HTTP Request: POST https://api.telegram.org/bot8611683567:AAEUSYRNLn-mzLawX3awnTvXJtyTa9x8phg/answerCallbackQuery "HTTP/1.1 200 OK"
2026-03-15 06:36:57,859 [INFO] httpx: HTTP Request: POST https://api.telegram.org/bot8611683567:AAEUSYRNLn-mzLawX3awnTvXJtyTa9x8phg/editMessageText "HTTP/1.1 200 OK"
2026-03-15 06:36:58,692 [INFO] httpx: HTTP Request: POST https://api.telegram.org/bot8611683567:AAEUSYRNLn-mzLawX3awnTvXJtyTa9x8phg/getUpdates "HTTP/1.1 200 OK"
2026-03-15 06:36:58,744 [INFO] httpx: HTTP Request: POST https://api.telegram.org/bot8611683567:AAEUSYRNLn-mzLawX3awnTvXJtyTa9x8phg/answerCallbackQuery "HTTP/1.1 200 OK"
2026-03-15 06:36:58,800 [INFO] httpx: HTTP Request: POST https://api.telegram.org/bot8611683567:AAEUSYRNLn-mzLawX3awnTvXJtyTa9x8phg/editMessageText "HTTP/1.1 200 OK"
2026-03-15 06:37:01,156 [INFO] httpx: HTTP Request: POST https://api.telegram.org/bot8611683567:AAEUSYRNLn-mzLawX3awnTvXJtyTa9x8phg/getUpdates "HTTP/1.1 200 OK"
2026-03-15 06:37:01,257 [INFO] httpx: HTTP Request: POST https://api.telegram.org/bot8611683567:AAEUSYRNLn-mzLawX3awnTvXJtyTa9x8phg/answerCallbackQuery "HTTP/1.1 200 OK"
2026-03-15 06:37:01,394 [INFO] httpx: HTTP Request: POST https://api.telegram.org/bot8611683567:AAEUSYRNLn-mzLawX3awnTvXJtyTa9x8phg/editMessageText "HTTP/1.1 200 OK"
2026-03-15 06:37:02,262 [INFO] httpx: HTTP Request: POST https://api.telegram.org/bot8611683567:AAEUSYRNLn-mzLawX3awnTvXJtyTa9x8phg/getUpdates "HTTP/1.1 200 OK"
2026-03-15 06:37:02,353 [INFO] httpx: HTTP Request: POST https://api.telegram.org/bot8611683567:AAEUSYRNLn-mzLawX3awnTvXJtyTa9x8phg/answerCallbackQuery "HTTP/1.1 200 OK"
2026-03-15 06:37:02,425 [INFO] httpx: HTTP Request: POST https://api.telegram.org/bot8611683567:AAEUSYRNLn-mzLawX3awnTvXJtyTa9x8phg/editMessageText "HTTP/1.1 200 OK"
2026-03-15 06:37:04,569 [INFO] httpx: HTTP Request: POST https://api.telegram.org/bot8611683567:AAEUSYRNLn-mzLawX3awnTvXJtyTa9x8phg/getUpdates "HTTP/1.1 200 OK"
2026-03-15 06:37:04,657 [INFO] httpx: HTTP Request: POST https://api.telegram.org/bot8611683567:AAEUSYRNLn-mzLawX3awnTvXJtyTa9x8phg/answerCallbackQuery "HTTP/1.1 200 OK"
2026-03-15 06:37:04,796 [INFO] httpx: HTTP Request: POST https://api.telegram.org/bot8611683567:AAEUSYRNLn-mzLawX3awnTvXJtyTa9x8phg/editMessageText "HTTP/1.1 200 OK"
2026-03-15 06:37:05,482 [INFO] httpx: HTTP Request: POST https://api.telegram.org/bot8611683567:AAEUSYRNLn-mzLawX3awnTvXJtyTa9x8phg/getUpdates "HTTP/1.1 200 OK"
2026-03-15 06:37:05,553 [INFO] httpx: HTTP Request: POST https://api.telegram.org/bot8611683567:AAEUSYRNLn-mzLawX3awnTvXJtyTa9x8phg/answerCallbackQuery "HTTP/1.1 200 OK"
2026-03-15 06:37:05,653 [INFO] httpx: HTTP Request: POST https://api.telegram.org/bot8611683567:AAEUSYRNLn-mzLawX3awnTvXJtyTa9x8phg/editMessageText "HTTP/1.1 200 OK"
2026-03-15 06:37:07,062 [INFO] httpx: HTTP Request: POST https://api.telegram.org/bot8611683567:AAEUSYRNLn-mzLawX3awnTvXJtyTa9x8phg/getUpdates "HTTP/1.1 200 OK"
2026-03-15 06:37:07,109 [INFO] httpx: HTTP Request: POST https://api.telegram.org/bot8611683567:AAEUSYRNLn-mzLawX3awnTvXJtyTa9x8phg/answerCallbackQuery "HTTP/1.1 200 OK"
2026-03-15 06:37:07,188 [INFO] httpx: HTTP Request: POST https://api.telegram.org/bot8611683567:AAEUSYRNLn-mzLawX3awnTvXJtyTa9x8phg/editMessageText "HTTP/1.1 200 OK"
2026-03-15 06:37:17,117 [INFO] httpx: HTTP Request: POST https://api.telegram.org/bot8611683567:AAEUSYRNLn-mzLawX3awnTvXJtyTa9x8phg/getUpdates "HTTP/1.1 200 OK"
2026-03-15 06:37:27,151 [INFO] httpx: HTTP Request: POST https://api.telegram.org/bot8611683567:AAEUSYRNLn-mzLawX3awnTvXJtyTa9x8phg/getUpdates "HTTP/1.1 200 OK"
2026-03-15 06:37:37,190 [INFO] httpx: HTTP Request: POST https://api.telegram.org/bot8611683567:AAEUSYRNLn-mzLawX3awnTvXJtyTa9x8phg/getUpdates "HTTP/1.1 200 OK"
2026-03-15 06:37:47,239 [INFO] httpx: HTTP Request: POST https://api.telegram.org/bot8611683567:AAEUSYRNLn-mzLawX3awnTvXJtyTa9x8phg/getUpdates "HTTP/1.1 200 OK"
2026-03-15 06:37:57,274 [INFO] httpx: HTTP Request: POST https://api.telegram.org/bot8611683567:AAEUSYRNLn-mzLawX3awnTvXJtyTa9x8phg/getUpdates "HTTP/1.1 200 OK"
2026-03-15 06:38:07,312 [INFO] httpx: HTTP Request: POST https://api.telegram.org/bot8611683567:AAEUSYRNLn-mzLawX3awnTvXJtyTa9x8phg/getUpdates "HTTP/1.1 200 OK"
2026-03-15 06:38:17,358 [INFO] httpx: HTTP Request: POST https://api.telegram.org/bot8611683567:AAEUSYRNLn-mzLawX3awnTvXJtyTa9x8phg/getUpdates "HTTP/1.1 200 OK"
2026-03-15 06:38:23,166 [INFO] httpx: HTTP Request: POST https://api.telegram.org/bot8611683567:AAEUSYRNLn-mzLawX3awnTvXJtyTa9x8phg/getUpdates "HTTP/1.1 200 OK"
2026-03-15 06:38:23,167 [INFO] telegram.ext.Application: Application is stopping. This might take a moment.
2026-03-15 06:38:23,168 [INFO] apscheduler.scheduler: Scheduler has been shut down
2026-03-15 06:38:23,186 [INFO] telegram.ext.Application: Application.stop() complete
2026-03-15 06:38:23,187 [INFO] apscheduler.scheduler: Scheduler has been shut down
2026-03-15 06:38:25,204 [INFO] __main__: ✅ БД готова
2026-03-15 06:38:25,659 [INFO] apscheduler.scheduler: Adding job tentatively -- it will be properly scheduled when the scheduler starts
2026-03-15 06:38:25,660 [INFO] __main__: 🤖 Бот запущен!
2026-03-15 06:38:25,839 [INFO] httpx: HTTP Request: POST https://api.telegram.org/bot8611683567:AAEUSYRNLn-mzLawX3awnTvXJtyTa9x8phg/getMe "HTTP/1.1 200 OK"
2026-03-15 06:38:25,840 [INFO] apscheduler.scheduler: Added job "main.<locals>.<lambda>" to job store "default"
2026-03-15 06:38:25,841 [INFO] apscheduler.scheduler: Scheduler started
2026-03-15 06:38:25,841 [INFO] __main__: ⏰ Планировщик: каждые 30 мин
2026-03-15 06:38:31,050 [INFO] httpx: HTTP Request: POST https://api.telegram.org/bot8611683567:AAEUSYRNLn-mzLawX3awnTvXJtyTa9x8phg/sendMessage "HTTP/1.1 200 OK"
2026-03-15 06:38:31,052 [INFO] __main__: ▶️  Проверка [15.03.2026 06:38]
2026-03-15 06:38:31,055 [INFO] scrapers.teztour: TEZ API: запрос 15.03.2026–04.04.2026
2026-03-15 06:38:34,408 [INFO] scrapers.teztour: TEZ Tour: 100 туров
2026-03-15 06:38:37,797 [INFO] scrapers.novatours: Novatours: токен получен (03096e2114...)
2026-03-15 06:38:38,307 [INFO] scrapers.novatours: Novatours: 10 отелей с ценами
2026-03-15 06:38:38,812 [INFO] __main__: Novatours: 10 туров до фильтра
2026-03-15 06:38:38,813 [INFO] __main__: TEZ Tour: 100 туров до фильтра
2026-03-15 06:38:38,814 [INFO] __main__: Итого до фильтра: 110
2026-03-15 06:38:38,897 [INFO] __main__: ✅ Новых предложений: 1
2026-03-15 06:38:39,008 [INFO] httpx: HTTP Request: POST https://api.telegram.org/bot8611683567:AAEUSYRNLn-mzLawX3awnTvXJtyTa9x8phg/deleteWebhook "HTTP/1.1 200 OK"
2026-03-15 06:38:39,010 [INFO] apscheduler.scheduler: Scheduler started
2026-03-15 06:38:39,011 [INFO] telegram.ext.Application: Application started
2026-03-15 06:38:49,124 [INFO] httpx: HTTP Request: POST https://api.telegram.org/bot8611683567:AAEUSYRNLn-mzLawX3awnTvXJtyTa9x8phg/getUpdates "HTTP/1.1 200 OK"
2026-03-15 06:38:59,160 [INFO] httpx: HTTP Request: POST https://api.telegram.org/bot8611683567:AAEUSYRNLn-mzLawX3awnTvXJtyTa9x8phg/getUpdates "HTTP/1.1 200 OK"
2026-03-15 06:39:09,198 [INFO] httpx: HTTP Request: POST https://api.telegram.org/bot8611683567:AAEUSYRNLn-mzLawX3awnTvXJtyTa9x8phg/getUpdates "HTTP/1.1 200 OK"
2026-03-15 06:39:19,233 [INFO] httpx: HTTP Request: POST https://api.telegram.org/bot8611683567:AAEUSYRNLn-mzLawX3awnTvXJtyTa9x8phg/getUpdates "HTTP/1.1 200 OK"
2026-03-15 06:39:29,272 [INFO] httpx: HTTP Request: POST https://api.telegram.org/bot8611683567:AAEUSYRNLn-mzLawX3awnTvXJtyTa9x8phg/getUpdates "HTTP/1.1 200 OK"
2026-03-15 06:39:39,308 [INFO] httpx: HTTP Request: POST https://api.telegram.org/bot8611683567:AAEUSYRNLn-mzLawX3awnTvXJtyTa9x8phg/getUpdates "HTTP/1.1 200 OK"
2026-03-15 06:39:49,345 [INFO] httpx: HTTP Request: POST https://api.telegram.org/bot8611683567:AAEUSYRNLn-mzLawX3awnTvXJtyTa9x8phg/getUpdates "HTTP/1.1 200 OK"
2026-03-15 06:39:59,386 [INFO] httpx: HTTP Request: POST https://api.telegram.org/bot8611683567:AAEUSYRNLn-mzLawX3awnTvXJtyTa9x8phg/getUpdates "HTTP/1.1 200 OK"
2026-03-15 06:40:09,419 [INFO] httpx: HTTP Request: POST https://api.telegram.org/bot8611683567:AAEUSYRNLn-mzLawX3awnTvXJtyTa9x8phg/getUpdates "HTTP/1.1 200 OK"
2026-03-15 06:40:19,454 [INFO] httpx: HTTP Request: POST https://api.telegram.org/bot8611683567:AAEUSYRNLn-mzLawX3awnTvXJtyTa9x8phg/getUpdates "HTTP/1.1 200 OK"
2026-03-15 06:40:29,488 [INFO] httpx: HTTP Request: POST https://api.telegram.org/bot8611683567:AAEUSYRNLn-mzLawX3awnTvXJtyTa9x8phg/getUpdates "HTTP/1.1 200 OK"
2026-03-15 06:40:39,521 [INFO] httpx: HTTP Request: POST https://api.telegram.org/bot8611683567:AAEUSYRNLn-mzLawX3awnTvXJtyTa9x8phg/getUpdates "HTTP/1.1 200 OK"
2026-03-15 06:40:49,555 [INFO] httpx: HTTP Request: POST https://api.telegram.org/bot8611683567:AAEUSYRNLn-mzLawX3awnTvXJtyTa9x8phg/getUpdates "HTTP/1.1 200 OK"
2026-03-15 06:40:59,589 [INFO] httpx: HTTP Request: POST https://api.telegram.org/bot8611683567:AAEUSYRNLn-mzLawX3awnTvXJtyTa9x8phg/getUpdates "HTTP/1.1 200 OK"
2026-03-15 06:41:09,629 [INFO] httpx: HTTP Request: POST https://api.telegram.org/bot8611683567:AAEUSYRNLn-mzLawX3awnTvXJtyTa9x8phg/getUpdates "HTTP/1.1 200 OK"
2026-03-15 06:41:19,689 [INFO] httpx: HTTP Request: POST https://api.telegram.org/bot8611683567:AAEUSYRNLn-mzLawX3awnTvXJtyTa9x8phg/getUpdates "HTTP/1.1 200 OK"
2026-03-15 06:41:29,749 [INFO] httpx: HTTP Request: POST https://api.telegram.org/bot8611683567:AAEUSYRNLn-mzLawX3awnTvXJtyTa9x8phg/getUpdates "HTTP/1.1 200 OK"
2026-03-15 06:41:39,782 [INFO] httpx: HTTP Request: POST https://api.telegram.org/bot8611683567:AAEUSYRNLn-mzLawX3awnTvXJtyTa9x8phg/getUpdates "HTTP/1.1 200 OK"
2026-03-15 06:41:49,822 [INFO] httpx: HTTP Request: POST https://api.telegram.org/bot8611683567:AAEUSYRNLn-mzLawX3awnTvXJtyTa9x8phg/getUpdates "HTTP/1.1 200 OK"
2026-03-15 06:41:59,861 [INFO] httpx: HTTP Request: POST https://api.telegram.org/bot8611683567:AAEUSYRNLn-mzLawX3awnTvXJtyTa9x8phg/getUpdates "HTTP/1.1 200 OK"
2026-03-15 06:42:09,898 [INFO] httpx: HTTP Request: POST https://api.telegram.org/bot8611683567:AAEUSYRNLn-mzLawX3awnTvXJtyTa9x8phg/getUpdates "HTTP/1.1 200 OK"
2026-03-15 06:42:19,936 [INFO] httpx: HTTP Request: POST https://api.telegram.org/bot8611683567:AAEUSYRNLn-mzLawX3awnTvXJtyTa9x8phg/getUpdates "HTTP/1.1 200 OK"
2026-03-15 06:42:29,985 [INFO] httpx: HTTP Request: POST https://api.telegram.org/bot8611683567:AAEUSYRNLn-mzLawX3awnTvXJtyTa9x8phg/getUpdates "HTTP/1.1 200 OK"
2026-03-15 06:42:40,019 [INFO] httpx: HTTP Request: POST https://api.telegram.org/bot8611683567:AAEUSYRNLn-mzLawX3awnTvXJtyTa9x8phg/getUpdates "HTTP/1.1 200 OK"
2026-03-15 06:42:50,055 [INFO] httpx: HTTP Request: POST https://api.telegram.org/bot8611683567:AAEUSYRNLn-mzLawX3awnTvXJtyTa9x8phg/getUpdates "HTTP/1.1 200 OK"
2026-03-15 06:42:53,574 [INFO] httpx: HTTP Request: POST https://api.telegram.org/bot8611683567:AAEUSYRNLn-mzLawX3awnTvXJtyTa9x8phg/getUpdates "HTTP/1.1 200 OK"
2026-03-15 06:42:53,575 [INFO] telegram.ext.Application: Application is stopping. This might take a moment.
2026-03-15 06:42:53,576 [INFO] apscheduler.scheduler: Scheduler has been shut down
2026-03-15 06:42:53,593 [INFO] telegram.ext.Application: Application.stop() complete
2026-03-15 06:42:53,595 [INFO] apscheduler.scheduler: Scheduler has been shut down
2026-03-15 06:42:55,611 [INFO] __main__: ✅ БД готова
2026-03-15 06:42:56,147 [INFO] apscheduler.scheduler: Adding job tentatively -- it will be properly scheduled when the scheduler starts
2026-03-15 06:42:56,147 [INFO] __main__: 🤖 Бот запущен!
2026-03-15 06:42:56,317 [INFO] httpx: HTTP Request: POST https://api.telegram.org/bot8611683567:AAEUSYRNLn-mzLawX3awnTvXJtyTa9x8phg/getMe "HTTP/1.1 200 OK"
2026-03-15 06:42:56,318 [INFO] apscheduler.scheduler: Added job "main.<locals>.<lambda>" to job store "default"
2026-03-15 06:42:56,319 [INFO] apscheduler.scheduler: Scheduler started
2026-03-15 06:42:56,319 [INFO] __main__: ⏰ Планировщик: каждые 30 мин
2026-03-15 06:43:01,447 [INFO] httpx: HTTP Request: POST https://api.telegram.org/bot8611683567:AAEUSYRNLn-mzLawX3awnTvXJtyTa9x8phg/sendMessage "HTTP/1.1 200 OK"
2026-03-15 06:43:01,448 [INFO] __main__: ▶️  Проверка [15.03.2026 06:43]
2026-03-15 06:43:01,451 [INFO] scrapers.teztour: TEZ API: запрос 15.03.2026–04.04.2026
2026-03-15 06:43:05,331 [INFO] scrapers.novatours: Novatours: токен получен (03096e2114...)
2026-03-15 06:43:06,568 [INFO] scrapers.novatours: Novatours: 10 отелей с ценами
2026-03-15 06:43:08,477 [INFO] scrapers.teztour: TEZ Tour: 100 туров
2026-03-15 06:43:11,399 [INFO] __main__: Novatours: 10 туров до фильтра
2026-03-15 06:43:11,400 [INFO] __main__: TEZ Tour: 100 туров до фильтра
2026-03-15 06:43:11,400 [INFO] __main__: Итого до фильтра: 110
2026-03-15 06:43:11,494 [INFO] __main__: ✅ Новых предложений: 0
2026-03-15 06:43:11,605 [INFO] httpx: HTTP Request: POST https://api.telegram.org/bot8611683567:AAEUSYRNLn-mzLawX3awnTvXJtyTa9x8phg/deleteWebhook "HTTP/1.1 200 OK"
2026-03-15 06:43:11,608 [INFO] apscheduler.scheduler: Scheduler started
2026-03-15 06:43:11,609 [INFO] telegram.ext.Application: Application started
2026-03-15 06:43:21,725 [INFO] httpx: HTTP Request: POST https://api.telegram.org/bot8611683567:AAEUSYRNLn-mzLawX3awnTvXJtyTa9x8phg/getUpdates "HTTP/1.1 200 OK"
2026-03-15 06:43:31,766 [INFO] httpx: HTTP Request: POST https://api.telegram.org/bot8611683567:AAEUSYRNLn-mzLawX3awnTvXJtyTa9x8phg/getUpdates "HTTP/1.1 200 OK"
2026-03-15 06:43:41,801 [INFO] httpx: HTTP Request: POST https://api.telegram.org/bot8611683567:AAEUSYRNLn-mzLawX3awnTvXJtyTa9x8phg/getUpdates "HTTP/1.1 200 OK"
2026-03-15 06:43:51,836 [INFO] httpx: HTTP Request: POST https://api.telegram.org/bot8611683567:AAEUSYRNLn-mzLawX3awnTvXJtyTa9x8phg/getUpdates "HTTP/1.1 200 OK"
2026-03-15 06:44:01,921 [INFO] httpx: HTTP Request: POST https://api.telegram.org/bot8611683567:AAEUSYRNLn-mzLawX3awnTvXJtyTa9x8phg/getUpdates "HTTP/1.1 200 OK"
2026-03-15 06:44:11,960 [INFO] httpx: HTTP Request: POST https://api.telegram.org/bot8611683567:AAEUSYRNLn-mzLawX3awnTvXJtyTa9x8phg/getUpdates "HTTP/1.1 200 OK"
2026-03-15 06:44:21,999 [INFO] httpx: HTTP Request: POST https://api.telegram.org/bot8611683567:AAEUSYRNLn-mzLawX3awnTvXJtyTa9x8phg/getUpdates "HTTP/1.1 200 OK"
2026-03-15 06:44:32,043 [INFO] httpx: HTTP Request: POST https://api.telegram.org/bot8611683567:AAEUSYRNLn-mzLawX3awnTvXJtyTa9x8phg/getUpdates "HTTP/1.1 200 OK"
2026-03-15 06:44:42,079 [INFO] httpx: HTTP Request: POST https://api.telegram.org/bot8611683567:AAEUSYRNLn-mzLawX3awnTvXJtyTa9x8phg/getUpdates "HTTP/1.1 200 OK"
2026-03-15 06:44:52,121 [INFO] httpx: HTTP Request: POST https://api.telegram.org/bot8611683567:AAEUSYRNLn-mzLawX3awnTvXJtyTa9x8phg/getUpdates "HTTP/1.1 200 OK"
2026-03-15 06:45:02,160 [INFO] httpx: HTTP Request: POST https://api.telegram.org/bot8611683567:AAEUSYRNLn-mzLawX3awnTvXJtyTa9x8phg/getUpdates "HTTP/1.1 200 OK"
2026-03-15 06:45:12,197 [INFO] httpx: HTTP Request: POST https://api.telegram.org/bot8611683567:AAEUSYRNLn-mzLawX3awnTvXJtyTa9x8phg/getUpdates "HTTP/1.1 200 OK"
2026-03-15 06:45:22,243 [INFO] httpx: HTTP Request: POST https://api.telegram.org/bot8611683567:AAEUSYRNLn-mzLawX3awnTvXJtyTa9x8phg/getUpdates "HTTP/1.1 200 OK"
2026-03-15 06:45:32,280 [INFO] httpx: HTTP Request: POST https://api.telegram.org/bot8611683567:AAEUSYRNLn-mzLawX3awnTvXJtyTa9x8phg/getUpdates "HTTP/1.1 200 OK"
2026-03-15 06:45:42,331 [INFO] httpx: HTTP Request: POST https://api.telegram.org/bot8611683567:AAEUSYRNLn-mzLawX3awnTvXJtyTa9x8phg/getUpdates "HTTP/1.1 200 OK"
2026-03-15 06:45:52,381 [INFO] httpx: HTTP Request: POST https://api.telegram.org/bot8611683567:AAEUSYRNLn-mzLawX3awnTvXJtyTa9x8phg/getUpdates "HTTP/1.1 200 OK"
2026-03-15 06:46:02,424 [INFO] httpx: HTTP Request: POST https://api.telegram.org/bot8611683567:AAEUSYRNLn-mzLawX3awnTvXJtyTa9x8phg/getUpdates "HTTP/1.1 200 OK"
2026-03-15 06:46:12,461 [INFO] httpx: HTTP Request: POST https://api.telegram.org/bot8611683567:AAEUSYRNLn-mzLawX3awnTvXJtyTa9x8phg/getUpdates "HTTP/1.1 200 OK"
2026-03-15 06:46:22,500 [INFO] httpx: HTTP Request: POST https://api.telegram.org/bot8611683567:AAEUSYRNLn-mzLawX3awnTvXJtyTa9x8phg/getUpdates "HTTP/1.1 200 OK"
2026-03-15 06:46:32,564 [INFO] httpx: HTTP Request: POST https://api.telegram.org/bot8611683567:AAEUSYRNLn-mzLawX3awnTvXJtyTa9x8phg/getUpdates "HTTP/1.1 200 OK"
2026-03-15 06:46:42,600 [INFO] httpx: HTTP Request: POST https://api.telegram.org/bot8611683567:AAEUSYRNLn-mzLawX3awnTvXJtyTa9x8phg/getUpdates "HTTP/1.1 200 OK"
2026-03-15 06:46:52,636 [INFO] httpx: HTTP Request: POST https://api.telegram.org/bot8611683567:AAEUSYRNLn-mzLawX3awnTvXJtyTa9x8phg/getUpdates "HTTP/1.1 200 OK"
2026-03-15 06:47:02,673 [INFO] httpx: HTTP Request: POST https://api.telegram.org/bot8611683567:AAEUSYRNLn-mzLawX3awnTvXJtyTa9x8phg/getUpdates "HTTP/1.1 200 OK"
2026-03-15 06:47:12,713 [INFO] httpx: HTTP Request: POST https://api.telegram.org/bot8611683567:AAEUSYRNLn-mzLawX3awnTvXJtyTa9x8phg/getUpdates "HTTP/1.1 200 OK"
2026-03-15 06:47:22,752 [INFO] httpx: HTTP Request: POST https://api.telegram.org/bot8611683567:AAEUSYRNLn-mzLawX3awnTvXJtyTa9x8phg/getUpdates "HTTP/1.1 200 OK"
2026-03-15 06:47:32,793 [INFO] httpx: HTTP Request: POST https://api.telegram.org/bot8611683567:AAEUSYRNLn-mzLawX3awnTvXJtyTa9x8phg/getUpdates "HTTP/1.1 200 OK"
2026-03-15 06:47:42,833 [INFO] httpx: HTTP Request: POST https://api.telegram.org/bot8611683567:AAEUSYRNLn-mzLawX3awnTvXJtyTa9x8phg/getUpdates "HTTP/1.1 200 OK"
2026-03-15 06:47:52,875 [INFO] httpx: HTTP Request: POST https://api.telegram.org/bot8611683567:AAEUSYRNLn-mzLawX3awnTvXJtyTa9x8phg/getUpdates "HTTP/1.1 200 OK"
2026-03-15 06:48:02,912 [INFO] httpx: HTTP Request: POST https://api.telegram.org/bot8611683567:AAEUSYRNLn-mzLawX3awnTvXJtyTa9x8phg/getUpdates "HTTP/1.1 200 OK"
2026-03-15 06:48:12,951 [INFO] httpx: HTTP Request: POST https://api.telegram.org/bot8611683567:AAEUSYRNLn-mzLawX3awnTvXJtyTa9x8phg/getUpdates "HTTP/1.1 200 OK"
2026-03-15 06:48:22,993 [INFO] httpx: HTTP Request: POST https://api.telegram.org/bot8611683567:AAEUSYRNLn-mzLawX3awnTvXJtyTa9x8phg/getUpdates "HTTP/1.1 200 OK"
2026-03-15 06:48:33,031 [INFO] httpx: HTTP Request: POST https://api.telegram.org/bot8611683567:AAEUSYRNLn-mzLawX3awnTvXJtyTa9x8phg/getUpdates "HTTP/1.1 200 OK"
2026-03-15 06:48:43,074 [INFO] httpx: HTTP Request: POST https://api.telegram.org/bot8611683567:AAEUSYRNLn-mzLawX3awnTvXJtyTa9x8phg/getUpdates "HTTP/1.1 200 OK"
2026-03-15 06:48:53,108 [INFO] httpx: HTTP Request: POST https://api.telegram.org/bot8611683567:AAEUSYRNLn-mzLawX3awnTvXJtyTa9x8phg/getUpdates "HTTP/1.1 200 OK"
2026-03-15 06:49:03,143 [INFO] httpx: HTTP Request: POST https://api.telegram.org/bot8611683567:AAEUSYRNLn-mzLawX3awnTvXJtyTa9x8phg/getUpdates "HTTP/1.1 200 OK"
2026-03-15 06:49:13,181 [INFO] httpx: HTTP Request: POST https://api.telegram.org/bot8611683567:AAEUSYRNLn-mzLawX3awnTvXJtyTa9x8phg/getUpdates "HTTP/1.1 200 OK"
2026-03-15 06:49:23,196 [INFO] httpx: HTTP Request: POST https://api.telegram.org/bot8611683567:AAEUSYRNLn-mzLawX3awnTvXJtyTa9x8phg/getUpdates "HTTP/1.1 200 OK"
2026-03-15 06:49:23,197 [INFO] telegram.ext.Application: Application is stopping. This might take a moment.
2026-03-15 06:49:23,197 [INFO] apscheduler.scheduler: Scheduler has been shut down
2026-03-15 06:49:23,219 [INFO] telegram.ext.Application: Application.stop() complete
2026-03-15 06:49:23,220 [INFO] apscheduler.scheduler: Scheduler has been shut down
2026-03-15 06:49:25,268 [INFO] __main__: ✅ БД готова
2026-03-15 06:49:25,712 [INFO] apscheduler.scheduler: Adding job tentatively -- it will be properly scheduled when the scheduler starts
2026-03-15 06:49:25,712 [INFO] __main__: 🤖 Бот запущен!
2026-03-15 06:49:25,884 [INFO] httpx: HTTP Request: POST https://api.telegram.org/bot8611683567:AAEUSYRNLn-mzLawX3awnTvXJtyTa9x8phg/getMe "HTTP/1.1 200 OK"
2026-03-15 06:49:25,886 [INFO] apscheduler.scheduler: Added job "main.<locals>.<lambda>" to job store "default"
2026-03-15 06:49:25,886 [INFO] apscheduler.scheduler: Scheduler started
2026-03-15 06:49:25,887 [INFO] __main__: ⏰ Планировщик: каждые 30 мин
2026-03-15 06:49:31,041 [INFO] httpx: HTTP Request: POST https://api.telegram.org/bot8611683567:AAEUSYRNLn-mzLawX3awnTvXJtyTa9x8phg/sendMessage "HTTP/1.1 200 OK"
2026-03-15 06:49:31,042 [INFO] __main__: ▶️  Проверка [15.03.2026 06:49]
2026-03-15 06:49:31,044 [INFO] scrapers.teztour: TEZ API: запрос 15.03.2026–04.04.2026
2026-03-15 06:49:33,543 [INFO] scrapers.teztour: TEZ Tour: 100 туров
2026-03-15 06:49:34,978 [INFO] scrapers.novatours: Novatours: токен получен (03096e2114...)
2026-03-15 06:49:35,651 [INFO] scrapers.novatours: Novatours: 10 отелей с ценами
2026-03-15 06:49:36,240 [INFO] __main__: Novatours: 10 туров до фильтра
2026-03-15 06:49:36,241 [INFO] __main__: TEZ Tour: 100 туров до фильтра
2026-03-15 06:49:36,241 [INFO] __main__: Итого до фильтра: 110
2026-03-15 06:49:36,244 [INFO] __main__: ✅ Новых предложений: 109
2026-03-15 06:49:36,424 [INFO] httpx: HTTP Request: POST https://api.telegram.org/bot8611683567:AAEUSYRNLn-mzLawX3awnTvXJtyTa9x8phg/sendPhoto "HTTP/1.1 200 OK"
2026-03-15 06:49:36,574 [INFO] httpx: HTTP Request: POST https://api.telegram.org/bot8611683567:AAEUSYRNLn-mzLawX3awnTvXJtyTa9x8phg/sendPhoto "HTTP/1.1 200 OK"
2026-03-15 06:49:36,735 [INFO] httpx: HTTP Request: POST https://api.telegram.org/bot8611683567:AAEUSYRNLn-mzLawX3awnTvXJtyTa9x8phg/sendPhoto "HTTP/1.1 200 OK"
2026-03-15 06:49:36,862 [INFO] httpx: HTTP Request: POST https://api.telegram.org/bot8611683567:AAEUSYRNLn-mzLawX3awnTvXJtyTa9x8phg/sendPhoto "HTTP/1.1 200 OK"
2026-03-15 06:49:37,002 [INFO] httpx: HTTP Request: POST https://api.telegram.org/bot8611683567:AAEUSYRNLn-mzLawX3awnTvXJtyTa9x8phg/sendPhoto "HTTP/1.1 200 OK"
2026-03-15 06:49:37,123 [INFO] httpx: HTTP Request: POST https://api.telegram.org/bot8611683567:AAEUSYRNLn-mzLawX3awnTvXJtyTa9x8phg/sendMessage "HTTP/1.1 200 OK"
2026-03-15 06:49:37,161 [INFO] httpx: HTTP Request: POST https://api.telegram.org/bot8611683567:AAEUSYRNLn-mzLawX3awnTvXJtyTa9x8phg/deleteWebhook "HTTP/1.1 200 OK"
2026-03-15 06:49:37,163 [INFO] apscheduler.scheduler: Scheduler started
2026-03-15 06:49:37,164 [INFO] telegram.ext.Application: Application started
2026-03-15 06:49:47,280 [INFO] httpx: HTTP Request: POST https://api.telegram.org/bot8611683567:AAEUSYRNLn-mzLawX3awnTvXJtyTa9x8phg/getUpdates "HTTP/1.1 200 OK"
2026-03-15 06:49:57,315 [INFO] httpx: HTTP Request: POST https://api.telegram.org/bot8611683567:AAEUSYRNLn-mzLawX3awnTvXJtyTa9x8phg/getUpdates "HTTP/1.1 200 OK"
2026-03-15 06:50:07,349 [INFO] httpx: HTTP Request: POST https://api.telegram.org/bot8611683567:AAEUSYRNLn-mzLawX3awnTvXJtyTa9x8phg/getUpdates "HTTP/1.1 200 OK"
2026-03-15 06:50:17,386 [INFO] httpx: HTTP Request: POST https://api.telegram.org/bot8611683567:AAEUSYRNLn-mzLawX3awnTvXJtyTa9x8phg/getUpdates "HTTP/1.1 200 OK"
2026-03-15 06:50:27,420 [INFO] httpx: HTTP Request: POST https://api.telegram.org/bot8611683567:AAEUSYRNLn-mzLawX3awnTvXJtyTa9x8phg/getUpdates "HTTP/1.1 200 OK"
2026-03-15 06:50:37,456 [INFO] httpx: HTTP Request: POST https://api.telegram.org/bot8611683567:AAEUSYRNLn-mzLawX3awnTvXJtyTa9x8phg/getUpdates "HTTP/1.1 200 OK"
2026-03-15 06:50:47,492 [INFO] httpx: HTTP Request: POST https://api.telegram.org/bot8611683567:AAEUSYRNLn-mzLawX3awnTvXJtyTa9x8phg/getUpdates "HTTP/1.1 200 OK"
2026-03-15 06:50:57,555 [INFO] httpx: HTTP Request: POST https://api.telegram.org/bot8611683567:AAEUSYRNLn-mzLawX3awnTvXJtyTa9x8phg/getUpdates "HTTP/1.1 200 OK"
2026-03-15 06:51:07,607 [INFO] httpx: HTTP Request: POST https://api.telegram.org/bot8611683567:AAEUSYRNLn-mzLawX3awnTvXJtyTa9x8phg/getUpdates "HTTP/1.1 200 OK"
2026-03-15 06:51:17,643 [INFO] httpx: HTTP Request: POST https://api.telegram.org/bot8611683567:AAEUSYRNLn-mzLawX3awnTvXJtyTa9x8phg/getUpdates "HTTP/1.1 200 OK"
2026-03-15 06:51:27,676 [INFO] httpx: HTTP Request: POST https://api.telegram.org/bot8611683567:AAEUSYRNLn-mzLawX3awnTvXJtyTa9x8phg/getUpdates "HTTP/1.1 200 OK"
2026-03-15 06:51:37,711 [INFO] httpx: HTTP Request: POST https://api.telegram.org/bot8611683567:AAEUSYRNLn-mzLawX3awnTvXJtyTa9x8phg/getUpdates "HTTP/1.1 200 OK"
2026-03-15 06:51:47,747 [INFO] httpx: HTTP Request: POST https://api.telegram.org/bot8611683567:AAEUSYRNLn-mzLawX3awnTvXJtyTa9x8phg/getUpdates "HTTP/1.1 200 OK"
2026-03-15 06:51:57,790 [INFO] httpx: HTTP Request: POST https://api.telegram.org/bot8611683567:AAEUSYRNLn-mzLawX3awnTvXJtyTa9x8phg/getUpdates "HTTP/1.1 200 OK"
2026-03-15 06:52:07,825 [INFO] httpx: HTTP Request: POST https://api.telegram.org/bot8611683567:AAEUSYRNLn-mzLawX3awnTvXJtyTa9x8phg/getUpdates "HTTP/1.1 200 OK"
2026-03-15 06:52:17,877 [INFO] httpx: HTTP Request: POST https://api.telegram.org/bot8611683567:AAEUSYRNLn-mzLawX3awnTvXJtyTa9x8phg/getUpdates "HTTP/1.1 200 OK"
2026-03-15 06:52:27,911 [INFO] httpx: HTTP Request: POST https://api.telegram.org/bot8611683567:AAEUSYRNLn-mzLawX3awnTvXJtyTa9x8phg/getUpdates "HTTP/1.1 200 OK"
2026-03-15 06:52:37,945 [INFO] httpx: HTTP Request: POST https://api.telegram.org/bot8611683567:AAEUSYRNLn-mzLawX3awnTvXJtyTa9x8phg/getUpdates "HTTP/1.1 200 OK"
2026-03-15 06:52:47,977 [INFO] httpx: HTTP Request: POST https://api.telegram.org/bot8611683567:AAEUSYRNLn-mzLawX3awnTvXJtyTa9x8phg/getUpdates "HTTP/1.1 200 OK"
2026-03-15 06:52:52,649 [INFO] __main__: ✅ БД готова
2026-03-15 06:52:53,094 [INFO] apscheduler.scheduler: Adding job tentatively -- it will be properly scheduled when the scheduler starts
2026-03-15 06:52:53,095 [INFO] __main__: 🤖 Бот запущен!
2026-03-15 06:52:53,256 [INFO] httpx: HTTP Request: POST https://api.telegram.org/bot8611683567:AAEUSYRNLn-mzLawX3awnTvXJtyTa9x8phg/getMe "HTTP/1.1 200 OK"
2026-03-15 06:52:53,258 [INFO] apscheduler.scheduler: Added job "main.<locals>.<lambda>" to job store "default"
2026-03-15 06:52:53,258 [INFO] apscheduler.scheduler: Scheduler started
2026-03-15 06:52:53,258 [INFO] __main__: ⏰ Планировщик: каждые 30 мин
2026-03-15 06:52:58,455 [INFO] httpx: HTTP Request: POST https://api.telegram.org/bot8611683567:AAEUSYRNLn-mzLawX3awnTvXJtyTa9x8phg/sendMessage "HTTP/1.1 200 OK"
2026-03-15 06:52:58,457 [INFO] __main__: ▶️  Проверка [15.03.2026 06:52]
2026-03-15 06:52:58,459 [INFO] scrapers.teztour: TEZ API: запрос 15.03.2026–04.04.2026
2026-03-15 06:53:02,681 [INFO] scrapers.novatours: Novatours: токен получен (03096e2114...)
2026-03-15 06:53:03,244 [INFO] scrapers.novatours: Novatours: 10 отелей с ценами
2026-03-15 06:53:04,356 [INFO] scrapers.teztour: TEZ Tour: 23 туров
2026-03-15 06:53:04,358 [INFO] __main__: Novatours: 10 туров до фильтра
2026-03-15 06:53:04,359 [INFO] __main__: TEZ Tour: 23 туров до фильтра
2026-03-15 06:53:04,359 [INFO] __main__: Итого до фильтра: 33
2026-03-15 06:53:04,360 [INFO] __main__: ✅ Новых предложений: 32
2026-03-15 06:53:04,528 [INFO] httpx: HTTP Request: POST https://api.telegram.org/bot8611683567:AAEUSYRNLn-mzLawX3awnTvXJtyTa9x8phg/sendPhoto "HTTP/1.1 200 OK"
2026-03-15 06:53:04,739 [INFO] httpx: HTTP Request: POST https://api.telegram.org/bot8611683567:AAEUSYRNLn-mzLawX3awnTvXJtyTa9x8phg/sendPhoto "HTTP/1.1 200 OK"
2026-03-15 06:53:04,938 [INFO] httpx: HTTP Request: POST https://api.telegram.org/bot8611683567:AAEUSYRNLn-mzLawX3awnTvXJtyTa9x8phg/sendPhoto "HTTP/1.1 200 OK"
2026-03-15 06:53:05,125 [INFO] httpx: HTTP Request: POST https://api.telegram.org/bot8611683567:AAEUSYRNLn-mzLawX3awnTvXJtyTa9x8phg/sendPhoto "HTTP/1.1 200 OK"
2026-03-15 06:53:05,329 [INFO] httpx: HTTP Request: POST https://api.telegram.org/bot8611683567:AAEUSYRNLn-mzLawX3awnTvXJtyTa9x8phg/sendPhoto "HTTP/1.1 200 OK"
2026-03-15 06:53:05,454 [INFO] httpx: HTTP Request: POST https://api.telegram.org/bot8611683567:AAEUSYRNLn-mzLawX3awnTvXJtyTa9x8phg/sendMessage "HTTP/1.1 200 OK"
2026-03-15 06:53:05,520 [INFO] httpx: HTTP Request: POST https://api.telegram.org/bot8611683567:AAEUSYRNLn-mzLawX3awnTvXJtyTa9x8phg/deleteWebhook "HTTP/1.1 200 OK"
2026-03-15 06:53:05,523 [INFO] apscheduler.scheduler: Scheduler started
2026-03-15 06:53:05,524 [INFO] telegram.ext.Application: Application started
2026-03-15 06:53:15,652 [INFO] httpx: HTTP Request: POST https://api.telegram.org/bot8611683567:AAEUSYRNLn-mzLawX3awnTvXJtyTa9x8phg/getUpdates "HTTP/1.1 200 OK"
2026-03-15 06:53:25,688 [INFO] httpx: HTTP Request: POST https://api.telegram.org/bot8611683567:AAEUSYRNLn-mzLawX3awnTvXJtyTa9x8phg/getUpdates "HTTP/1.1 200 OK"
2026-03-15 06:53:35,730 [INFO] httpx: HTTP Request: POST https://api.telegram.org/bot8611683567:AAEUSYRNLn-mzLawX3awnTvXJtyTa9x8phg/getUpdates "HTTP/1.1 200 OK"
2026-03-15 06:53:45,805 [INFO] httpx: HTTP Request: POST https://api.telegram.org/bot8611683567:AAEUSYRNLn-mzLawX3awnTvXJtyTa9x8phg/getUpdates "HTTP/1.1 200 OK"
2026-03-15 06:53:55,842 [INFO] httpx: HTTP Request: POST https://api.telegram.org/bot8611683567:AAEUSYRNLn-mzLawX3awnTvXJtyTa9x8phg/getUpdates "HTTP/1.1 200 OK"
2026-03-15 06:54:05,881 [INFO] httpx: HTTP Request: POST https://api.telegram.org/bot8611683567:AAEUSYRNLn-mzLawX3awnTvXJtyTa9x8phg/getUpdates "HTTP/1.1 200 OK"
2026-03-15 06:54:15,916 [INFO] httpx: HTTP Request: POST https://api.telegram.org/bot8611683567:AAEUSYRNLn-mzLawX3awnTvXJtyTa9x8phg/getUpdates "HTTP/1.1 200 OK"
2026-03-15 06:54:25,952 [INFO] httpx: HTTP Request: POST https://api.telegram.org/bot8611683567:AAEUSYRNLn-mzLawX3awnTvXJtyTa9x8phg/getUpdates "HTTP/1.1 200 OK"
2026-03-15 06:54:35,991 [INFO] httpx: HTTP Request: POST https://api.telegram.org/bot8611683567:AAEUSYRNLn-mzLawX3awnTvXJtyTa9x8phg/getUpdates "HTTP/1.1 200 OK"
2026-03-15 06:54:46,028 [INFO] httpx: HTTP Request: POST https://api.telegram.org/bot8611683567:AAEUSYRNLn-mzLawX3awnTvXJtyTa9x8phg/getUpdates "HTTP/1.1 200 OK"
2026-03-15 06:54:56,069 [INFO] httpx: HTTP Request: POST https://api.telegram.org/bot8611683567:AAEUSYRNLn-mzLawX3awnTvXJtyTa9x8phg/getUpdates "HTTP/1.1 200 OK"
2026-03-15 06:55:06,140 [INFO] httpx: HTTP Request: POST https://api.telegram.org/bot8611683567:AAEUSYRNLn-mzLawX3awnTvXJtyTa9x8phg/getUpdates "HTTP/1.1 200 OK"
2026-03-15 06:55:16,193 [INFO] httpx: HTTP Request: POST https://api.telegram.org/bot8611683567:AAEUSYRNLn-mzLawX3awnTvXJtyTa9x8phg/getUpdates "HTTP/1.1 200 OK"
2026-03-15 06:55:26,227 [INFO] httpx: HTTP Request: POST https://api.telegram.org/bot8611683567:AAEUSYRNLn-mzLawX3awnTvXJtyTa9x8phg/getUpdates "HTTP/1.1 200 OK"
2026-03-15 06:55:36,271 [INFO] httpx: HTTP Request: POST https://api.telegram.org/bot8611683567:AAEUSYRNLn-mzLawX3awnTvXJtyTa9x8phg/getUpdates "HTTP/1.1 200 OK"
2026-03-15 06:55:46,310 [INFO] httpx: HTTP Request: POST https://api.telegram.org/bot8611683567:AAEUSYRNLn-mzLawX3awnTvXJtyTa9x8phg/getUpdates "HTTP/1.1 200 OK"
2026-03-15 06:55:56,344 [INFO] httpx: HTTP Request: POST https://api.telegram.org/bot8611683567:AAEUSYRNLn-mzLawX3awnTvXJtyTa9x8phg/getUpdates "HTTP/1.1 200 OK"
2026-03-15 06:56:06,380 [INFO] httpx: HTTP Request: POST https://api.telegram.org/bot8611683567:AAEUSYRNLn-mzLawX3awnTvXJtyTa9x8phg/getUpdates "HTTP/1.1 200 OK"
2026-03-15 06:56:16,419 [INFO] httpx: HTTP Request: POST https://api.telegram.org/bot8611683567:AAEUSYRNLn-mzLawX3awnTvXJtyTa9x8phg/getUpdates "HTTP/1.1 200 OK"
2026-03-15 06:56:26,457 [INFO] httpx: HTTP Request: POST https://api.telegram.org/bot8611683567:AAEUSYRNLn-mzLawX3awnTvXJtyTa9x8phg/getUpdates "HTTP/1.1 200 OK"
2026-03-15 06:56:30,418 [INFO] httpx: HTTP Request: POST https://api.telegram.org/bot8611683567:AAEUSYRNLn-mzLawX3awnTvXJtyTa9x8phg/getUpdates "HTTP/1.1 200 OK"
2026-03-15 06:56:30,419 [INFO] telegram.ext.Application: Application is stopping. This might take a moment.
2026-03-15 06:56:30,420 [INFO] apscheduler.scheduler: Scheduler has been shut down
2026-03-15 06:56:30,444 [INFO] telegram.ext.Application: Application.stop() complete
2026-03-15 06:56:30,445 [INFO] apscheduler.scheduler: Scheduler has been shut down
2026-03-15 06:56:32,833 [INFO] __main__: ✅ БД готова
2026-03-15 06:56:33,299 [INFO] apscheduler.scheduler: Adding job tentatively -- it will be properly scheduled when the scheduler starts
2026-03-15 06:56:33,300 [INFO] __main__: 🤖 Бот запущен!
2026-03-15 06:56:33,611 [INFO] httpx: HTTP Request: POST https://api.telegram.org/bot8611683567:AAEUSYRNLn-mzLawX3awnTvXJtyTa9x8phg/getMe "HTTP/1.1 200 OK"
2026-03-15 06:56:33,612 [INFO] apscheduler.scheduler: Added job "main.<locals>.<lambda>" to job store "default"
2026-03-15 06:56:33,612 [INFO] apscheduler.scheduler: Scheduler started
2026-03-15 06:56:33,613 [INFO] __main__: ⏰ Планировщик: каждые 30 мин
2026-03-15 06:56:38,769 [INFO] httpx: HTTP Request: POST https://api.telegram.org/bot8611683567:AAEUSYRNLn-mzLawX3awnTvXJtyTa9x8phg/sendMessage "HTTP/1.1 200 OK"
2026-03-15 06:56:38,771 [INFO] __main__: ▶️  Проверка [15.03.2026 06:56]
2026-03-15 06:56:38,772 [INFO] scrapers.teztour: TEZ API: запрос 15.03.2026–04.04.2026
2026-03-15 06:56:41,560 [INFO] scrapers.teztour: TEZ Tour: 24 туров
2026-03-15 06:56:42,854 [INFO] scrapers.novatours: Novatours: токен получен (03096e2114...)
2026-03-15 06:56:43,564 [INFO] scrapers.novatours: Novatours: 10 отелей с ценами
2026-03-15 06:56:44,132 [INFO] __main__: Novatours: 10 туров до фильтра
2026-03-15 06:56:44,133 [INFO] __main__: TEZ Tour: 24 туров до фильтра
2026-03-15 06:56:44,133 [INFO] __main__: Итого до фильтра: 34
2026-03-15 06:56:44,134 [INFO] __main__: ✅ Новых предложений: 33
2026-03-15 06:56:44,301 [INFO] httpx: HTTP Request: POST https://api.telegram.org/bot8611683567:AAEUSYRNLn-mzLawX3awnTvXJtyTa9x8phg/sendPhoto "HTTP/1.1 200 OK"
2026-03-15 06:56:44,440 [INFO] httpx: HTTP Request: POST https://api.telegram.org/bot8611683567:AAEUSYRNLn-mzLawX3awnTvXJtyTa9x8phg/sendPhoto "HTTP/1.1 200 OK"
2026-03-15 06:56:44,582 [INFO] httpx: HTTP Request: POST https://api.telegram.org/bot8611683567:AAEUSYRNLn-mzLawX3awnTvXJtyTa9x8phg/sendPhoto "HTTP/1.1 200 OK"
2026-03-15 06:56:44,719 [INFO] httpx: HTTP Request: POST https://api.telegram.org/bot8611683567:AAEUSYRNLn-mzLawX3awnTvXJtyTa9x8phg/sendPhoto "HTTP/1.1 200 OK"
2026-03-15 06:56:44,884 [INFO] httpx: HTTP Request: POST https://api.telegram.org/bot8611683567:AAEUSYRNLn-mzLawX3awnTvXJtyTa9x8phg/sendPhoto "HTTP/1.1 200 OK"
2026-03-15 06:56:45,015 [INFO] httpx: HTTP Request: POST https://api.telegram.org/bot8611683567:AAEUSYRNLn-mzLawX3awnTvXJtyTa9x8phg/sendMessage "HTTP/1.1 200 OK"
2026-03-15 06:56:45,061 [INFO] httpx: HTTP Request: POST https://api.telegram.org/bot8611683567:AAEUSYRNLn-mzLawX3awnTvXJtyTa9x8phg/deleteWebhook "HTTP/1.1 200 OK"
2026-03-15 06:56:45,063 [INFO] apscheduler.scheduler: Scheduler started
2026-03-15 06:56:45,064 [INFO] telegram.ext.Application: Application started
2026-03-15 06:56:55,175 [INFO] httpx: HTTP Request: POST https://api.telegram.org/bot8611683567:AAEUSYRNLn-mzLawX3awnTvXJtyTa9x8phg/getUpdates "HTTP/1.1 200 OK"
2026-03-15 06:57:05,217 [INFO] httpx: HTTP Request: POST https://api.telegram.org/bot8611683567:AAEUSYRNLn-mzLawX3awnTvXJtyTa9x8phg/getUpdates "HTTP/1.1 200 OK"
2026-03-15 06:57:15,252 [INFO] httpx: HTTP Request: POST https://api.telegram.org/bot8611683567:AAEUSYRNLn-mzLawX3awnTvXJtyTa9x8phg/getUpdates "HTTP/1.1 200 OK"
2026-03-15 06:57:25,288 [INFO] httpx: HTTP Request: POST https://api.telegram.org/bot8611683567:AAEUSYRNLn-mzLawX3awnTvXJtyTa9x8phg/getUpdates "HTTP/1.1 200 OK"
2026-03-15 06:57:35,325 [INFO] httpx: HTTP Request: POST https://api.telegram.org/bot8611683567:AAEUSYRNLn-mzLawX3awnTvXJtyTa9x8phg/getUpdates "HTTP/1.1 200 OK"
2026-03-15 06:57:45,365 [INFO] httpx: HTTP Request: POST https://api.telegram.org/bot8611683567:AAEUSYRNLn-mzLawX3awnTvXJtyTa9x8phg/getUpdates "HTTP/1.1 200 OK"
2026-03-15 06:57:55,401 [INFO] httpx: HTTP Request: POST https://api.telegram.org/bot8611683567:AAEUSYRNLn-mzLawX3awnTvXJtyTa9x8phg/getUpdates "HTTP/1.1 200 OK"
2026-03-15 06:58:05,442 [INFO] httpx: HTTP Request: POST https://api.telegram.org/bot8611683567:AAEUSYRNLn-mzLawX3awnTvXJtyTa9x8phg/getUpdates "HTTP/1.1 200 OK"
2026-03-15 06:58:15,496 [INFO] httpx: HTTP Request: POST https://api.telegram.org/bot8611683567:AAEUSYRNLn-mzLawX3awnTvXJtyTa9x8phg/getUpdates "HTTP/1.1 200 OK"
2026-03-15 06:58:25,548 [INFO] httpx: HTTP Request: POST https://api.telegram.org/bot8611683567:AAEUSYRNLn-mzLawX3awnTvXJtyTa9x8phg/getUpdates "HTTP/1.1 200 OK"
2026-03-15 06:59:34,677 [INFO] __main__: ✅ БД готова
2026-03-15 06:59:35,150 [INFO] apscheduler.scheduler: Adding job tentatively -- it will be properly scheduled when the scheduler starts
2026-03-15 06:59:35,150 [INFO] __main__: 🤖 Бот запущен!
2026-03-15 06:59:35,327 [INFO] httpx: HTTP Request: POST https://api.telegram.org/bot8611683567:AAEUSYRNLn-mzLawX3awnTvXJtyTa9x8phg/getMe "HTTP/1.1 200 OK"
2026-03-15 06:59:35,329 [INFO] apscheduler.scheduler: Added job "main.<locals>.<lambda>" to job store "default"
2026-03-15 06:59:35,329 [INFO] apscheduler.scheduler: Scheduler started
2026-03-15 06:59:35,329 [INFO] __main__: ⏰ Планировщик: каждые 30 мин
2026-03-15 06:59:40,481 [INFO] httpx: HTTP Request: POST https://api.telegram.org/bot8611683567:AAEUSYRNLn-mzLawX3awnTvXJtyTa9x8phg/sendMessage "HTTP/1.1 200 OK"
2026-03-15 06:59:40,485 [INFO] __main__: ▶️  Проверка [15.03.2026 06:59]
2026-03-15 06:59:40,486 [INFO] scrapers.teztour: TEZ API: запрос 15.03.2026–04.04.2026
2026-03-15 06:59:43,038 [INFO] scrapers.teztour: TEZ Tour: 24 туров
2026-03-15 06:59:44,458 [INFO] scrapers.novatours: Novatours: токен получен (03096e2114...)
2026-03-15 06:59:46,054 [INFO] scrapers.novatours: Novatours: 10 отелей с ценами
2026-03-15 06:59:51,450 [INFO] __main__: Novatours: 10 туров до фильтра
2026-03-15 06:59:51,450 [INFO] __main__: TEZ Tour: 24 туров до фильтра
2026-03-15 06:59:51,450 [INFO] __main__: Итого до фильтра: 34
2026-03-15 06:59:51,452 [INFO] __main__: ✅ Новых предложений: 33
2026-03-15 06:59:51,608 [INFO] httpx: HTTP Request: POST https://api.telegram.org/bot8611683567:AAEUSYRNLn-mzLawX3awnTvXJtyTa9x8phg/sendPhoto "HTTP/1.1 200 OK"
2026-03-15 06:59:51,736 [INFO] httpx: HTTP Request: POST https://api.telegram.org/bot8611683567:AAEUSYRNLn-mzLawX3awnTvXJtyTa9x8phg/sendPhoto "HTTP/1.1 200 OK"
2026-03-15 06:59:51,871 [INFO] httpx: HTTP Request: POST https://api.telegram.org/bot8611683567:AAEUSYRNLn-mzLawX3awnTvXJtyTa9x8phg/sendPhoto "HTTP/1.1 200 OK"
2026-03-15 06:59:52,009 [INFO] httpx: HTTP Request: POST https://api.telegram.org/bot8611683567:AAEUSYRNLn-mzLawX3awnTvXJtyTa9x8phg/sendPhoto "HTTP/1.1 200 OK"
2026-03-15 06:59:52,147 [INFO] httpx: HTTP Request: POST https://api.telegram.org/bot8611683567:AAEUSYRNLn-mzLawX3awnTvXJtyTa9x8phg/sendPhoto "HTTP/1.1 200 OK"
2026-03-15 06:59:52,268 [INFO] httpx: HTTP Request: POST https://api.telegram.org/bot8611683567:AAEUSYRNLn-mzLawX3awnTvXJtyTa9x8phg/sendMessage "HTTP/1.1 200 OK"
2026-03-15 06:59:52,307 [INFO] httpx: HTTP Request: POST https://api.telegram.org/bot8611683567:AAEUSYRNLn-mzLawX3awnTvXJtyTa9x8phg/deleteWebhook "HTTP/1.1 200 OK"
2026-03-15 06:59:52,310 [INFO] apscheduler.scheduler: Scheduler started
2026-03-15 06:59:52,310 [INFO] telegram.ext.Application: Application started
2026-03-15 07:00:02,423 [INFO] httpx: HTTP Request: POST https://api.telegram.org/bot8611683567:AAEUSYRNLn-mzLawX3awnTvXJtyTa9x8phg/getUpdates "HTTP/1.1 200 OK"
2026-03-15 07:00:12,462 [INFO] httpx: HTTP Request: POST https://api.telegram.org/bot8611683567:AAEUSYRNLn-mzLawX3awnTvXJtyTa9x8phg/getUpdates "HTTP/1.1 200 OK"
2026-03-15 07:00:22,513 [INFO] httpx: HTTP Request: POST https://api.telegram.org/bot8611683567:AAEUSYRNLn-mzLawX3awnTvXJtyTa9x8phg/getUpdates "HTTP/1.1 200 OK"
2026-03-15 07:00:32,554 [INFO] httpx: HTTP Request: POST https://api.telegram.org/bot8611683567:AAEUSYRNLn-mzLawX3awnTvXJtyTa9x8phg/getUpdates "HTTP/1.1 200 OK"
2026-03-15 07:00:42,593 [INFO] httpx: HTTP Request: POST https://api.telegram.org/bot8611683567:AAEUSYRNLn-mzLawX3awnTvXJtyTa9x8phg/getUpdates "HTTP/1.1 200 OK"
2026-03-15 07:00:52,641 [INFO] httpx: HTTP Request: POST https://api.telegram.org/bot8611683567:AAEUSYRNLn-mzLawX3awnTvXJtyTa9x8phg/getUpdates "HTTP/1.1 200 OK"
2026-03-15 07:01:02,710 [INFO] httpx: HTTP Request: POST https://api.telegram.org/bot8611683567:AAEUSYRNLn-mzLawX3awnTvXJtyTa9x8phg/getUpdates "HTTP/1.1 200 OK"
2026-03-15 07:01:12,752 [INFO] httpx: HTTP Request: POST https://api.telegram.org/bot8611683567:AAEUSYRNLn-mzLawX3awnTvXJtyTa9x8phg/getUpdates "HTTP/1.1 200 OK"
2026-03-15 07:01:22,793 [INFO] httpx: HTTP Request: POST https://api.telegram.org/bot8611683567:AAEUSYRNLn-mzLawX3awnTvXJtyTa9x8phg/getUpdates "HTTP/1.1 200 OK"
2026-03-15 07:01:32,836 [INFO] httpx: HTTP Request: POST https://api.telegram.org/bot8611683567:AAEUSYRNLn-mzLawX3awnTvXJtyTa9x8phg/getUpdates "HTTP/1.1 200 OK"
2026-03-15 07:01:39,714 [INFO] httpx: HTTP Request: POST https://api.telegram.org/bot8611683567:AAEUSYRNLn-mzLawX3awnTvXJtyTa9x8phg/getUpdates "HTTP/1.1 200 OK"
2026-03-15 07:01:39,716 [INFO] telegram.ext.Application: Application is stopping. This might take a moment.
2026-03-15 07:01:39,717 [INFO] apscheduler.scheduler: Scheduler has been shut down
2026-03-15 07:01:39,743 [INFO] telegram.ext.Application: Application.stop() complete
2026-03-15 07:01:39,745 [INFO] apscheduler.scheduler: Scheduler has been shut down
2026-03-15 07:01:42,965 [INFO] __main__: ✅ БД готова
2026-03-15 07:01:43,512 [INFO] apscheduler.scheduler: Adding job tentatively -- it will be properly scheduled when the scheduler starts
2026-03-15 07:01:43,512 [INFO] __main__: 🤖 Бот запущен!
2026-03-15 07:01:43,690 [INFO] httpx: HTTP Request: POST https://api.telegram.org/bot8611683567:AAEUSYRNLn-mzLawX3awnTvXJtyTa9x8phg/getMe "HTTP/1.1 200 OK"
2026-03-15 07:01:43,691 [INFO] apscheduler.scheduler: Added job "main.<locals>.<lambda>" to job store "default"
2026-03-15 07:01:43,692 [INFO] apscheduler.scheduler: Scheduler started
2026-03-15 07:01:43,692 [INFO] __main__: ⏰ Планировщик: каждые 30 мин
2026-03-15 07:01:48,840 [INFO] httpx: HTTP Request: POST https://api.telegram.org/bot8611683567:AAEUSYRNLn-mzLawX3awnTvXJtyTa9x8phg/sendMessage "HTTP/1.1 200 OK"
2026-03-15 07:01:48,842 [INFO] __main__: ▶️  Проверка [15.03.2026 07:01]
2026-03-15 07:01:48,843 [INFO] scrapers.teztour: TEZ API: запрос 15.03.2026–04.04.2026
2026-03-15 07:01:51,288 [INFO] scrapers.teztour: TEZ Tour: 24 туров
2026-03-15 07:01:52,960 [INFO] scrapers.novatours: Novatours: токен получен (03096e2114...)
2026-03-15 07:01:53,694 [INFO] scrapers.novatours: Novatours: 10 отелей с ценами
2026-03-15 07:01:54,394 [INFO] __main__: Novatours: 10 туров до фильтра
2026-03-15 07:01:54,395 [INFO] __main__: TEZ Tour: 24 туров до фильтра
2026-03-15 07:01:54,396 [INFO] __main__: Итого до фильтра: 34
2026-03-15 07:01:54,398 [INFO] __main__: ✅ Новых предложений: 33
2026-03-15 07:01:54,596 [INFO] httpx: HTTP Request: POST https://api.telegram.org/bot8611683567:AAEUSYRNLn-mzLawX3awnTvXJtyTa9x8phg/sendPhoto "HTTP/1.1 200 OK"
2026-03-15 07:01:54,743 [INFO] httpx: HTTP Request: POST https://api.telegram.org/bot8611683567:AAEUSYRNLn-mzLawX3awnTvXJtyTa9x8phg/sendPhoto "HTTP/1.1 200 OK"
2026-03-15 07:01:54,881 [INFO] httpx: HTTP Request: POST https://api.telegram.org/bot8611683567:AAEUSYRNLn-mzLawX3awnTvXJtyTa9x8phg/sendPhoto "HTTP/1.1 200 OK"
2026-03-15 07:01:55,018 [INFO] httpx: HTTP Request: POST https://api.telegram.org/bot8611683567:AAEUSYRNLn-mzLawX3awnTvXJtyTa9x8phg/sendPhoto "HTTP/1.1 200 OK"
2026-03-15 07:01:55,163 [INFO] httpx: HTTP Request: POST https://api.telegram.org/bot8611683567:AAEUSYRNLn-mzLawX3awnTvXJtyTa9x8phg/sendPhoto "HTTP/1.1 200 OK"
2026-03-15 07:01:55,778 [INFO] httpx: HTTP Request: POST https://api.telegram.org/bot8611683567:AAEUSYRNLn-mzLawX3awnTvXJtyTa9x8phg/sendPhoto "HTTP/1.1 200 OK"
2026-03-15 07:01:55,921 [INFO] httpx: HTTP Request: POST https://api.telegram.org/bot8611683567:AAEUSYRNLn-mzLawX3awnTvXJtyTa9x8phg/sendPhoto "HTTP/1.1 200 OK"
2026-03-15 07:01:56,036 [INFO] httpx: HTTP Request: POST https://api.telegram.org/bot8611683567:AAEUSYRNLn-mzLawX3awnTvXJtyTa9x8phg/sendMessage "HTTP/1.1 200 OK"
2026-03-15 07:01:56,075 [INFO] httpx: HTTP Request: POST https://api.telegram.org/bot8611683567:AAEUSYRNLn-mzLawX3awnTvXJtyTa9x8phg/deleteWebhook "HTTP/1.1 200 OK"
2026-03-15 07:01:56,079 [INFO] apscheduler.scheduler: Scheduler started
2026-03-15 07:01:56,079 [INFO] telegram.ext.Application: Application started
2026-03-15 07:02:06,187 [INFO] httpx: HTTP Request: POST https://api.telegram.org/bot8611683567:AAEUSYRNLn-mzLawX3awnTvXJtyTa9x8phg/getUpdates "HTTP/1.1 200 OK"
2026-03-15 07:02:16,224 [INFO] httpx: HTTP Request: POST https://api.telegram.org/bot8611683567:AAEUSYRNLn-mzLawX3awnTvXJtyTa9x8phg/getUpdates "HTTP/1.1 200 OK"
2026-03-15 07:02:26,260 [INFO] httpx: HTTP Request: POST https://api.telegram.org/bot8611683567:AAEUSYRNLn-mzLawX3awnTvXJtyTa9x8phg/getUpdates "HTTP/1.1 200 OK"
2026-03-15 07:02:36,295 [INFO] httpx: HTTP Request: POST https://api.telegram.org/bot8611683567:AAEUSYRNLn-mzLawX3awnTvXJtyTa9x8phg/getUpdates "HTTP/1.1 200 OK"
2026-03-15 07:02:46,331 [INFO] httpx: HTTP Request: POST https://api.telegram.org/bot8611683567:AAEUSYRNLn-mzLawX3awnTvXJtyTa9x8phg/getUpdates "HTTP/1.1 200 OK"
2026-03-15 07:02:56,369 [INFO] httpx: HTTP Request: POST https://api.telegram.org/bot8611683567:AAEUSYRNLn-mzLawX3awnTvXJtyTa9x8phg/getUpdates "HTTP/1.1 200 OK"
2026-03-15 07:03:06,411 [INFO] httpx: HTTP Request: POST https://api.telegram.org/bot8611683567:AAEUSYRNLn-mzLawX3awnTvXJtyTa9x8phg/getUpdates "HTTP/1.1 200 OK"
2026-03-15 07:03:16,447 [INFO] httpx: HTTP Request: POST https://api.telegram.org/bot8611683567:AAEUSYRNLn-mzLawX3awnTvXJtyTa9x8phg/getUpdates "HTTP/1.1 200 OK"
2026-03-15 07:03:26,486 [INFO] httpx: HTTP Request: POST https://api.telegram.org/bot8611683567:AAEUSYRNLn-mzLawX3awnTvXJtyTa9x8phg/getUpdates "HTTP/1.1 200 OK"
2026-03-15 07:03:36,527 [INFO] httpx: HTTP Request: POST https://api.telegram.org/bot8611683567:AAEUSYRNLn-mzLawX3awnTvXJtyTa9x8phg/getUpdates "HTTP/1.1 200 OK"
2026-03-15 07:03:46,568 [INFO] httpx: HTTP Request: POST https://api.telegram.org/bot8611683567:AAEUSYRNLn-mzLawX3awnTvXJtyTa9x8phg/getUpdates "HTTP/1.1 200 OK"
2026-03-15 07:03:56,606 [INFO] httpx: HTTP Request: POST https://api.telegram.org/bot8611683567:AAEUSYRNLn-mzLawX3awnTvXJtyTa9x8phg/getUpdates "HTTP/1.1 200 OK"
2026-03-15 07:04:06,643 [INFO] httpx: HTTP Request: POST https://api.telegram.org/bot8611683567:AAEUSYRNLn-mzLawX3awnTvXJtyTa9x8phg/getUpdates "HTTP/1.1 200 OK"
2026-03-15 07:04:16,681 [INFO] httpx: HTTP Request: POST https://api.telegram.org/bot8611683567:AAEUSYRNLn-mzLawX3awnTvXJtyTa9x8phg/getUpdates "HTTP/1.1 200 OK"
2026-03-15 07:04:26,723 [INFO] httpx: HTTP Request: POST https://api.telegram.org/bot8611683567:AAEUSYRNLn-mzLawX3awnTvXJtyTa9x8phg/getUpdates "HTTP/1.1 200 OK"
2026-03-15 07:04:33,655 [INFO] httpx: HTTP Request: POST https://api.telegram.org/bot8611683567:AAEUSYRNLn-mzLawX3awnTvXJtyTa9x8phg/getUpdates "HTTP/1.1 200 OK"
2026-03-15 07:04:33,656 [INFO] telegram.ext.Application: Application is stopping. This might take a moment.
2026-03-15 07:04:33,657 [INFO] apscheduler.scheduler: Scheduler has been shut down
2026-03-15 07:04:33,680 [INFO] telegram.ext.Application: Application.stop() complete
2026-03-15 07:04:33,682 [INFO] apscheduler.scheduler: Scheduler has been shut down
2026-03-15 07:11:36,417 [INFO] __main__: ✅ БД готова
2026-03-15 07:11:36,865 [INFO] apscheduler.scheduler: Adding job tentatively -- it will be properly scheduled when the scheduler starts
2026-03-15 07:11:36,865 [INFO] __main__: 🤖 Бот запущен!
2026-03-15 07:11:37,168 [INFO] httpx: HTTP Request: POST https://api.telegram.org/bot8611683567:AAEUSYRNLn-mzLawX3awnTvXJtyTa9x8phg/getMe "HTTP/1.1 200 OK"
2026-03-15 07:11:37,170 [INFO] apscheduler.scheduler: Added job "main.<locals>.<lambda>" to job store "default"
2026-03-15 07:11:37,170 [INFO] apscheduler.scheduler: Scheduler started
2026-03-15 07:11:37,171 [INFO] __main__: ⏰ Планировщик: каждые 30 мин
2026-03-15 07:11:42,317 [INFO] httpx: HTTP Request: POST https://api.telegram.org/bot8611683567:AAEUSYRNLn-mzLawX3awnTvXJtyTa9x8phg/sendMessage "HTTP/1.1 200 OK"
2026-03-15 07:11:42,319 [INFO] __main__: ▶️  Проверка [15.03.2026 07:11]
2026-03-15 07:11:42,320 [INFO] scrapers.teztour: TEZ API: запрос 15.03.2026–04.04.2026
2026-03-15 07:11:45,041 [INFO] scrapers.teztour: TEZ Tour: 23 туров
2026-03-15 07:11:49,056 [INFO] scrapers.novatours: Novatours: токен получен (03096e2114...)
2026-03-15 07:11:49,649 [INFO] scrapers.novatours: Novatours: 10 отелей с ценами
2026-03-15 07:11:50,192 [INFO] __main__: Novatours: 10 туров до фильтра
2026-03-15 07:11:50,192 [INFO] __main__: TEZ Tour: 23 туров до фильтра
2026-03-15 07:11:50,192 [INFO] __main__: Итого до фильтра: 33
2026-03-15 07:11:50,193 [INFO] __main__: ✅ Новых предложений: 32
2026-03-15 07:11:50,365 [INFO] httpx: HTTP Request: POST https://api.telegram.org/bot8611683567:AAEUSYRNLn-mzLawX3awnTvXJtyTa9x8phg/sendPhoto "HTTP/1.1 200 OK"
2026-03-15 07:11:50,547 [INFO] httpx: HTTP Request: POST https://api.telegram.org/bot8611683567:AAEUSYRNLn-mzLawX3awnTvXJtyTa9x8phg/sendPhoto "HTTP/1.1 200 OK"
2026-03-15 07:11:50,720 [INFO] httpx: HTTP Request: POST https://api.telegram.org/bot8611683567:AAEUSYRNLn-mzLawX3awnTvXJtyTa9x8phg/sendPhoto "HTTP/1.1 200 OK"
2026-03-15 07:11:50,875 [INFO] httpx: HTTP Request: POST https://api.telegram.org/bot8611683567:AAEUSYRNLn-mzLawX3awnTvXJtyTa9x8phg/sendPhoto "HTTP/1.1 200 OK"
2026-03-15 07:11:51,080 [INFO] httpx: HTTP Request: POST https://api.telegram.org/bot8611683567:AAEUSYRNLn-mzLawX3awnTvXJtyTa9x8phg/sendPhoto "HTTP/1.1 200 OK"
2026-03-15 07:11:51,240 [INFO] httpx: HTTP Request: POST https://api.telegram.org/bot8611683567:AAEUSYRNLn-mzLawX3awnTvXJtyTa9x8phg/sendPhoto "HTTP/1.1 200 OK"
2026-03-15 07:11:51,473 [INFO] httpx: HTTP Request: POST https://api.telegram.org/bot8611683567:AAEUSYRNLn-mzLawX3awnTvXJtyTa9x8phg/sendPhoto "HTTP/1.1 200 OK"
2026-03-15 07:11:51,619 [INFO] httpx: HTTP Request: POST https://api.telegram.org/bot8611683567:AAEUSYRNLn-mzLawX3awnTvXJtyTa9x8phg/sendMessage "HTTP/1.1 200 OK"
2026-03-15 07:11:51,654 [INFO] httpx: HTTP Request: POST https://api.telegram.org/bot8611683567:AAEUSYRNLn-mzLawX3awnTvXJtyTa9x8phg/deleteWebhook "HTTP/1.1 200 OK"
2026-03-15 07:11:51,657 [INFO] apscheduler.scheduler: Scheduler started
2026-03-15 07:11:51,657 [INFO] telegram.ext.Application: Application started
2026-03-15 07:12:01,767 [INFO] httpx: HTTP Request: POST https://api.telegram.org/bot8611683567:AAEUSYRNLn-mzLawX3awnTvXJtyTa9x8phg/getUpdates "HTTP/1.1 200 OK"
2026-03-15 07:12:11,801 [INFO] httpx: HTTP Request: POST https://api.telegram.org/bot8611683567:AAEUSYRNLn-mzLawX3awnTvXJtyTa9x8phg/getUpdates "HTTP/1.1 200 OK"
2026-03-15 07:12:21,835 [INFO] httpx: HTTP Request: POST https://api.telegram.org/bot8611683567:AAEUSYRNLn-mzLawX3awnTvXJtyTa9x8phg/getUpdates "HTTP/1.1 200 OK"
2026-03-15 07:12:31,871 [INFO] httpx: HTTP Request: POST https://api.telegram.org/bot8611683567:AAEUSYRNLn-mzLawX3awnTvXJtyTa9x8phg/getUpdates "HTTP/1.1 200 OK"
2026-03-15 07:12:41,915 [INFO] httpx: HTTP Request: POST https://api.telegram.org/bot8611683567:AAEUSYRNLn-mzLawX3awnTvXJtyTa9x8phg/getUpdates "HTTP/1.1 200 OK"
2026-03-15 07:12:51,949 [INFO] httpx: HTTP Request: POST https://api.telegram.org/bot8611683567:AAEUSYRNLn-mzLawX3awnTvXJtyTa9x8phg/getUpdates "HTTP/1.1 200 OK"
2026-03-15 07:13:01,984 [INFO] httpx: HTTP Request: POST https://api.telegram.org/bot8611683567:AAEUSYRNLn-mzLawX3awnTvXJtyTa9x8phg/getUpdates "HTTP/1.1 200 OK"
2026-03-15 07:13:12,017 [INFO] httpx: HTTP Request: POST https://api.telegram.org/bot8611683567:AAEUSYRNLn-mzLawX3awnTvXJtyTa9x8phg/getUpdates "HTTP/1.1 200 OK"
2026-03-15 07:13:22,052 [INFO] httpx: HTTP Request: POST https://api.telegram.org/bot8611683567:AAEUSYRNLn-mzLawX3awnTvXJtyTa9x8phg/getUpdates "HTTP/1.1 200 OK"
2026-03-15 07:13:32,086 [INFO] httpx: HTTP Request: POST https://api.telegram.org/bot8611683567:AAEUSYRNLn-mzLawX3awnTvXJtyTa9x8phg/getUpdates "HTTP/1.1 200 OK"
2026-03-15 07:13:42,125 [INFO] httpx: HTTP Request: POST https://api.telegram.org/bot8611683567:AAEUSYRNLn-mzLawX3awnTvXJtyTa9x8phg/getUpdates "HTTP/1.1 200 OK"
2026-03-15 07:13:52,174 [INFO] httpx: HTTP Request: POST https://api.telegram.org/bot8611683567:AAEUSYRNLn-mzLawX3awnTvXJtyTa9x8phg/getUpdates "HTTP/1.1 200 OK"
2026-03-15 07:14:02,212 [INFO] httpx: HTTP Request: POST https://api.telegram.org/bot8611683567:AAEUSYRNLn-mzLawX3awnTvXJtyTa9x8phg/getUpdates "HTTP/1.1 200 OK"
2026-03-15 07:14:12,254 [INFO] httpx: HTTP Request: POST https://api.telegram.org/bot8611683567:AAEUSYRNLn-mzLawX3awnTvXJtyTa9x8phg/getUpdates "HTTP/1.1 200 OK"
2026-03-15 07:14:22,294 [INFO] httpx: HTTP Request: POST https://api.telegram.org/bot8611683567:AAEUSYRNLn-mzLawX3awnTvXJtyTa9x8phg/getUpdates "HTTP/1.1 200 OK"
2026-03-15 07:14:32,329 [INFO] httpx: HTTP Request: POST https://api.telegram.org/bot8611683567:AAEUSYRNLn-mzLawX3awnTvXJtyTa9x8phg/getUpdates "HTTP/1.1 200 OK"
2026-03-15 07:14:42,367 [INFO] httpx: HTTP Request: POST https://api.telegram.org/bot8611683567:AAEUSYRNLn-mzLawX3awnTvXJtyTa9x8phg/getUpdates "HTTP/1.1 200 OK"
2026-03-15 07:14:52,400 [INFO] httpx: HTTP Request: POST https://api.telegram.org/bot8611683567:AAEUSYRNLn-mzLawX3awnTvXJtyTa9x8phg/getUpdates "HTTP/1.1 200 OK"
2026-03-15 07:15:02,433 [INFO] httpx: HTTP Request: POST https://api.telegram.org/bot8611683567:AAEUSYRNLn-mzLawX3awnTvXJtyTa9x8phg/getUpdates "HTTP/1.1 200 OK"
2026-03-15 07:15:12,468 [INFO] httpx: HTTP Request: POST https://api.telegram.org/bot8611683567:AAEUSYRNLn-mzLawX3awnTvXJtyTa9x8phg/getUpdates "HTTP/1.1 200 OK"
2026-03-15 07:15:22,504 [INFO] httpx: HTTP Request: POST https://api.telegram.org/bot8611683567:AAEUSYRNLn-mzLawX3awnTvXJtyTa9x8phg/getUpdates "HTTP/1.1 200 OK"
2026-03-15 07:15:31,653 [INFO] httpx: HTTP Request: POST https://api.telegram.org/bot8611683567:AAEUSYRNLn-mzLawX3awnTvXJtyTa9x8phg/getUpdates "HTTP/1.1 200 OK"
2026-03-15 07:15:31,654 [INFO] telegram.ext.Application: Application is stopping. This might take a moment.
2026-03-15 07:15:31,655 [INFO] apscheduler.scheduler: Scheduler has been shut down
2026-03-15 07:15:31,674 [INFO] telegram.ext.Application: Application.stop() complete
2026-03-15 07:15:31,675 [INFO] apscheduler.scheduler: Scheduler has been shut down
2026-03-15 07:20:55,492 [INFO] __main__: ✅ БД готова
2026-03-15 07:20:55,919 [INFO] apscheduler.scheduler: Adding job tentatively -- it will be properly scheduled when the scheduler starts
2026-03-15 07:20:55,920 [INFO] __main__: 🤖 Бот запущен!
2026-03-15 07:20:56,107 [INFO] httpx: HTTP Request: POST https://api.telegram.org/bot8611683567:AAEUSYRNLn-mzLawX3awnTvXJtyTa9x8phg/getMe "HTTP/1.1 200 OK"
2026-03-15 07:20:56,108 [INFO] apscheduler.scheduler: Added job "main.<locals>.<lambda>" to job store "default"
2026-03-15 07:20:56,109 [INFO] apscheduler.scheduler: Scheduler started
2026-03-15 07:20:56,109 [INFO] __main__: ⏰ Планировщик: каждые 30 мин
2026-03-15 07:21:01,267 [INFO] httpx: HTTP Request: POST https://api.telegram.org/bot8611683567:AAEUSYRNLn-mzLawX3awnTvXJtyTa9x8phg/sendMessage "HTTP/1.1 200 OK"
2026-03-15 07:21:01,268 [INFO] __main__: ▶️  Проверка [15.03.2026 07:21]
2026-03-15 07:21:08,332 [INFO] scrapers.novatours: Novatours: токен получен (03096e2114...)
2026-03-15 07:21:09,008 [INFO] scrapers.teztour: TEZ API: запрос 15.03.2026–04.04.2026
2026-03-15 07:21:10,627 [INFO] scrapers.novatours: Novatours: 10 отелей с ценами
2026-03-15 07:21:11,113 [INFO] scrapers.teztour: TEZ Tour: 24 туров
2026-03-15 07:21:17,222 [INFO] __main__: Novatours: 10 туров до фильтра
2026-03-15 07:21:17,223 [INFO] __main__: TEZ Tour: 24 туров до фильтра
2026-03-15 07:21:17,223 [INFO] __main__: Итого до фильтра: 34
2026-03-15 07:21:17,225 [INFO] __main__: ✅ Новых предложений: 33
2026-03-15 07:21:17,392 [INFO] httpx: HTTP Request: POST https://api.telegram.org/bot8611683567:AAEUSYRNLn-mzLawX3awnTvXJtyTa9x8phg/sendPhoto "HTTP/1.1 200 OK"
2026-03-15 07:21:17,540 [INFO] httpx: HTTP Request: POST https://api.telegram.org/bot8611683567:AAEUSYRNLn-mzLawX3awnTvXJtyTa9x8phg/sendPhoto "HTTP/1.1 200 OK"
2026-03-15 07:21:17,674 [INFO] httpx: HTTP Request: POST https://api.telegram.org/bot8611683567:AAEUSYRNLn-mzLawX3awnTvXJtyTa9x8phg/sendPhoto "HTTP/1.1 200 OK"
2026-03-15 07:21:17,806 [INFO] httpx: HTTP Request: POST https://api.telegram.org/bot8611683567:AAEUSYRNLn-mzLawX3awnTvXJtyTa9x8phg/sendPhoto "HTTP/1.1 200 OK"
2026-03-15 07:21:17,929 [INFO] httpx: HTTP Request: POST https://api.telegram.org/bot8611683567:AAEUSYRNLn-mzLawX3awnTvXJtyTa9x8phg/sendPhoto "HTTP/1.1 200 OK"
2026-03-15 07:21:18,053 [INFO] httpx: HTTP Request: POST https://api.telegram.org/bot8611683567:AAEUSYRNLn-mzLawX3awnTvXJtyTa9x8phg/sendPhoto "HTTP/1.1 200 OK"
2026-03-15 07:21:18,191 [INFO] httpx: HTTP Request: POST https://api.telegram.org/bot8611683567:AAEUSYRNLn-mzLawX3awnTvXJtyTa9x8phg/sendPhoto "HTTP/1.1 200 OK"
2026-03-15 07:21:18,308 [INFO] httpx: HTTP Request: POST https://api.telegram.org/bot8611683567:AAEUSYRNLn-mzLawX3awnTvXJtyTa9x8phg/sendMessage "HTTP/1.1 200 OK"
2026-03-15 07:21:18,341 [INFO] httpx: HTTP Request: POST https://api.telegram.org/bot8611683567:AAEUSYRNLn-mzLawX3awnTvXJtyTa9x8phg/deleteWebhook "HTTP/1.1 200 OK"
2026-03-15 07:21:18,345 [INFO] apscheduler.scheduler: Scheduler started
2026-03-15 07:21:18,346 [INFO] telegram.ext.Application: Application started
2026-03-15 07:21:28,453 [INFO] httpx: HTTP Request: POST https://api.telegram.org/bot8611683567:AAEUSYRNLn-mzLawX3awnTvXJtyTa9x8phg/getUpdates "HTTP/1.1 200 OK"
2026-03-15 07:21:38,488 [INFO] httpx: HTTP Request: POST https://api.telegram.org/bot8611683567:AAEUSYRNLn-mzLawX3awnTvXJtyTa9x8phg/getUpdates "HTTP/1.1 200 OK"
2026-03-15 07:21:48,526 [INFO] httpx: HTTP Request: POST https://api.telegram.org/bot8611683567:AAEUSYRNLn-mzLawX3awnTvXJtyTa9x8phg/getUpdates "HTTP/1.1 200 OK"
2026-03-15 07:21:58,564 [INFO] httpx: HTTP Request: POST https://api.telegram.org/bot8611683567:AAEUSYRNLn-mzLawX3awnTvXJtyTa9x8phg/getUpdates "HTTP/1.1 200 OK"
2026-03-15 07:22:08,604 [INFO] httpx: HTTP Request: POST https://api.telegram.org/bot8611683567:AAEUSYRNLn-mzLawX3awnTvXJtyTa9x8phg/getUpdates "HTTP/1.1 200 OK"
2026-03-15 07:22:18,644 [INFO] httpx: HTTP Request: POST https://api.telegram.org/bot8611683567:AAEUSYRNLn-mzLawX3awnTvXJtyTa9x8phg/getUpdates "HTTP/1.1 200 OK"
2026-03-15 07:22:28,682 [INFO] httpx: HTTP Request: POST https://api.telegram.org/bot8611683567:AAEUSYRNLn-mzLawX3awnTvXJtyTa9x8phg/getUpdates "HTTP/1.1 200 OK"
2026-03-15 07:22:38,739 [INFO] httpx: HTTP Request: POST https://api.telegram.org/bot8611683567:AAEUSYRNLn-mzLawX3awnTvXJtyTa9x8phg/getUpdates "HTTP/1.1 200 OK"
2026-03-15 07:22:48,776 [INFO] httpx: HTTP Request: POST https://api.telegram.org/bot8611683567:AAEUSYRNLn-mzLawX3awnTvXJtyTa9x8phg/getUpdates "HTTP/1.1 200 OK"
2026-03-15 07:22:58,811 [INFO] httpx: HTTP Request: POST https://api.telegram.org/bot8611683567:AAEUSYRNLn-mzLawX3awnTvXJtyTa9x8phg/getUpdates "HTTP/1.1 200 OK"
2026-03-15 07:27:20,978 [INFO] __main__: ✅ БД готова
2026-03-15 07:27:21,432 [INFO] apscheduler.scheduler: Adding job tentatively -- it will be properly scheduled when the scheduler starts
2026-03-15 07:27:21,433 [INFO] __main__: 🤖 Бот запущен!
2026-03-15 07:27:21,610 [INFO] httpx: HTTP Request: POST https://api.telegram.org/bot8611683567:AAEUSYRNLn-mzLawX3awnTvXJtyTa9x8phg/getMe "HTTP/1.1 200 OK"
2026-03-15 07:27:21,612 [INFO] apscheduler.scheduler: Added job "main.<locals>.<lambda>" to job store "default"
2026-03-15 07:27:21,612 [INFO] apscheduler.scheduler: Scheduler started
2026-03-15 07:27:21,612 [INFO] __main__: ⏰ Планировщик: каждые 30 мин
2026-03-15 07:27:26,791 [INFO] httpx: HTTP Request: POST https://api.telegram.org/bot8611683567:AAEUSYRNLn-mzLawX3awnTvXJtyTa9x8phg/sendMessage "HTTP/1.1 200 OK"
2026-03-15 07:27:26,897 [INFO] __main__: ▶️  Проверка [15.03.2026 07:27]
2026-03-15 07:27:26,898 [INFO] scrapers.teztour: TEZ API: запрос 15.03.2026–04.04.2026
2026-03-15 07:27:30,916 [INFO] scrapers.novatours: Novatours: токен получен (03096e2114...)
2026-03-15 07:27:31,276 [INFO] scrapers.teztour: TEZ Tour: 23 туров
2026-03-15 07:27:31,444 [INFO] scrapers.novatours: Novatours: 10 отелей с ценами
2026-03-15 07:27:31,963 [INFO] __main__: Novatours: 10 туров до фильтра
2026-03-15 07:27:31,963 [INFO] __main__: TEZ Tour: 23 туров до фильтра
2026-03-15 07:27:31,963 [INFO] __main__: Итого до фильтра: 33
2026-03-15 07:27:31,964 [INFO] __main__: ✅ Новых предложений: 32
2026-03-15 07:27:32,110 [INFO] httpx: HTTP Request: POST https://api.telegram.org/bot8611683567:AAEUSYRNLn-mzLawX3awnTvXJtyTa9x8phg/sendPhoto "HTTP/1.1 200 OK"
2026-03-15 07:27:32,299 [INFO] httpx: HTTP Request: POST https://api.telegram.org/bot8611683567:AAEUSYRNLn-mzLawX3awnTvXJtyTa9x8phg/sendPhoto "HTTP/1.1 200 OK"
2026-03-15 07:27:32,484 [INFO] httpx: HTTP Request: POST https://api.telegram.org/bot8611683567:AAEUSYRNLn-mzLawX3awnTvXJtyTa9x8phg/sendPhoto "HTTP/1.1 200 OK"
2026-03-15 07:27:32,658 [INFO] httpx: HTTP Request: POST https://api.telegram.org/bot8611683567:AAEUSYRNLn-mzLawX3awnTvXJtyTa9x8phg/sendPhoto "HTTP/1.1 200 OK"
2026-03-15 07:27:32,801 [INFO] httpx: HTTP Request: POST https://api.telegram.org/bot8611683567:AAEUSYRNLn-mzLawX3awnTvXJtyTa9x8phg/sendPhoto "HTTP/1.1 200 OK"
2026-03-15 07:27:32,960 [INFO] httpx: HTTP Request: POST https://api.telegram.org/bot8611683567:AAEUSYRNLn-mzLawX3awnTvXJtyTa9x8phg/sendPhoto "HTTP/1.1 200 OK"
2026-03-15 07:27:33,092 [INFO] httpx: HTTP Request: POST https://api.telegram.org/bot8611683567:AAEUSYRNLn-mzLawX3awnTvXJtyTa9x8phg/sendPhoto "HTTP/1.1 200 OK"
2026-03-15 07:27:33,223 [INFO] httpx: HTTP Request: POST https://api.telegram.org/bot8611683567:AAEUSYRNLn-mzLawX3awnTvXJtyTa9x8phg/sendMessage "HTTP/1.1 200 OK"
2026-03-15 07:27:33,259 [INFO] httpx: HTTP Request: POST https://api.telegram.org/bot8611683567:AAEUSYRNLn-mzLawX3awnTvXJtyTa9x8phg/deleteWebhook "HTTP/1.1 200 OK"
2026-03-15 07:27:33,260 [INFO] apscheduler.scheduler: Scheduler started
2026-03-15 07:27:33,260 [INFO] telegram.ext.Application: Application started
2026-03-15 07:27:43,367 [INFO] httpx: HTTP Request: POST https://api.telegram.org/bot8611683567:AAEUSYRNLn-mzLawX3awnTvXJtyTa9x8phg/getUpdates "HTTP/1.1 200 OK"
2026-03-15 07:27:53,401 [INFO] httpx: HTTP Request: POST https://api.telegram.org/bot8611683567:AAEUSYRNLn-mzLawX3awnTvXJtyTa9x8phg/getUpdates "HTTP/1.1 200 OK"
2026-03-15 07:28:03,442 [INFO] httpx: HTTP Request: POST https://api.telegram.org/bot8611683567:AAEUSYRNLn-mzLawX3awnTvXJtyTa9x8phg/getUpdates "HTTP/1.1 200 OK"
2026-03-15 07:28:13,476 [INFO] httpx: HTTP Request: POST https://api.telegram.org/bot8611683567:AAEUSYRNLn-mzLawX3awnTvXJtyTa9x8phg/getUpdates "HTTP/1.1 200 OK"
2026-03-15 07:28:23,514 [INFO] httpx: HTTP Request: POST https://api.telegram.org/bot8611683567:AAEUSYRNLn-mzLawX3awnTvXJtyTa9x8phg/getUpdates "HTTP/1.1 200 OK"
2026-03-15 07:28:33,552 [INFO] httpx: HTTP Request: POST https://api.telegram.org/bot8611683567:AAEUSYRNLn-mzLawX3awnTvXJtyTa9x8phg/getUpdates "HTTP/1.1 200 OK"
2026-03-15 07:28:43,591 [INFO] httpx: HTTP Request: POST https://api.telegram.org/bot8611683567:AAEUSYRNLn-mzLawX3awnTvXJtyTa9x8phg/getUpdates "HTTP/1.1 200 OK"
2026-03-15 07:28:53,629 [INFO] httpx: HTTP Request: POST https://api.telegram.org/bot8611683567:AAEUSYRNLn-mzLawX3awnTvXJtyTa9x8phg/getUpdates "HTTP/1.1 200 OK"
2026-03-15 07:29:03,670 [INFO] httpx: HTTP Request: POST https://api.telegram.org/bot8611683567:AAEUSYRNLn-mzLawX3awnTvXJtyTa9x8phg/getUpdates "HTTP/1.1 200 OK"
2026-03-15 07:29:13,710 [INFO] httpx: HTTP Request: POST https://api.telegram.org/bot8611683567:AAEUSYRNLn-mzLawX3awnTvXJtyTa9x8phg/getUpdates "HTTP/1.1 200 OK"
2026-03-15 07:29:23,749 [INFO] httpx: HTTP Request: POST https://api.telegram.org/bot8611683567:AAEUSYRNLn-mzLawX3awnTvXJtyTa9x8phg/getUpdates "HTTP/1.1 200 OK"
2026-03-15 07:29:33,793 [INFO] httpx: HTTP Request: POST https://api.telegram.org/bot8611683567:AAEUSYRNLn-mzLawX3awnTvXJtyTa9x8phg/getUpdates "HTTP/1.1 200 OK"
2026-03-15 07:29:43,830 [INFO] httpx: HTTP Request: POST https://api.telegram.org/bot8611683567:AAEUSYRNLn-mzLawX3awnTvXJtyTa9x8phg/getUpdates "HTTP/1.1 200 OK"
2026-03-15 07:29:53,869 [INFO] httpx: HTTP Request: POST https://api.telegram.org/bot8611683567:AAEUSYRNLn-mzLawX3awnTvXJtyTa9x8phg/getUpdates "HTTP/1.1 200 OK"
2026-03-15 07:30:03,922 [INFO] httpx: HTTP Request: POST https://api.telegram.org/bot8611683567:AAEUSYRNLn-mzLawX3awnTvXJtyTa9x8phg/getUpdates "HTTP/1.1 200 OK"
2026-03-15 07:30:13,959 [INFO] httpx: HTTP Request: POST https://api.telegram.org/bot8611683567:AAEUSYRNLn-mzLawX3awnTvXJtyTa9x8phg/getUpdates "HTTP/1.1 200 OK"
2026-03-15 07:30:23,996 [INFO] httpx: HTTP Request: POST https://api.telegram.org/bot8611683567:AAEUSYRNLn-mzLawX3awnTvXJtyTa9x8phg/getUpdates "HTTP/1.1 200 OK"
2026-03-15 07:30:34,039 [INFO] httpx: HTTP Request: POST https://api.telegram.org/bot8611683567:AAEUSYRNLn-mzLawX3awnTvXJtyTa9x8phg/getUpdates "HTTP/1.1 200 OK"
2026-03-15 07:30:44,074 [INFO] httpx: HTTP Request: POST https://api.telegram.org/bot8611683567:AAEUSYRNLn-mzLawX3awnTvXJtyTa9x8phg/getUpdates "HTTP/1.1 200 OK"
2026-03-15 07:30:54,110 [INFO] httpx: HTTP Request: POST https://api.telegram.org/bot8611683567:AAEUSYRNLn-mzLawX3awnTvXJtyTa9x8phg/getUpdates "HTTP/1.1 200 OK"
2026-03-15 07:31:04,149 [INFO] httpx: HTTP Request: POST https://api.telegram.org/bot8611683567:AAEUSYRNLn-mzLawX3awnTvXJtyTa9x8phg/getUpdates "HTTP/1.1 200 OK"
2026-03-15 07:31:14,188 [INFO] httpx: HTTP Request: POST https://api.telegram.org/bot8611683567:AAEUSYRNLn-mzLawX3awnTvXJtyTa9x8phg/getUpdates "HTTP/1.1 200 OK"
2026-03-15 07:31:24,224 [INFO] httpx: HTTP Request: POST https://api.telegram.org/bot8611683567:AAEUSYRNLn-mzLawX3awnTvXJtyTa9x8phg/getUpdates "HTTP/1.1 200 OK"
2026-03-15 07:31:34,266 [INFO] httpx: HTTP Request: POST https://api.telegram.org/bot8611683567:AAEUSYRNLn-mzLawX3awnTvXJtyTa9x8phg/getUpdates "HTTP/1.1 200 OK"
2026-03-15 07:31:44,302 [INFO] httpx: HTTP Request: POST https://api.telegram.org/bot8611683567:AAEUSYRNLn-mzLawX3awnTvXJtyTa9x8phg/getUpdates "HTTP/1.1 200 OK"
2026-03-15 07:31:54,341 [INFO] httpx: HTTP Request: POST https://api.telegram.org/bot8611683567:AAEUSYRNLn-mzLawX3awnTvXJtyTa9x8phg/getUpdates "HTTP/1.1 200 OK"
2026-03-15 07:32:04,379 [INFO] httpx: HTTP Request: POST https://api.telegram.org/bot8611683567:AAEUSYRNLn-mzLawX3awnTvXJtyTa9x8phg/getUpdates "HTTP/1.1 200 OK"
2026-03-15 07:32:14,444 [INFO] httpx: HTTP Request: POST https://api.telegram.org/bot8611683567:AAEUSYRNLn-mzLawX3awnTvXJtyTa9x8phg/getUpdates "HTTP/1.1 200 OK"
2026-03-15 07:32:24,481 [INFO] httpx: HTTP Request: POST https://api.telegram.org/bot8611683567:AAEUSYRNLn-mzLawX3awnTvXJtyTa9x8phg/getUpdates "HTTP/1.1 200 OK"
2026-03-15 07:32:34,517 [INFO] httpx: HTTP Request: POST https://api.telegram.org/bot8611683567:AAEUSYRNLn-mzLawX3awnTvXJtyTa9x8phg/getUpdates "HTTP/1.1 200 OK"
2026-03-15 07:32:44,556 [INFO] httpx: HTTP Request: POST https://api.telegram.org/bot8611683567:AAEUSYRNLn-mzLawX3awnTvXJtyTa9x8phg/getUpdates "HTTP/1.1 200 OK"
2026-03-15 07:32:54,596 [INFO] httpx: HTTP Request: POST https://api.telegram.org/bot8611683567:AAEUSYRNLn-mzLawX3awnTvXJtyTa9x8phg/getUpdates "HTTP/1.1 200 OK"
2026-03-15 07:33:04,639 [INFO] httpx: HTTP Request: POST https://api.telegram.org/bot8611683567:AAEUSYRNLn-mzLawX3awnTvXJtyTa9x8phg/getUpdates "HTTP/1.1 200 OK"
2026-03-15 07:33:14,677 [INFO] httpx: HTTP Request: POST https://api.telegram.org/bot8611683567:AAEUSYRNLn-mzLawX3awnTvXJtyTa9x8phg/getUpdates "HTTP/1.1 200 OK"
2026-03-15 07:33:24,715 [INFO] httpx: HTTP Request: POST https://api.telegram.org/bot8611683567:AAEUSYRNLn-mzLawX3awnTvXJtyTa9x8phg/getUpdates "HTTP/1.1 200 OK"
2026-03-15 07:33:29,884 [INFO] httpx: HTTP Request: POST https://api.telegram.org/bot8611683567:AAEUSYRNLn-mzLawX3awnTvXJtyTa9x8phg/getUpdates "HTTP/1.1 200 OK"
2026-03-15 07:33:29,885 [INFO] telegram.ext.Application: Application is stopping. This might take a moment.
2026-03-15 07:33:29,886 [INFO] apscheduler.scheduler: Scheduler has been shut down
2026-03-15 07:33:29,907 [INFO] telegram.ext.Application: Application.stop() complete
2026-03-15 07:33:29,908 [INFO] apscheduler.scheduler: Scheduler has been shut down
2026-03-15 07:47:19,041 [INFO] __main__: ✅ БД готова
2026-03-15 07:47:19,461 [INFO] apscheduler.scheduler: Adding job tentatively -- it will be properly scheduled when the scheduler starts
2026-03-15 07:47:19,462 [INFO] __main__: 🤖 Бот запущен!
2026-03-15 07:47:19,636 [INFO] httpx: HTTP Request: POST https://api.telegram.org/bot8611683567:AAEUSYRNLn-mzLawX3awnTvXJtyTa9x8phg/getMe "HTTP/1.1 200 OK"
2026-03-15 07:47:19,637 [INFO] apscheduler.scheduler: Added job "main.<locals>.<lambda>" to job store "default"
2026-03-15 07:47:19,637 [INFO] apscheduler.scheduler: Scheduler started
2026-03-15 07:47:19,638 [INFO] __main__: ⏰ Планировщик: каждые 30 мин
2026-03-15 07:47:24,836 [INFO] httpx: HTTP Request: POST https://api.telegram.org/bot8611683567:AAEUSYRNLn-mzLawX3awnTvXJtyTa9x8phg/sendMessage "HTTP/1.1 200 OK"
2026-03-15 07:47:24,838 [INFO] __main__: ▶️  Проверка [15.03.2026 07:47]
2026-03-15 07:47:24,839 [INFO] scrapers.teztour: TEZ API: запрос 15.03.2026–04.04.2026
2026-03-15 07:47:28,086 [INFO] scrapers.teztour: TEZ Tour: 23 туров
2026-03-15 07:47:31,692 [INFO] scrapers.novatours: Novatours: токен получен (03096e2114...)
2026-03-15 07:47:33,470 [INFO] scrapers.novatours: Novatours: 10 отелей с ценами
2026-03-15 07:47:39,133 [INFO] __main__: Novatours: 10 туров до фильтра
2026-03-15 07:47:39,134 [INFO] __main__: TEZ Tour: 23 туров до фильтра
2026-03-15 07:47:39,134 [INFO] __main__: Итого до фильтра: 33
2026-03-15 07:47:39,135 [INFO] __main__: ✅ Новых предложений: 32
2026-03-15 07:47:39,287 [INFO] httpx: HTTP Request: POST https://api.telegram.org/bot8611683567:AAEUSYRNLn-mzLawX3awnTvXJtyTa9x8phg/sendPhoto "HTTP/1.1 200 OK"
2026-03-15 07:47:39,428 [INFO] httpx: HTTP Request: POST https://api.telegram.org/bot8611683567:AAEUSYRNLn-mzLawX3awnTvXJtyTa9x8phg/sendPhoto "HTTP/1.1 200 OK"
2026-03-15 07:47:39,584 [INFO] httpx: HTTP Request: POST https://api.telegram.org/bot8611683567:AAEUSYRNLn-mzLawX3awnTvXJtyTa9x8phg/sendPhoto "HTTP/1.1 200 OK"
2026-03-15 07:47:39,713 [INFO] httpx: HTTP Request: POST https://api.telegram.org/bot8611683567:AAEUSYRNLn-mzLawX3awnTvXJtyTa9x8phg/sendPhoto "HTTP/1.1 200 OK"
2026-03-15 07:47:39,865 [INFO] httpx: HTTP Request: POST https://api.telegram.org/bot8611683567:AAEUSYRNLn-mzLawX3awnTvXJtyTa9x8phg/sendPhoto "HTTP/1.1 200 OK"
2026-03-15 07:47:39,993 [INFO] httpx: HTTP Request: POST https://api.telegram.org/bot8611683567:AAEUSYRNLn-mzLawX3awnTvXJtyTa9x8phg/sendPhoto "HTTP/1.1 200 OK"
2026-03-15 07:47:40,124 [INFO] httpx: HTTP Request: POST https://api.telegram.org/bot8611683567:AAEUSYRNLn-mzLawX3awnTvXJtyTa9x8phg/sendPhoto "HTTP/1.1 200 OK"
2026-03-15 07:47:40,246 [INFO] httpx: HTTP Request: POST https://api.telegram.org/bot8611683567:AAEUSYRNLn-mzLawX3awnTvXJtyTa9x8phg/sendMessage "HTTP/1.1 200 OK"
2026-03-15 07:47:40,286 [INFO] httpx: HTTP Request: POST https://api.telegram.org/bot8611683567:AAEUSYRNLn-mzLawX3awnTvXJtyTa9x8phg/deleteWebhook "HTTP/1.1 200 OK"
2026-03-15 07:47:40,289 [INFO] apscheduler.scheduler: Scheduler started
2026-03-15 07:47:40,289 [INFO] telegram.ext.Application: Application started
2026-03-15 07:47:50,403 [INFO] httpx: HTTP Request: POST https://api.telegram.org/bot8611683567:AAEUSYRNLn-mzLawX3awnTvXJtyTa9x8phg/getUpdates "HTTP/1.1 200 OK"
2026-03-15 07:48:00,451 [INFO] httpx: HTTP Request: POST https://api.telegram.org/bot8611683567:AAEUSYRNLn-mzLawX3awnTvXJtyTa9x8phg/getUpdates "HTTP/1.1 200 OK"
2026-03-15 07:48:10,486 [INFO] httpx: HTTP Request: POST https://api.telegram.org/bot8611683567:AAEUSYRNLn-mzLawX3awnTvXJtyTa9x8phg/getUpdates "HTTP/1.1 200 OK"
2026-03-15 07:48:20,527 [INFO] httpx: HTTP Request: POST https://api.telegram.org/bot8611683567:AAEUSYRNLn-mzLawX3awnTvXJtyTa9x8phg/getUpdates "HTTP/1.1 200 OK"
2026-03-15 07:48:30,564 [INFO] httpx: HTTP Request: POST https://api.telegram.org/bot8611683567:AAEUSYRNLn-mzLawX3awnTvXJtyTa9x8phg/getUpdates "HTTP/1.1 200 OK"
2026-03-15 07:48:40,607 [INFO] httpx: HTTP Request: POST https://api.telegram.org/bot8611683567:AAEUSYRNLn-mzLawX3awnTvXJtyTa9x8phg/getUpdates "HTTP/1.1 200 OK"
2026-03-15 07:48:50,647 [INFO] httpx: HTTP Request: POST https://api.telegram.org/bot8611683567:AAEUSYRNLn-mzLawX3awnTvXJtyTa9x8phg/getUpdates "HTTP/1.1 200 OK"
2026-03-15 07:49:00,681 [INFO] httpx: HTTP Request: POST https://api.telegram.org/bot8611683567:AAEUSYRNLn-mzLawX3awnTvXJtyTa9x8phg/getUpdates "HTTP/1.1 200 OK"
2026-03-15 07:49:10,721 [INFO] httpx: HTTP Request: POST https://api.telegram.org/bot8611683567:AAEUSYRNLn-mzLawX3awnTvXJtyTa9x8phg/getUpdates "HTTP/1.1 200 OK"
2026-03-15 07:49:20,772 [INFO] httpx: HTTP Request: POST https://api.telegram.org/bot8611683567:AAEUSYRNLn-mzLawX3awnTvXJtyTa9x8phg/getUpdates "HTTP/1.1 200 OK"
2026-03-15 07:49:30,811 [INFO] httpx: HTTP Request: POST https://api.telegram.org/bot8611683567:AAEUSYRNLn-mzLawX3awnTvXJtyTa9x8phg/getUpdates "HTTP/1.1 200 OK"
2026-03-15 07:49:40,851 [INFO] httpx: HTTP Request: POST https://api.telegram.org/bot8611683567:AAEUSYRNLn-mzLawX3awnTvXJtyTa9x8phg/getUpdates "HTTP/1.1 200 OK"
2026-03-15 07:49:50,889 [INFO] httpx: HTTP Request: POST https://api.telegram.org/bot8611683567:AAEUSYRNLn-mzLawX3awnTvXJtyTa9x8phg/getUpdates "HTTP/1.1 200 OK"
2026-03-15 07:50:00,926 [INFO] httpx: HTTP Request: POST https://api.telegram.org/bot8611683567:AAEUSYRNLn-mzLawX3awnTvXJtyTa9x8phg/getUpdates "HTTP/1.1 200 OK"
2026-03-15 07:50:10,967 [INFO] httpx: HTTP Request: POST https://api.telegram.org/bot8611683567:AAEUSYRNLn-mzLawX3awnTvXJtyTa9x8phg/getUpdates "HTTP/1.1 200 OK"
2026-03-15 07:50:21,007 [INFO] httpx: HTTP Request: POST https://api.telegram.org/bot8611683567:AAEUSYRNLn-mzLawX3awnTvXJtyTa9x8phg/getUpdates "HTTP/1.1 200 OK"
2026-03-15 07:50:31,067 [INFO] httpx: HTTP Request: POST https://api.telegram.org/bot8611683567:AAEUSYRNLn-mzLawX3awnTvXJtyTa9x8phg/getUpdates "HTTP/1.1 200 OK"
2026-03-15 07:50:41,109 [INFO] httpx: HTTP Request: POST https://api.telegram.org/bot8611683567:AAEUSYRNLn-mzLawX3awnTvXJtyTa9x8phg/getUpdates "HTTP/1.1 200 OK"
2026-03-15 07:50:51,147 [INFO] httpx: HTTP Request: POST https://api.telegram.org/bot8611683567:AAEUSYRNLn-mzLawX3awnTvXJtyTa9x8phg/getUpdates "HTTP/1.1 200 OK"
2026-03-15 07:51:01,190 [INFO] httpx: HTTP Request: POST https://api.telegram.org/bot8611683567:AAEUSYRNLn-mzLawX3awnTvXJtyTa9x8phg/getUpdates "HTTP/1.1 200 OK"
2026-03-15 07:51:11,229 [INFO] httpx: HTTP Request: POST https://api.telegram.org/bot8611683567:AAEUSYRNLn-mzLawX3awnTvXJtyTa9x8phg/getUpdates "HTTP/1.1 200 OK"
2026-03-15 07:51:21,268 [INFO] httpx: HTTP Request: POST https://api.telegram.org/bot8611683567:AAEUSYRNLn-mzLawX3awnTvXJtyTa9x8phg/getUpdates "HTTP/1.1 200 OK"
2026-03-15 07:51:31,308 [INFO] httpx: HTTP Request: POST https://api.telegram.org/bot8611683567:AAEUSYRNLn-mzLawX3awnTvXJtyTa9x8phg/getUpdates "HTTP/1.1 200 OK"
2026-03-15 07:51:41,344 [INFO] httpx: HTTP Request: POST https://api.telegram.org/bot8611683567:AAEUSYRNLn-mzLawX3awnTvXJtyTa9x8phg/getUpdates "HTTP/1.1 200 OK"
2026-03-15 07:51:51,386 [INFO] httpx: HTTP Request: POST https://api.telegram.org/bot8611683567:AAEUSYRNLn-mzLawX3awnTvXJtyTa9x8phg/getUpdates "HTTP/1.1 200 OK"
2026-03-15 07:52:01,430 [INFO] httpx: HTTP Request: POST https://api.telegram.org/bot8611683567:AAEUSYRNLn-mzLawX3awnTvXJtyTa9x8phg/getUpdates "HTTP/1.1 200 OK"
2026-03-15 07:52:11,468 [INFO] httpx: HTTP Request: POST https://api.telegram.org/bot8611683567:AAEUSYRNLn-mzLawX3awnTvXJtyTa9x8phg/getUpdates "HTTP/1.1 200 OK"
2026-03-15 07:52:21,503 [INFO] httpx: HTTP Request: POST https://api.telegram.org/bot8611683567:AAEUSYRNLn-mzLawX3awnTvXJtyTa9x8phg/getUpdates "HTTP/1.1 200 OK"
2026-03-15 07:52:31,553 [INFO] httpx: HTTP Request: POST https://api.telegram.org/bot8611683567:AAEUSYRNLn-mzLawX3awnTvXJtyTa9x8phg/getUpdates "HTTP/1.1 200 OK"
2026-03-15 07:52:41,592 [INFO] httpx: HTTP Request: POST https://api.telegram.org/bot8611683567:AAEUSYRNLn-mzLawX3awnTvXJtyTa9x8phg/getUpdates "HTTP/1.1 200 OK"
2026-03-15 07:52:51,627 [INFO] httpx: HTTP Request: POST https://api.telegram.org/bot8611683567:AAEUSYRNLn-mzLawX3awnTvXJtyTa9x8phg/getUpdates "HTTP/1.1 200 OK"
2026-03-15 07:53:01,666 [INFO] httpx: HTTP Request: POST https://api.telegram.org/bot8611683567:AAEUSYRNLn-mzLawX3awnTvXJtyTa9x8phg/getUpdates "HTTP/1.1 200 OK"
2026-03-15 07:53:11,708 [INFO] httpx: HTTP Request: POST https://api.telegram.org/bot8611683567:AAEUSYRNLn-mzLawX3awnTvXJtyTa9x8phg/getUpdates "HTTP/1.1 200 OK"
2026-03-15 07:53:21,747 [INFO] httpx: HTTP Request: POST https://api.telegram.org/bot8611683567:AAEUSYRNLn-mzLawX3awnTvXJtyTa9x8phg/getUpdates "HTTP/1.1 200 OK"
2026-03-15 07:53:31,784 [INFO] httpx: HTTP Request: POST https://api.telegram.org/bot8611683567:AAEUSYRNLn-mzLawX3awnTvXJtyTa9x8phg/getUpdates "HTTP/1.1 200 OK"
2026-03-15 07:53:41,821 [INFO] httpx: HTTP Request: POST https://api.telegram.org/bot8611683567:AAEUSYRNLn-mzLawX3awnTvXJtyTa9x8phg/getUpdates "HTTP/1.1 200 OK"
2026-03-15 07:53:51,859 [INFO] httpx: HTTP Request: POST https://api.telegram.org/bot8611683567:AAEUSYRNLn-mzLawX3awnTvXJtyTa9x8phg/getUpdates "HTTP/1.1 200 OK"
2026-03-15 07:54:01,897 [INFO] httpx: HTTP Request: POST https://api.telegram.org/bot8611683567:AAEUSYRNLn-mzLawX3awnTvXJtyTa9x8phg/getUpdates "HTTP/1.1 200 OK"
2026-03-15 07:54:11,959 [INFO] httpx: HTTP Request: POST https://api.telegram.org/bot8611683567:AAEUSYRNLn-mzLawX3awnTvXJtyTa9x8phg/getUpdates "HTTP/1.1 200 OK"
2026-03-15 07:54:21,995 [INFO] httpx: HTTP Request: POST https://api.telegram.org/bot8611683567:AAEUSYRNLn-mzLawX3awnTvXJtyTa9x8phg/getUpdates "HTTP/1.1 200 OK"
2026-03-15 07:54:32,034 [INFO] httpx: HTTP Request: POST https://api.telegram.org/bot8611683567:AAEUSYRNLn-mzLawX3awnTvXJtyTa9x8phg/getUpdates "HTTP/1.1 200 OK"
2026-03-15 07:54:42,068 [INFO] httpx: HTTP Request: POST https://api.telegram.org/bot8611683567:AAEUSYRNLn-mzLawX3awnTvXJtyTa9x8phg/getUpdates "HTTP/1.1 200 OK"
2026-03-15 07:54:52,102 [INFO] httpx: HTTP Request: POST https://api.telegram.org/bot8611683567:AAEUSYRNLn-mzLawX3awnTvXJtyTa9x8phg/getUpdates "HTTP/1.1 200 OK"
2026-03-15 07:55:02,140 [INFO] httpx: HTTP Request: POST https://api.telegram.org/bot8611683567:AAEUSYRNLn-mzLawX3awnTvXJtyTa9x8phg/getUpdates "HTTP/1.1 200 OK"
2026-03-15 07:55:12,205 [INFO] httpx: HTTP Request: POST https://api.telegram.org/bot8611683567:AAEUSYRNLn-mzLawX3awnTvXJtyTa9x8phg/getUpdates "HTTP/1.1 200 OK"
2026-03-15 07:55:22,250 [INFO] httpx: HTTP Request: POST https://api.telegram.org/bot8611683567:AAEUSYRNLn-mzLawX3awnTvXJtyTa9x8phg/getUpdates "HTTP/1.1 200 OK"
2026-03-15 07:55:32,307 [INFO] httpx: HTTP Request: POST https://api.telegram.org/bot8611683567:AAEUSYRNLn-mzLawX3awnTvXJtyTa9x8phg/getUpdates "HTTP/1.1 200 OK"
2026-03-15 07:55:42,347 [INFO] httpx: HTTP Request: POST https://api.telegram.org/bot8611683567:AAEUSYRNLn-mzLawX3awnTvXJtyTa9x8phg/getUpdates "HTTP/1.1 200 OK"
2026-03-15 07:55:52,388 [INFO] httpx: HTTP Request: POST https://api.telegram.org/bot8611683567:AAEUSYRNLn-mzLawX3awnTvXJtyTa9x8phg/getUpdates "HTTP/1.1 200 OK"
2026-03-15 07:56:02,454 [INFO] httpx: HTTP Request: POST https://api.telegram.org/bot8611683567:AAEUSYRNLn-mzLawX3awnTvXJtyTa9x8phg/getUpdates "HTTP/1.1 200 OK"
2026-03-15 07:56:12,492 [INFO] httpx: HTTP Request: POST https://api.telegram.org/bot8611683567:AAEUSYRNLn-mzLawX3awnTvXJtyTa9x8phg/getUpdates "HTTP/1.1 200 OK"
2026-03-15 07:56:22,532 [INFO] httpx: HTTP Request: POST https://api.telegram.org/bot8611683567:AAEUSYRNLn-mzLawX3awnTvXJtyTa9x8phg/getUpdates "HTTP/1.1 200 OK"
2026-03-15 07:56:32,569 [INFO] httpx: HTTP Request: POST https://api.telegram.org/bot8611683567:AAEUSYRNLn-mzLawX3awnTvXJtyTa9x8phg/getUpdates "HTTP/1.1 200 OK"
2026-03-15 07:56:42,606 [INFO] httpx: HTTP Request: POST https://api.telegram.org/bot8611683567:AAEUSYRNLn-mzLawX3awnTvXJtyTa9x8phg/getUpdates "HTTP/1.1 200 OK"
2026-03-15 07:56:52,642 [INFO] httpx: HTTP Request: POST https://api.telegram.org/bot8611683567:AAEUSYRNLn-mzLawX3awnTvXJtyTa9x8phg/getUpdates "HTTP/1.1 200 OK"
2026-03-15 07:57:02,705 [INFO] httpx: HTTP Request: POST https://api.telegram.org/bot8611683567:AAEUSYRNLn-mzLawX3awnTvXJtyTa9x8phg/getUpdates "HTTP/1.1 200 OK"
2026-03-15 07:57:12,747 [INFO] httpx: HTTP Request: POST https://api.telegram.org/bot8611683567:AAEUSYRNLn-mzLawX3awnTvXJtyTa9x8phg/getUpdates "HTTP/1.1 200 OK"
2026-03-15 07:57:22,800 [INFO] httpx: HTTP Request: POST https://api.telegram.org/bot8611683567:AAEUSYRNLn-mzLawX3awnTvXJtyTa9x8phg/getUpdates "HTTP/1.1 200 OK"
2026-03-15 07:57:32,834 [INFO] httpx: HTTP Request: POST https://api.telegram.org/bot8611683567:AAEUSYRNLn-mzLawX3awnTvXJtyTa9x8phg/getUpdates "HTTP/1.1 200 OK"
2026-03-15 07:57:42,871 [INFO] httpx: HTTP Request: POST https://api.telegram.org/bot8611683567:AAEUSYRNLn-mzLawX3awnTvXJtyTa9x8phg/getUpdates "HTTP/1.1 200 OK"
2026-03-15 07:57:52,908 [INFO] httpx: HTTP Request: POST https://api.telegram.org/bot8611683567:AAEUSYRNLn-mzLawX3awnTvXJtyTa9x8phg/getUpdates "HTTP/1.1 200 OK"
2026-03-15 07:58:02,961 [INFO] httpx: HTTP Request: POST https://api.telegram.org/bot8611683567:AAEUSYRNLn-mzLawX3awnTvXJtyTa9x8phg/getUpdates "HTTP/1.1 200 OK"
2026-03-15 07:58:12,997 [INFO] httpx: HTTP Request: POST https://api.telegram.org/bot8611683567:AAEUSYRNLn-mzLawX3awnTvXJtyTa9x8phg/getUpdates "HTTP/1.1 200 OK"
2026-03-15 07:58:23,065 [INFO] httpx: HTTP Request: POST https://api.telegram.org/bot8611683567:AAEUSYRNLn-mzLawX3awnTvXJtyTa9x8phg/getUpdates "HTTP/1.1 200 OK"
2026-03-15 07:58:33,102 [INFO] httpx: HTTP Request: POST https://api.telegram.org/bot8611683567:AAEUSYRNLn-mzLawX3awnTvXJtyTa9x8phg/getUpdates "HTTP/1.1 200 OK"
2026-03-15 07:58:43,141 [INFO] httpx: HTTP Request: POST https://api.telegram.org/bot8611683567:AAEUSYRNLn-mzLawX3awnTvXJtyTa9x8phg/getUpdates "HTTP/1.1 200 OK"
2026-03-15 07:58:53,182 [INFO] httpx: HTTP Request: POST https://api.telegram.org/bot8611683567:AAEUSYRNLn-mzLawX3awnTvXJtyTa9x8phg/getUpdates "HTTP/1.1 200 OK"
2026-03-15 07:59:03,225 [INFO] httpx: HTTP Request: POST https://api.telegram.org/bot8611683567:AAEUSYRNLn-mzLawX3awnTvXJtyTa9x8phg/getUpdates "HTTP/1.1 200 OK"
2026-03-15 07:59:13,261 [INFO] httpx: HTTP Request: POST https://api.telegram.org/bot8611683567:AAEUSYRNLn-mzLawX3awnTvXJtyTa9x8phg/getUpdates "HTTP/1.1 200 OK"
2026-03-15 07:59:23,298 [INFO] httpx: HTTP Request: POST https://api.telegram.org/bot8611683567:AAEUSYRNLn-mzLawX3awnTvXJtyTa9x8phg/getUpdates "HTTP/1.1 200 OK"
2026-03-15 07:59:33,334 [INFO] httpx: HTTP Request: POST https://api.telegram.org/bot8611683567:AAEUSYRNLn-mzLawX3awnTvXJtyTa9x8phg/getUpdates "HTTP/1.1 200 OK"
2026-03-15 07:59:43,371 [INFO] httpx: HTTP Request: POST https://api.telegram.org/bot8611683567:AAEUSYRNLn-mzLawX3awnTvXJtyTa9x8phg/getUpdates "HTTP/1.1 200 OK"
2026-03-15 07:59:53,411 [INFO] httpx: HTTP Request: POST https://api.telegram.org/bot8611683567:AAEUSYRNLn-mzLawX3awnTvXJtyTa9x8phg/getUpdates "HTTP/1.1 200 OK"
2026-03-15 08:00:03,450 [INFO] httpx: HTTP Request: POST https://api.telegram.org/bot8611683567:AAEUSYRNLn-mzLawX3awnTvXJtyTa9x8phg/getUpdates "HTTP/1.1 200 OK"
2026-03-15 08:00:13,488 [INFO] httpx: HTTP Request: POST https://api.telegram.org/bot8611683567:AAEUSYRNLn-mzLawX3awnTvXJtyTa9x8phg/getUpdates "HTTP/1.1 200 OK"
2026-03-15 08:00:23,566 [INFO] httpx: HTTP Request: POST https://api.telegram.org/bot8611683567:AAEUSYRNLn-mzLawX3awnTvXJtyTa9x8phg/getUpdates "HTTP/1.1 200 OK"
2026-03-15 08:00:33,602 [INFO] httpx: HTTP Request: POST https://api.telegram.org/bot8611683567:AAEUSYRNLn-mzLawX3awnTvXJtyTa9x8phg/getUpdates "HTTP/1.1 200 OK"
2026-03-15 08:00:43,640 [INFO] httpx: HTTP Request: POST https://api.telegram.org/bot8611683567:AAEUSYRNLn-mzLawX3awnTvXJtyTa9x8phg/getUpdates "HTTP/1.1 200 OK"
2026-03-15 08:00:53,678 [INFO] httpx: HTTP Request: POST https://api.telegram.org/bot8611683567:AAEUSYRNLn-mzLawX3awnTvXJtyTa9x8phg/getUpdates "HTTP/1.1 200 OK"
2026-03-15 08:01:03,714 [INFO] httpx: HTTP Request: POST https://api.telegram.org/bot8611683567:AAEUSYRNLn-mzLawX3awnTvXJtyTa9x8phg/getUpdates "HTTP/1.1 200 OK"
2026-03-15 08:01:13,752 [INFO] httpx: HTTP Request: POST https://api.telegram.org/bot8611683567:AAEUSYRNLn-mzLawX3awnTvXJtyTa9x8phg/getUpdates "HTTP/1.1 200 OK"
2026-03-15 08:01:23,786 [INFO] httpx: HTTP Request: POST https://api.telegram.org/bot8611683567:AAEUSYRNLn-mzLawX3awnTvXJtyTa9x8phg/getUpdates "HTTP/1.1 200 OK"
2026-03-15 08:01:33,823 [INFO] httpx: HTTP Request: POST https://api.telegram.org/bot8611683567:AAEUSYRNLn-mzLawX3awnTvXJtyTa9x8phg/getUpdates "HTTP/1.1 200 OK"
2026-03-15 08:01:43,860 [INFO] httpx: HTTP Request: POST https://api.telegram.org/bot8611683567:AAEUSYRNLn-mzLawX3awnTvXJtyTa9x8phg/getUpdates "HTTP/1.1 200 OK"
2026-03-15 08:01:53,899 [INFO] httpx: HTTP Request: POST https://api.telegram.org/bot8611683567:AAEUSYRNLn-mzLawX3awnTvXJtyTa9x8phg/getUpdates "HTTP/1.1 200 OK"
2026-03-15 08:02:03,937 [INFO] httpx: HTTP Request: POST https://api.telegram.org/bot8611683567:AAEUSYRNLn-mzLawX3awnTvXJtyTa9x8phg/getUpdates "HTTP/1.1 200 OK"
2026-03-15 08:02:13,972 [INFO] httpx: HTTP Request: POST https://api.telegram.org/bot8611683567:AAEUSYRNLn-mzLawX3awnTvXJtyTa9x8phg/getUpdates "HTTP/1.1 200 OK"
2026-03-15 08:02:24,011 [INFO] httpx: HTTP Request: POST https://api.telegram.org/bot8611683567:AAEUSYRNLn-mzLawX3awnTvXJtyTa9x8phg/getUpdates "HTTP/1.1 200 OK"
2026-03-15 08:02:34,049 [INFO] httpx: HTTP Request: POST https://api.telegram.org/bot8611683567:AAEUSYRNLn-mzLawX3awnTvXJtyTa9x8phg/getUpdates "HTTP/1.1 200 OK"
2026-03-15 08:16:04,619 [INFO] __main__: ✅ БД готова
2026-03-15 08:16:05,033 [INFO] apscheduler.scheduler: Adding job tentatively -- it will be properly scheduled when the scheduler starts
2026-03-15 08:16:05,034 [INFO] __main__: 🤖 Бот запущен!
2026-03-15 08:16:05,204 [INFO] httpx: HTTP Request: POST https://api.telegram.org/bot8611683567:AAEUSYRNLn-mzLawX3awnTvXJtyTa9x8phg/getMe "HTTP/1.1 200 OK"
2026-03-15 08:16:05,206 [INFO] apscheduler.scheduler: Added job "main.<locals>.<lambda>" to job store "default"
2026-03-15 08:16:05,207 [INFO] apscheduler.scheduler: Scheduler started
2026-03-15 08:16:05,207 [INFO] __main__: ⏰ Планировщик: каждые 30 мин
2026-03-15 08:16:10,349 [INFO] httpx: HTTP Request: POST https://api.telegram.org/bot8611683567:AAEUSYRNLn-mzLawX3awnTvXJtyTa9x8phg/sendMessage "HTTP/1.1 200 OK"
2026-03-15 08:16:10,350 [INFO] __main__: ▶️  Проверка [15.03.2026 08:16]
2026-03-15 08:16:10,352 [INFO] scrapers.teztour: TEZ API: запрос 15.03.2026–04.04.2026
2026-03-15 08:16:12,865 [INFO] scrapers.teztour: TEZ Tour: 23 туров
2026-03-15 08:16:14,305 [INFO] scrapers.novatours: Novatours: токен получен (03096e2114...)
2026-03-15 08:16:15,547 [INFO] scrapers.novatours: Novatours: 10 отелей с ценами
2026-03-15 08:16:17,748 [INFO] scrapers.delfiin: Delfiin: 95 туров
2026-03-15 08:16:20,951 [INFO] __main__: Novatours: 10 туров до фильтра
2026-03-15 08:16:20,951 [INFO] __main__: TEZ Tour: 23 туров до фильтра
2026-03-15 08:16:20,952 [INFO] __main__: Delfiin: 95 туров до фильтра
2026-03-15 08:16:20,952 [INFO] __main__: Итого до фильтра: 128
2026-03-15 08:16:20,953 [INFO] __main__: ✅ Новых предложений: 75
2026-03-15 08:16:21,163 [INFO] httpx: HTTP Request: POST https://api.telegram.org/bot8611683567:AAEUSYRNLn-mzLawX3awnTvXJtyTa9x8phg/sendPhoto "HTTP/1.1 200 OK"
2026-03-15 08:16:21,333 [INFO] httpx: HTTP Request: POST https://api.telegram.org/bot8611683567:AAEUSYRNLn-mzLawX3awnTvXJtyTa9x8phg/sendPhoto "HTTP/1.1 200 OK"
2026-03-15 08:16:21,478 [INFO] httpx: HTTP Request: POST https://api.telegram.org/bot8611683567:AAEUSYRNLn-mzLawX3awnTvXJtyTa9x8phg/sendPhoto "HTTP/1.1 200 OK"
2026-03-15 08:16:21,671 [INFO] httpx: HTTP Request: POST https://api.telegram.org/bot8611683567:AAEUSYRNLn-mzLawX3awnTvXJtyTa9x8phg/sendPhoto "HTTP/1.1 200 OK"
2026-03-15 08:16:21,931 [INFO] httpx: HTTP Request: POST https://api.telegram.org/bot8611683567:AAEUSYRNLn-mzLawX3awnTvXJtyTa9x8phg/sendPhoto "HTTP/1.1 200 OK"
2026-03-15 08:16:22,140 [INFO] httpx: HTTP Request: POST https://api.telegram.org/bot8611683567:AAEUSYRNLn-mzLawX3awnTvXJtyTa9x8phg/sendPhoto "HTTP/1.1 200 OK"
2026-03-15 08:16:22,264 [INFO] httpx: HTTP Request: POST https://api.telegram.org/bot8611683567:AAEUSYRNLn-mzLawX3awnTvXJtyTa9x8phg/sendPhoto "HTTP/1.1 200 OK"
2026-03-15 08:16:22,399 [INFO] httpx: HTTP Request: POST https://api.telegram.org/bot8611683567:AAEUSYRNLn-mzLawX3awnTvXJtyTa9x8phg/sendMessage "HTTP/1.1 200 OK"
2026-03-15 08:16:22,536 [INFO] httpx: HTTP Request: POST https://api.telegram.org/bot8611683567:AAEUSYRNLn-mzLawX3awnTvXJtyTa9x8phg/sendMessage "HTTP/1.1 200 OK"
2026-03-15 08:16:22,680 [INFO] httpx: HTTP Request: POST https://api.telegram.org/bot8611683567:AAEUSYRNLn-mzLawX3awnTvXJtyTa9x8phg/sendMessage "HTTP/1.1 200 OK"
2026-03-15 08:16:22,834 [INFO] httpx: HTTP Request: POST https://api.telegram.org/bot8611683567:AAEUSYRNLn-mzLawX3awnTvXJtyTa9x8phg/sendMessage "HTTP/1.1 200 OK"
2026-03-15 08:16:22,970 [INFO] httpx: HTTP Request: POST https://api.telegram.org/bot8611683567:AAEUSYRNLn-mzLawX3awnTvXJtyTa9x8phg/sendMessage "HTTP/1.1 200 OK"
2026-03-15 08:16:23,130 [INFO] httpx: HTTP Request: POST https://api.telegram.org/bot8611683567:AAEUSYRNLn-mzLawX3awnTvXJtyTa9x8phg/sendMessage "HTTP/1.1 200 OK"
2026-03-15 08:16:23,264 [INFO] httpx: HTTP Request: POST https://api.telegram.org/bot8611683567:AAEUSYRNLn-mzLawX3awnTvXJtyTa9x8phg/sendMessage "HTTP/1.1 200 OK"
2026-03-15 08:16:23,387 [INFO] httpx: HTTP Request: POST https://api.telegram.org/bot8611683567:AAEUSYRNLn-mzLawX3awnTvXJtyTa9x8phg/sendMessage "HTTP/1.1 200 OK"
2026-03-15 08:16:23,516 [INFO] httpx: HTTP Request: POST https://api.telegram.org/bot8611683567:AAEUSYRNLn-mzLawX3awnTvXJtyTa9x8phg/sendMessage "HTTP/1.1 200 OK"
2026-03-15 08:16:23,670 [INFO] httpx: HTTP Request: POST https://api.telegram.org/bot8611683567:AAEUSYRNLn-mzLawX3awnTvXJtyTa9x8phg/sendMessage "HTTP/1.1 200 OK"
2026-03-15 08:16:23,806 [INFO] httpx: HTTP Request: POST https://api.telegram.org/bot8611683567:AAEUSYRNLn-mzLawX3awnTvXJtyTa9x8phg/sendMessage "HTTP/1.1 200 OK"
2026-03-15 08:16:23,931 [INFO] httpx: HTTP Request: POST https://api.telegram.org/bot8611683567:AAEUSYRNLn-mzLawX3awnTvXJtyTa9x8phg/sendMessage "HTTP/1.1 200 OK"
2026-03-15 08:16:24,067 [INFO] httpx: HTTP Request: POST https://api.telegram.org/bot8611683567:AAEUSYRNLn-mzLawX3awnTvXJtyTa9x8phg/sendMessage "HTTP/1.1 200 OK"
2026-03-15 08:16:24,192 [INFO] httpx: HTTP Request: POST https://api.telegram.org/bot8611683567:AAEUSYRNLn-mzLawX3awnTvXJtyTa9x8phg/sendMessage "HTTP/1.1 200 OK"
2026-03-15 08:16:24,328 [INFO] httpx: HTTP Request: POST https://api.telegram.org/bot8611683567:AAEUSYRNLn-mzLawX3awnTvXJtyTa9x8phg/sendMessage "HTTP/1.1 200 OK"
2026-03-15 08:16:24,488 [INFO] httpx: HTTP Request: POST https://api.telegram.org/bot8611683567:AAEUSYRNLn-mzLawX3awnTvXJtyTa9x8phg/sendMessage "HTTP/1.1 200 OK"
2026-03-15 08:16:24,651 [INFO] httpx: HTTP Request: POST https://api.telegram.org/bot8611683567:AAEUSYRNLn-mzLawX3awnTvXJtyTa9x8phg/sendMessage "HTTP/1.1 200 OK"
2026-03-15 08:16:24,828 [INFO] httpx: HTTP Request: POST https://api.telegram.org/bot8611683567:AAEUSYRNLn-mzLawX3awnTvXJtyTa9x8phg/sendMessage "HTTP/1.1 200 OK"
2026-03-15 08:16:24,961 [INFO] httpx: HTTP Request: POST https://api.telegram.org/bot8611683567:AAEUSYRNLn-mzLawX3awnTvXJtyTa9x8phg/sendMessage "HTTP/1.1 200 OK"
2026-03-15 08:16:24,996 [INFO] httpx: HTTP Request: POST https://api.telegram.org/bot8611683567:AAEUSYRNLn-mzLawX3awnTvXJtyTa9x8phg/deleteWebhook "HTTP/1.1 200 OK"
2026-03-15 08:16:24,999 [INFO] apscheduler.scheduler: Scheduler started
2026-03-15 08:16:25,000 [INFO] telegram.ext.Application: Application started
2026-03-15 08:16:35,111 [INFO] httpx: HTTP Request: POST https://api.telegram.org/bot8611683567:AAEUSYRNLn-mzLawX3awnTvXJtyTa9x8phg/getUpdates "HTTP/1.1 200 OK"
2026-03-15 08:16:45,148 [INFO] httpx: HTTP Request: POST https://api.telegram.org/bot8611683567:AAEUSYRNLn-mzLawX3awnTvXJtyTa9x8phg/getUpdates "HTTP/1.1 200 OK"
2026-03-15 08:16:55,186 [INFO] httpx: HTTP Request: POST https://api.telegram.org/bot8611683567:AAEUSYRNLn-mzLawX3awnTvXJtyTa9x8phg/getUpdates "HTTP/1.1 200 OK"
2026-03-15 08:17:05,226 [INFO] httpx: HTTP Request: POST https://api.telegram.org/bot8611683567:AAEUSYRNLn-mzLawX3awnTvXJtyTa9x8phg/getUpdates "HTTP/1.1 200 OK"
2026-03-15 08:17:15,270 [INFO] httpx: HTTP Request: POST https://api.telegram.org/bot8611683567:AAEUSYRNLn-mzLawX3awnTvXJtyTa9x8phg/getUpdates "HTTP/1.1 200 OK"
2026-03-15 08:17:22,210 [INFO] httpx: HTTP Request: POST https://api.telegram.org/bot8611683567:AAEUSYRNLn-mzLawX3awnTvXJtyTa9x8phg/getUpdates "HTTP/1.1 200 OK"
2026-03-15 08:17:22,352 [INFO] httpx: HTTP Request: POST https://api.telegram.org/bot8611683567:AAEUSYRNLn-mzLawX3awnTvXJtyTa9x8phg/sendMessage "HTTP/1.1 200 OK"
2026-03-15 08:17:24,975 [INFO] httpx: HTTP Request: POST https://api.telegram.org/bot8611683567:AAEUSYRNLn-mzLawX3awnTvXJtyTa9x8phg/getUpdates "HTTP/1.1 200 OK"
2026-03-15 08:17:25,017 [INFO] httpx: HTTP Request: POST https://api.telegram.org/bot8611683567:AAEUSYRNLn-mzLawX3awnTvXJtyTa9x8phg/answerCallbackQuery "HTTP/1.1 200 OK"
2026-03-15 08:17:25,083 [INFO] httpx: HTTP Request: POST https://api.telegram.org/bot8611683567:AAEUSYRNLn-mzLawX3awnTvXJtyTa9x8phg/editMessageText "HTTP/1.1 200 OK"
2026-03-15 08:17:27,198 [INFO] httpx: HTTP Request: POST https://api.telegram.org/bot8611683567:AAEUSYRNLn-mzLawX3awnTvXJtyTa9x8phg/getUpdates "HTTP/1.1 200 OK"
2026-03-15 08:17:27,256 [INFO] httpx: HTTP Request: POST https://api.telegram.org/bot8611683567:AAEUSYRNLn-mzLawX3awnTvXJtyTa9x8phg/answerCallbackQuery "HTTP/1.1 200 OK"
2026-03-15 08:17:27,323 [INFO] httpx: HTTP Request: POST https://api.telegram.org/bot8611683567:AAEUSYRNLn-mzLawX3awnTvXJtyTa9x8phg/editMessageText "HTTP/1.1 200 OK"
2026-03-15 08:17:27,970 [INFO] httpx: HTTP Request: POST https://api.telegram.org/bot8611683567:AAEUSYRNLn-mzLawX3awnTvXJtyTa9x8phg/getUpdates "HTTP/1.1 200 OK"
2026-03-15 08:17:28,020 [INFO] httpx: HTTP Request: POST https://api.telegram.org/bot8611683567:AAEUSYRNLn-mzLawX3awnTvXJtyTa9x8phg/answerCallbackQuery "HTTP/1.1 200 OK"
2026-03-15 08:17:28,077 [INFO] httpx: HTTP Request: POST https://api.telegram.org/bot8611683567:AAEUSYRNLn-mzLawX3awnTvXJtyTa9x8phg/editMessageText "HTTP/1.1 200 OK"
2026-03-15 08:17:29,242 [INFO] httpx: HTTP Request: POST https://api.telegram.org/bot8611683567:AAEUSYRNLn-mzLawX3awnTvXJtyTa9x8phg/getUpdates "HTTP/1.1 200 OK"
2026-03-15 08:17:29,283 [INFO] httpx: HTTP Request: POST https://api.telegram.org/bot8611683567:AAEUSYRNLn-mzLawX3awnTvXJtyTa9x8phg/answerCallbackQuery "HTTP/1.1 200 OK"
2026-03-15 08:17:29,355 [INFO] httpx: HTTP Request: POST https://api.telegram.org/bot8611683567:AAEUSYRNLn-mzLawX3awnTvXJtyTa9x8phg/editMessageText "HTTP/1.1 200 OK"
2026-03-15 08:17:30,323 [INFO] httpx: HTTP Request: POST https://api.telegram.org/bot8611683567:AAEUSYRNLn-mzLawX3awnTvXJtyTa9x8phg/getUpdates "HTTP/1.1 200 OK"
2026-03-15 08:17:30,373 [INFO] httpx: HTTP Request: POST https://api.telegram.org/bot8611683567:AAEUSYRNLn-mzLawX3awnTvXJtyTa9x8phg/answerCallbackQuery "HTTP/1.1 200 OK"
2026-03-15 08:17:30,432 [INFO] httpx: HTTP Request: POST https://api.telegram.org/bot8611683567:AAEUSYRNLn-mzLawX3awnTvXJtyTa9x8phg/editMessageText "HTTP/1.1 200 OK"
2026-03-15 08:17:31,875 [INFO] httpx: HTTP Request: POST https://api.telegram.org/bot8611683567:AAEUSYRNLn-mzLawX3awnTvXJtyTa9x8phg/getUpdates "HTTP/1.1 200 OK"
2026-03-15 08:17:32,045 [INFO] httpx: HTTP Request: POST https://api.telegram.org/bot8611683567:AAEUSYRNLn-mzLawX3awnTvXJtyTa9x8phg/answerCallbackQuery "HTTP/1.1 200 OK"
2026-03-15 08:17:32,161 [INFO] httpx: HTTP Request: POST https://api.telegram.org/bot8611683567:AAEUSYRNLn-mzLawX3awnTvXJtyTa9x8phg/editMessageText "HTTP/1.1 200 OK"
2026-03-15 08:17:33,066 [INFO] httpx: HTTP Request: POST https://api.telegram.org/bot8611683567:AAEUSYRNLn-mzLawX3awnTvXJtyTa9x8phg/getUpdates "HTTP/1.1 200 OK"
2026-03-15 08:17:33,132 [INFO] httpx: HTTP Request: POST https://api.telegram.org/bot8611683567:AAEUSYRNLn-mzLawX3awnTvXJtyTa9x8phg/answerCallbackQuery "HTTP/1.1 200 OK"
2026-03-15 08:17:33,217 [INFO] httpx: HTTP Request: POST https://api.telegram.org/bot8611683567:AAEUSYRNLn-mzLawX3awnTvXJtyTa9x8phg/editMessageText "HTTP/1.1 200 OK"
2026-03-15 08:17:34,838 [INFO] httpx: HTTP Request: POST https://api.telegram.org/bot8611683567:AAEUSYRNLn-mzLawX3awnTvXJtyTa9x8phg/getUpdates "HTTP/1.1 200 OK"
2026-03-15 08:17:34,882 [INFO] httpx: HTTP Request: POST https://api.telegram.org/bot8611683567:AAEUSYRNLn-mzLawX3awnTvXJtyTa9x8phg/answerCallbackQuery "HTTP/1.1 200 OK"
2026-03-15 08:17:34,945 [INFO] httpx: HTTP Request: POST https://api.telegram.org/bot8611683567:AAEUSYRNLn-mzLawX3awnTvXJtyTa9x8phg/editMessageText "HTTP/1.1 200 OK"
2026-03-15 08:17:35,983 [INFO] httpx: HTTP Request: POST https://api.telegram.org/bot8611683567:AAEUSYRNLn-mzLawX3awnTvXJtyTa9x8phg/getUpdates "HTTP/1.1 200 OK"
2026-03-15 08:17:36,031 [INFO] httpx: HTTP Request: POST https://api.telegram.org/bot8611683567:AAEUSYRNLn-mzLawX3awnTvXJtyTa9x8phg/answerCallbackQuery "HTTP/1.1 200 OK"
2026-03-15 08:17:36,090 [INFO] httpx: HTTP Request: POST https://api.telegram.org/bot8611683567:AAEUSYRNLn-mzLawX3awnTvXJtyTa9x8phg/editMessageText "HTTP/1.1 200 OK"
2026-03-15 08:17:37,251 [INFO] httpx: HTTP Request: POST https://api.telegram.org/bot8611683567:AAEUSYRNLn-mzLawX3awnTvXJtyTa9x8phg/getUpdates "HTTP/1.1 200 OK"
2026-03-15 08:17:37,305 [INFO] httpx: HTTP Request: POST https://api.telegram.org/bot8611683567:AAEUSYRNLn-mzLawX3awnTvXJtyTa9x8phg/answerCallbackQuery "HTTP/1.1 200 OK"
2026-03-15 08:17:37,375 [INFO] httpx: HTTP Request: POST https://api.telegram.org/bot8611683567:AAEUSYRNLn-mzLawX3awnTvXJtyTa9x8phg/editMessageText "HTTP/1.1 200 OK"
2026-03-15 08:17:39,168 [INFO] httpx: HTTP Request: POST https://api.telegram.org/bot8611683567:AAEUSYRNLn-mzLawX3awnTvXJtyTa9x8phg/getUpdates "HTTP/1.1 200 OK"
2026-03-15 08:17:39,236 [INFO] httpx: HTTP Request: POST https://api.telegram.org/bot8611683567:AAEUSYRNLn-mzLawX3awnTvXJtyTa9x8phg/sendMessage "HTTP/1.1 200 OK"
2026-03-15 08:17:39,240 [INFO] scrapers.teztour: TEZ API: запрос 15.03.2026–04.04.2026
2026-03-15 08:17:40,008 [INFO] scrapers.novatours: Novatours: 10 отелей с ценами
2026-03-15 08:17:41,661 [INFO] scrapers.teztour: TEZ Tour: 24 туров
2026-03-15 08:17:46,424 [INFO] scrapers.delfiin: Delfiin: 95 туров
2026-03-15 08:17:46,594 [INFO] httpx: HTTP Request: POST https://api.telegram.org/bot8611683567:AAEUSYRNLn-mzLawX3awnTvXJtyTa9x8phg/sendPhoto "HTTP/1.1 200 OK"
2026-03-15 08:17:46,689 [INFO] httpx: HTTP Request: POST https://api.telegram.org/bot8611683567:AAEUSYRNLn-mzLawX3awnTvXJtyTa9x8phg/sendMessage "HTTP/1.1 200 OK"
2026-03-15 08:17:46,780 [INFO] httpx: HTTP Request: POST https://api.telegram.org/bot8611683567:AAEUSYRNLn-mzLawX3awnTvXJtyTa9x8phg/sendMessage "HTTP/1.1 200 OK"
2026-03-15 08:17:46,847 [INFO] httpx: HTTP Request: POST https://api.telegram.org/bot8611683567:AAEUSYRNLn-mzLawX3awnTvXJtyTa9x8phg/sendMessage "HTTP/1.1 200 OK"
2026-03-15 08:17:46,913 [INFO] httpx: HTTP Request: POST https://api.telegram.org/bot8611683567:AAEUSYRNLn-mzLawX3awnTvXJtyTa9x8phg/sendMessage "HTTP/1.1 200 OK"
2026-03-15 08:17:46,987 [INFO] httpx: HTTP Request: POST https://api.telegram.org/bot8611683567:AAEUSYRNLn-mzLawX3awnTvXJtyTa9x8phg/sendMessage "HTTP/1.1 200 OK"
2026-03-15 08:17:47,056 [INFO] httpx: HTTP Request: POST https://api.telegram.org/bot8611683567:AAEUSYRNLn-mzLawX3awnTvXJtyTa9x8phg/sendMessage "HTTP/1.1 200 OK"
2026-03-15 08:17:47,138 [INFO] httpx: HTTP Request: POST https://api.telegram.org/bot8611683567:AAEUSYRNLn-mzLawX3awnTvXJtyTa9x8phg/sendMessage "HTTP/1.1 200 OK"
2026-03-15 08:17:49,205 [INFO] httpx: HTTP Request: POST https://api.telegram.org/bot8611683567:AAEUSYRNLn-mzLawX3awnTvXJtyTa9x8phg/getUpdates "HTTP/1.1 200 OK"
2026-03-15 08:17:59,248 [INFO] httpx: HTTP Request: POST https://api.telegram.org/bot8611683567:AAEUSYRNLn-mzLawX3awnTvXJtyTa9x8phg/getUpdates "HTTP/1.1 200 OK"
2026-03-15 08:18:09,285 [INFO] httpx: HTTP Request: POST https://api.telegram.org/bot8611683567:AAEUSYRNLn-mzLawX3awnTvXJtyTa9x8phg/getUpdates "HTTP/1.1 200 OK"
2026-03-15 08:18:19,324 [INFO] httpx: HTTP Request: POST https://api.telegram.org/bot8611683567:AAEUSYRNLn-mzLawX3awnTvXJtyTa9x8phg/getUpdates "HTTP/1.1 200 OK"
2026-03-15 08:18:29,359 [INFO] httpx: HTTP Request: POST https://api.telegram.org/bot8611683567:AAEUSYRNLn-mzLawX3awnTvXJtyTa9x8phg/getUpdates "HTTP/1.1 200 OK"
2026-03-15 08:18:39,404 [INFO] httpx: HTTP Request: POST https://api.telegram.org/bot8611683567:AAEUSYRNLn-mzLawX3awnTvXJtyTa9x8phg/getUpdates "HTTP/1.1 200 OK"
2026-03-15 08:18:49,484 [INFO] httpx: HTTP Request: POST https://api.telegram.org/bot8611683567:AAEUSYRNLn-mzLawX3awnTvXJtyTa9x8phg/getUpdates "HTTP/1.1 200 OK"
2026-03-15 08:18:59,520 [INFO] httpx: HTTP Request: POST https://api.telegram.org/bot8611683567:AAEUSYRNLn-mzLawX3awnTvXJtyTa9x8phg/getUpdates "HTTP/1.1 200 OK"
2026-03-15 08:19:09,564 [INFO] httpx: HTTP Request: POST https://api.telegram.org/bot8611683567:AAEUSYRNLn-mzLawX3awnTvXJtyTa9x8phg/getUpdates "HTTP/1.1 200 OK"
2026-03-15 08:19:19,605 [INFO] httpx: HTTP Request: POST https://api.telegram.org/bot8611683567:AAEUSYRNLn-mzLawX3awnTvXJtyTa9x8phg/getUpdates "HTTP/1.1 200 OK"
2026-03-15 08:19:27,793 [INFO] httpx: HTTP Request: POST https://api.telegram.org/bot8611683567:AAEUSYRNLn-mzLawX3awnTvXJtyTa9x8phg/getUpdates "HTTP/1.1 200 OK"
2026-03-15 08:19:27,989 [INFO] httpx: HTTP Request: POST https://api.telegram.org/bot8611683567:AAEUSYRNLn-mzLawX3awnTvXJtyTa9x8phg/sendMessage "HTTP/1.1 200 OK"
2026-03-15 08:19:29,277 [INFO] httpx: HTTP Request: POST https://api.telegram.org/bot8611683567:AAEUSYRNLn-mzLawX3awnTvXJtyTa9x8phg/getUpdates "HTTP/1.1 200 OK"
2026-03-15 08:19:29,333 [INFO] httpx: HTTP Request: POST https://api.telegram.org/bot8611683567:AAEUSYRNLn-mzLawX3awnTvXJtyTa9x8phg/answerCallbackQuery "HTTP/1.1 200 OK"
2026-03-15 08:19:29,390 [INFO] httpx: HTTP Request: POST https://api.telegram.org/bot8611683567:AAEUSYRNLn-mzLawX3awnTvXJtyTa9x8phg/editMessageText "HTTP/1.1 200 OK"
2026-03-15 08:19:39,321 [INFO] httpx: HTTP Request: POST https://api.telegram.org/bot8611683567:AAEUSYRNLn-mzLawX3awnTvXJtyTa9x8phg/getUpdates "HTTP/1.1 200 OK"
2026-03-15 08:19:49,363 [INFO] httpx: HTTP Request: POST https://api.telegram.org/bot8611683567:AAEUSYRNLn-mzLawX3awnTvXJtyTa9x8phg/getUpdates "HTTP/1.1 200 OK"
2026-03-15 08:19:59,401 [INFO] httpx: HTTP Request: POST https://api.telegram.org/bot8611683567:AAEUSYRNLn-mzLawX3awnTvXJtyTa9x8phg/getUpdates "HTTP/1.1 200 OK"
2026-03-15 08:20:09,439 [INFO] httpx: HTTP Request: POST https://api.telegram.org/bot8611683567:AAEUSYRNLn-mzLawX3awnTvXJtyTa9x8phg/getUpdates "HTTP/1.1 200 OK"
2026-03-15 08:20:19,476 [INFO] httpx: HTTP Request: POST https://api.telegram.org/bot8611683567:AAEUSYRNLn-mzLawX3awnTvXJtyTa9x8phg/getUpdates "HTTP/1.1 200 OK"
2026-03-15 08:20:29,517 [INFO] httpx: HTTP Request: POST https://api.telegram.org/bot8611683567:AAEUSYRNLn-mzLawX3awnTvXJtyTa9x8phg/getUpdates "HTTP/1.1 200 OK"
2026-03-15 08:20:39,556 [INFO] httpx: HTTP Request: POST https://api.telegram.org/bot8611683567:AAEUSYRNLn-mzLawX3awnTvXJtyTa9x8phg/getUpdates "HTTP/1.1 200 OK"
2026-03-15 08:20:49,595 [INFO] httpx: HTTP Request: POST https://api.telegram.org/bot8611683567:AAEUSYRNLn-mzLawX3awnTvXJtyTa9x8phg/getUpdates "HTTP/1.1 200 OK"
2026-03-15 08:20:59,628 [INFO] httpx: HTTP Request: POST https://api.telegram.org/bot8611683567:AAEUSYRNLn-mzLawX3awnTvXJtyTa9x8phg/getUpdates "HTTP/1.1 200 OK"
2026-03-15 08:21:09,663 [INFO] httpx: HTTP Request: POST https://api.telegram.org/bot8611683567:AAEUSYRNLn-mzLawX3awnTvXJtyTa9x8phg/getUpdates "HTTP/1.1 200 OK"
2026-03-15 08:21:19,704 [INFO] httpx: HTTP Request: POST https://api.telegram.org/bot8611683567:AAEUSYRNLn-mzLawX3awnTvXJtyTa9x8phg/getUpdates "HTTP/1.1 200 OK"
2026-03-15 08:21:29,748 [INFO] httpx: HTTP Request: POST https://api.telegram.org/bot8611683567:AAEUSYRNLn-mzLawX3awnTvXJtyTa9x8phg/getUpdates "HTTP/1.1 200 OK"
2026-03-15 08:21:39,806 [INFO] httpx: HTTP Request: POST https://api.telegram.org/bot8611683567:AAEUSYRNLn-mzLawX3awnTvXJtyTa9x8phg/getUpdates "HTTP/1.1 200 OK"
2026-03-15 08:21:49,848 [INFO] httpx: HTTP Request: POST https://api.telegram.org/bot8611683567:AAEUSYRNLn-mzLawX3awnTvXJtyTa9x8phg/getUpdates "HTTP/1.1 200 OK"
2026-03-15 08:21:59,882 [INFO] httpx: HTTP Request: POST https://api.telegram.org/bot8611683567:AAEUSYRNLn-mzLawX3awnTvXJtyTa9x8phg/getUpdates "HTTP/1.1 200 OK"
2026-03-15 08:22:09,919 [INFO] httpx: HTTP Request: POST https://api.telegram.org/bot8611683567:AAEUSYRNLn-mzLawX3awnTvXJtyTa9x8phg/getUpdates "HTTP/1.1 200 OK"
2026-03-15 08:22:19,955 [INFO] httpx: HTTP Request: POST https://api.telegram.org/bot8611683567:AAEUSYRNLn-mzLawX3awnTvXJtyTa9x8phg/getUpdates "HTTP/1.1 200 OK"
2026-03-15 08:22:29,999 [INFO] httpx: HTTP Request: POST https://api.telegram.org/bot8611683567:AAEUSYRNLn-mzLawX3awnTvXJtyTa9x8phg/getUpdates "HTTP/1.1 200 OK"
2026-03-15 08:22:40,037 [INFO] httpx: HTTP Request: POST https://api.telegram.org/bot8611683567:AAEUSYRNLn-mzLawX3awnTvXJtyTa9x8phg/getUpdates "HTTP/1.1 200 OK"
2026-03-15 08:22:50,073 [INFO] httpx: HTTP Request: POST https://api.telegram.org/bot8611683567:AAEUSYRNLn-mzLawX3awnTvXJtyTa9x8phg/getUpdates "HTTP/1.1 200 OK"
2026-03-15 08:23:00,112 [INFO] httpx: HTTP Request: POST https://api.telegram.org/bot8611683567:AAEUSYRNLn-mzLawX3awnTvXJtyTa9x8phg/getUpdates "HTTP/1.1 200 OK"
2026-03-15 08:23:10,188 [INFO] httpx: HTTP Request: POST https://api.telegram.org/bot8611683567:AAEUSYRNLn-mzLawX3awnTvXJtyTa9x8phg/getUpdates "HTTP/1.1 200 OK"
2026-03-15 08:23:20,229 [INFO] httpx: HTTP Request: POST https://api.telegram.org/bot8611683567:AAEUSYRNLn-mzLawX3awnTvXJtyTa9x8phg/getUpdates "HTTP/1.1 200 OK"
2026-03-15 08:23:30,271 [INFO] httpx: HTTP Request: POST https://api.telegram.org/bot8611683567:AAEUSYRNLn-mzLawX3awnTvXJtyTa9x8phg/getUpdates "HTTP/1.1 200 OK"
2026-03-15 08:23:40,310 [INFO] httpx: HTTP Request: POST https://api.telegram.org/bot8611683567:AAEUSYRNLn-mzLawX3awnTvXJtyTa9x8phg/getUpdates "HTTP/1.1 200 OK"
2026-03-15 08:23:50,348 [INFO] httpx: HTTP Request: POST https://api.telegram.org/bot8611683567:AAEUSYRNLn-mzLawX3awnTvXJtyTa9x8phg/getUpdates "HTTP/1.1 200 OK"
2026-03-15 08:24:00,389 [INFO] httpx: HTTP Request: POST https://api.telegram.org/bot8611683567:AAEUSYRNLn-mzLawX3awnTvXJtyTa9x8phg/getUpdates "HTTP/1.1 200 OK"
2026-03-15 08:24:10,430 [INFO] httpx: HTTP Request: POST https://api.telegram.org/bot8611683567:AAEUSYRNLn-mzLawX3awnTvXJtyTa9x8phg/getUpdates "HTTP/1.1 200 OK"
2026-03-15 08:24:20,510 [INFO] httpx: HTTP Request: POST https://api.telegram.org/bot8611683567:AAEUSYRNLn-mzLawX3awnTvXJtyTa9x8phg/getUpdates "HTTP/1.1 200 OK"
2026-03-15 08:24:29,144 [INFO] httpx: HTTP Request: POST https://api.telegram.org/bot8611683567:AAEUSYRNLn-mzLawX3awnTvXJtyTa9x8phg/getUpdates "HTTP/1.1 200 OK"
2026-03-15 08:24:29,145 [INFO] telegram.ext.Application: Application is stopping. This might take a moment.
2026-03-15 08:24:29,146 [INFO] apscheduler.scheduler: Scheduler has been shut down
2026-03-15 08:24:29,168 [INFO] telegram.ext.Application: Application.stop() complete
2026-03-15 08:24:29,169 [INFO] apscheduler.scheduler: Scheduler has been shut down
2026-03-15 08:24:31,141 [INFO] __main__: ✅ БД готова
2026-03-15 08:24:31,591 [INFO] apscheduler.scheduler: Adding job tentatively -- it will be properly scheduled when the scheduler starts
2026-03-15 08:24:31,592 [INFO] __main__: 🤖 Бот запущен!
2026-03-15 08:24:31,753 [INFO] httpx: HTTP Request: POST https://api.telegram.org/bot8611683567:AAEUSYRNLn-mzLawX3awnTvXJtyTa9x8phg/getMe "HTTP/1.1 200 OK"
2026-03-15 08:24:31,755 [INFO] apscheduler.scheduler: Added job "main.<locals>.<lambda>" to job store "default"
2026-03-15 08:24:31,755 [INFO] apscheduler.scheduler: Scheduler started
2026-03-15 08:24:31,756 [INFO] __main__: ⏰ Планировщик: каждые 30 мин
2026-03-15 08:24:36,907 [INFO] httpx: HTTP Request: POST https://api.telegram.org/bot8611683567:AAEUSYRNLn-mzLawX3awnTvXJtyTa9x8phg/sendMessage "HTTP/1.1 200 OK"
2026-03-15 08:24:36,909 [INFO] __main__: ▶️  Проверка [15.03.2026 08:24]
2026-03-15 08:24:36,910 [INFO] scrapers.teztour: TEZ API: запрос 15.03.2026–04.04.2026
2026-03-15 08:24:40,833 [INFO] scrapers.teztour: TEZ Tour: 23 туров
2026-03-15 08:24:41,067 [INFO] scrapers.novatours: Novatours: токен получен (03096e2114...)
2026-03-15 08:24:41,615 [INFO] scrapers.novatours: Novatours: 10 отелей с ценами
2026-03-15 08:24:44,389 [INFO] scrapers.delfiin: Delfiin: 95 туров
2026-03-15 08:24:44,390 [INFO] __main__: Novatours: 10 туров до фильтра
2026-03-15 08:24:44,391 [INFO] __main__: TEZ Tour: 23 туров до фильтра
2026-03-15 08:24:44,391 [INFO] __main__: Delfiin: 95 туров до фильтра
2026-03-15 08:24:44,391 [INFO] __main__: Итого до фильтра: 128
2026-03-15 08:24:44,392 [INFO] __main__: ✅ Новых предложений: 75
2026-03-15 08:24:44,612 [INFO] httpx: HTTP Request: POST https://api.telegram.org/bot8611683567:AAEUSYRNLn-mzLawX3awnTvXJtyTa9x8phg/sendPhoto "HTTP/1.1 200 OK"
2026-03-15 08:24:44,750 [INFO] httpx: HTTP Request: POST https://api.telegram.org/bot8611683567:AAEUSYRNLn-mzLawX3awnTvXJtyTa9x8phg/sendMessage "HTTP/1.1 200 OK"
2026-03-15 08:24:44,886 [INFO] httpx: HTTP Request: POST https://api.telegram.org/bot8611683567:AAEUSYRNLn-mzLawX3awnTvXJtyTa9x8phg/sendMessage "HTTP/1.1 200 OK"
2026-03-15 08:24:45,031 [INFO] httpx: HTTP Request: POST https://api.telegram.org/bot8611683567:AAEUSYRNLn-mzLawX3awnTvXJtyTa9x8phg/sendMessage "HTTP/1.1 200 OK"
2026-03-15 08:24:45,160 [INFO] httpx: HTTP Request: POST https://api.telegram.org/bot8611683567:AAEUSYRNLn-mzLawX3awnTvXJtyTa9x8phg/sendMessage "HTTP/1.1 200 OK"
2026-03-15 08:24:45,307 [INFO] httpx: HTTP Request: POST https://api.telegram.org/bot8611683567:AAEUSYRNLn-mzLawX3awnTvXJtyTa9x8phg/sendMessage "HTTP/1.1 200 OK"
2026-03-15 08:24:45,445 [INFO] httpx: HTTP Request: POST https://api.telegram.org/bot8611683567:AAEUSYRNLn-mzLawX3awnTvXJtyTa9x8phg/sendMessage "HTTP/1.1 200 OK"
2026-03-15 08:24:45,618 [INFO] httpx: HTTP Request: POST https://api.telegram.org/bot8611683567:AAEUSYRNLn-mzLawX3awnTvXJtyTa9x8phg/sendMessage "HTTP/1.1 200 OK"
2026-03-15 08:24:45,757 [INFO] httpx: HTTP Request: POST https://api.telegram.org/bot8611683567:AAEUSYRNLn-mzLawX3awnTvXJtyTa9x8phg/sendMessage "HTTP/1.1 200 OK"
2026-03-15 08:24:45,797 [INFO] httpx: HTTP Request: POST https://api.telegram.org/bot8611683567:AAEUSYRNLn-mzLawX3awnTvXJtyTa9x8phg/deleteWebhook "HTTP/1.1 200 OK"
2026-03-15 08:24:45,798 [INFO] apscheduler.scheduler: Scheduler started
2026-03-15 08:24:45,799 [INFO] telegram.ext.Application: Application started
2026-03-15 08:24:55,908 [INFO] httpx: HTTP Request: POST https://api.telegram.org/bot8611683567:AAEUSYRNLn-mzLawX3awnTvXJtyTa9x8phg/getUpdates "HTTP/1.1 200 OK"
2026-03-15 08:25:05,945 [INFO] httpx: HTTP Request: POST https://api.telegram.org/bot8611683567:AAEUSYRNLn-mzLawX3awnTvXJtyTa9x8phg/getUpdates "HTTP/1.1 200 OK"
2026-03-15 08:25:16,014 [INFO] httpx: HTTP Request: POST https://api.telegram.org/bot8611683567:AAEUSYRNLn-mzLawX3awnTvXJtyTa9x8phg/getUpdates "HTTP/1.1 200 OK"
2026-03-15 08:25:26,069 [INFO] httpx: HTTP Request: POST https://api.telegram.org/bot8611683567:AAEUSYRNLn-mzLawX3awnTvXJtyTa9x8phg/getUpdates "HTTP/1.1 200 OK"
2026-03-15 08:25:36,107 [INFO] httpx: HTTP Request: POST https://api.telegram.org/bot8611683567:AAEUSYRNLn-mzLawX3awnTvXJtyTa9x8phg/getUpdates "HTTP/1.1 200 OK"
2026-03-15 08:25:46,146 [INFO] httpx: HTTP Request: POST https://api.telegram.org/bot8611683567:AAEUSYRNLn-mzLawX3awnTvXJtyTa9x8phg/getUpdates "HTTP/1.1 200 OK"
2026-03-15 08:25:56,190 [INFO] httpx: HTTP Request: POST https://api.telegram.org/bot8611683567:AAEUSYRNLn-mzLawX3awnTvXJtyTa9x8phg/getUpdates "HTTP/1.1 200 OK"
2026-03-15 08:26:06,251 [INFO] httpx: HTTP Request: POST https://api.telegram.org/bot8611683567:AAEUSYRNLn-mzLawX3awnTvXJtyTa9x8phg/getUpdates "HTTP/1.1 200 OK"
2026-03-15 08:26:16,290 [INFO] httpx: HTTP Request: POST https://api.telegram.org/bot8611683567:AAEUSYRNLn-mzLawX3awnTvXJtyTa9x8phg/getUpdates "HTTP/1.1 200 OK"
2026-03-15 08:26:26,325 [INFO] httpx: HTTP Request: POST https://api.telegram.org/bot8611683567:AAEUSYRNLn-mzLawX3awnTvXJtyTa9x8phg/getUpdates "HTTP/1.1 200 OK"
2026-03-15 08:26:36,361 [INFO] httpx: HTTP Request: POST https://api.telegram.org/bot8611683567:AAEUSYRNLn-mzLawX3awnTvXJtyTa9x8phg/getUpdates "HTTP/1.1 200 OK"
2026-03-15 08:26:46,398 [INFO] httpx: HTTP Request: POST https://api.telegram.org/bot8611683567:AAEUSYRNLn-mzLawX3awnTvXJtyTa9x8phg/getUpdates "HTTP/1.1 200 OK"
2026-03-15 08:26:56,437 [INFO] httpx: HTTP Request: POST https://api.telegram.org/bot8611683567:AAEUSYRNLn-mzLawX3awnTvXJtyTa9x8phg/getUpdates "HTTP/1.1 200 OK"
2026-03-15 08:27:06,474 [INFO] httpx: HTTP Request: POST https://api.telegram.org/bot8611683567:AAEUSYRNLn-mzLawX3awnTvXJtyTa9x8phg/getUpdates "HTTP/1.1 200 OK"
2026-03-15 08:27:16,516 [INFO] httpx: HTTP Request: POST https://api.telegram.org/bot8611683567:AAEUSYRNLn-mzLawX3awnTvXJtyTa9x8phg/getUpdates "HTTP/1.1 200 OK"
2026-03-15 08:27:26,551 [INFO] httpx: HTTP Request: POST https://api.telegram.org/bot8611683567:AAEUSYRNLn-mzLawX3awnTvXJtyTa9x8phg/getUpdates "HTTP/1.1 200 OK"
2026-03-15 08:27:36,585 [INFO] httpx: HTTP Request: POST https://api.telegram.org/bot8611683567:AAEUSYRNLn-mzLawX3awnTvXJtyTa9x8phg/getUpdates "HTTP/1.1 200 OK"
2026-03-15 08:27:46,623 [INFO] httpx: HTTP Request: POST https://api.telegram.org/bot8611683567:AAEUSYRNLn-mzLawX3awnTvXJtyTa9x8phg/getUpdates "HTTP/1.1 200 OK"
2026-03-15 08:27:56,665 [INFO] httpx: HTTP Request: POST https://api.telegram.org/bot8611683567:AAEUSYRNLn-mzLawX3awnTvXJtyTa9x8phg/getUpdates "HTTP/1.1 200 OK"
2026-03-15 08:28:06,697 [INFO] httpx: HTTP Request: POST https://api.telegram.org/bot8611683567:AAEUSYRNLn-mzLawX3awnTvXJtyTa9x8phg/getUpdates "HTTP/1.1 200 OK"
2026-03-15 08:28:13,671 [INFO] httpx: HTTP Request: POST https://api.telegram.org/bot8611683567:AAEUSYRNLn-mzLawX3awnTvXJtyTa9x8phg/getUpdates "HTTP/1.1 200 OK"
2026-03-15 08:28:13,672 [INFO] telegram.ext.Application: Application is stopping. This might take a moment.
2026-03-15 08:28:13,673 [INFO] apscheduler.scheduler: Scheduler has been shut down
2026-03-15 08:28:13,688 [INFO] telegram.ext.Application: Application.stop() complete
2026-03-15 08:28:13,690 [INFO] apscheduler.scheduler: Scheduler has been shut down
2026-03-15 08:28:15,241 [INFO] __main__: ✅ БД готова
2026-03-15 08:28:15,890 [INFO] apscheduler.scheduler: Adding job tentatively -- it will be properly scheduled when the scheduler starts
2026-03-15 08:28:15,890 [INFO] __main__: 🤖 Бот запущен!
2026-03-15 08:28:16,100 [INFO] httpx: HTTP Request: POST https://api.telegram.org/bot8611683567:AAEUSYRNLn-mzLawX3awnTvXJtyTa9x8phg/getMe "HTTP/1.1 200 OK"
2026-03-15 08:28:16,101 [INFO] apscheduler.scheduler: Added job "main.<locals>.<lambda>" to job store "default"
2026-03-15 08:28:16,102 [INFO] apscheduler.scheduler: Scheduler started
2026-03-15 08:28:16,102 [INFO] __main__: ⏰ Планировщик: каждые 30 мин
2026-03-15 08:28:21,245 [INFO] httpx: HTTP Request: POST https://api.telegram.org/bot8611683567:AAEUSYRNLn-mzLawX3awnTvXJtyTa9x8phg/sendMessage "HTTP/1.1 200 OK"
2026-03-15 08:28:21,247 [INFO] __main__: ▶️  Проверка [15.03.2026 08:28]
2026-03-15 08:28:21,250 [INFO] scrapers.teztour: TEZ API: запрос 15.03.2026–04.04.2026
2026-03-15 08:28:24,549 [INFO] scrapers.teztour: TEZ Tour: 23 туров
2026-03-15 08:28:25,302 [INFO] scrapers.novatours: Novatours: токен получен (03096e2114...)
2026-03-15 08:28:25,824 [INFO] scrapers.novatours: Novatours: 10 отелей с ценами
2026-03-15 08:28:28,540 [INFO] scrapers.delfiin: Delfiin: 95 туров
2026-03-15 08:28:28,540 [INFO] __main__: Novatours: 10 туров до фильтра
2026-03-15 08:28:28,540 [INFO] __main__: TEZ Tour: 23 туров до фильтра
2026-03-15 08:28:28,541 [INFO] __main__: Delfiin: 95 туров до фильтра
2026-03-15 08:28:28,541 [INFO] __main__: Итого до фильтра: 128
2026-03-15 08:28:28,542 [INFO] __main__: ✅ Новых предложений: 75
2026-03-15 08:28:28,721 [INFO] httpx: HTTP Request: POST https://api.telegram.org/bot8611683567:AAEUSYRNLn-mzLawX3awnTvXJtyTa9x8phg/sendPhoto "HTTP/1.1 200 OK"
2026-03-15 08:28:28,861 [INFO] httpx: HTTP Request: POST https://api.telegram.org/bot8611683567:AAEUSYRNLn-mzLawX3awnTvXJtyTa9x8phg/sendMessage "HTTP/1.1 200 OK"
2026-03-15 08:28:29,016 [INFO] httpx: HTTP Request: POST https://api.telegram.org/bot8611683567:AAEUSYRNLn-mzLawX3awnTvXJtyTa9x8phg/sendMessage "HTTP/1.1 200 OK"
2026-03-15 08:28:29,154 [INFO] httpx: HTTP Request: POST https://api.telegram.org/bot8611683567:AAEUSYRNLn-mzLawX3awnTvXJtyTa9x8phg/sendMessage "HTTP/1.1 200 OK"
2026-03-15 08:28:29,291 [INFO] httpx: HTTP Request: POST https://api.telegram.org/bot8611683567:AAEUSYRNLn-mzLawX3awnTvXJtyTa9x8phg/sendMessage "HTTP/1.1 200 OK"
2026-03-15 08:28:29,431 [INFO] httpx: HTTP Request: POST https://api.telegram.org/bot8611683567:AAEUSYRNLn-mzLawX3awnTvXJtyTa9x8phg/sendMessage "HTTP/1.1 200 OK"
2026-03-15 08:28:29,685 [INFO] httpx: HTTP Request: POST https://api.telegram.org/bot8611683567:AAEUSYRNLn-mzLawX3awnTvXJtyTa9x8phg/sendMessage "HTTP/1.1 200 OK"
2026-03-15 08:28:29,890 [INFO] httpx: HTTP Request: POST https://api.telegram.org/bot8611683567:AAEUSYRNLn-mzLawX3awnTvXJtyTa9x8phg/sendMessage "HTTP/1.1 200 OK"
2026-03-15 08:28:30,032 [INFO] httpx: HTTP Request: POST https://api.telegram.org/bot8611683567:AAEUSYRNLn-mzLawX3awnTvXJtyTa9x8phg/sendMessage "HTTP/1.1 200 OK"
2026-03-15 08:28:30,096 [INFO] httpx: HTTP Request: POST https://api.telegram.org/bot8611683567:AAEUSYRNLn-mzLawX3awnTvXJtyTa9x8phg/deleteWebhook "HTTP/1.1 200 OK"
2026-03-15 08:28:30,099 [INFO] apscheduler.scheduler: Scheduler started
2026-03-15 08:28:30,100 [INFO] telegram.ext.Application: Application started
2026-03-15 08:28:40,328 [INFO] httpx: HTTP Request: POST https://api.telegram.org/bot8611683567:AAEUSYRNLn-mzLawX3awnTvXJtyTa9x8phg/getUpdates "HTTP/1.1 200 OK"
2026-03-15 08:28:50,373 [INFO] httpx: HTTP Request: POST https://api.telegram.org/bot8611683567:AAEUSYRNLn-mzLawX3awnTvXJtyTa9x8phg/getUpdates "HTTP/1.1 200 OK"
2026-03-15 08:29:00,411 [INFO] httpx: HTTP Request: POST https://api.telegram.org/bot8611683567:AAEUSYRNLn-mzLawX3awnTvXJtyTa9x8phg/getUpdates "HTTP/1.1 200 OK"
2026-03-15 08:29:10,446 [INFO] httpx: HTTP Request: POST https://api.telegram.org/bot8611683567:AAEUSYRNLn-mzLawX3awnTvXJtyTa9x8phg/getUpdates "HTTP/1.1 200 OK"
2026-03-15 08:29:20,481 [INFO] httpx: HTTP Request: POST https://api.telegram.org/bot8611683567:AAEUSYRNLn-mzLawX3awnTvXJtyTa9x8phg/getUpdates "HTTP/1.1 200 OK"
2026-03-15 08:29:30,513 [INFO] httpx: HTTP Request: POST https://api.telegram.org/bot8611683567:AAEUSYRNLn-mzLawX3awnTvXJtyTa9x8phg/getUpdates "HTTP/1.1 200 OK"
2026-03-15 08:29:40,549 [INFO] httpx: HTTP Request: POST https://api.telegram.org/bot8611683567:AAEUSYRNLn-mzLawX3awnTvXJtyTa9x8phg/getUpdates "HTTP/1.1 200 OK"
2026-03-15 08:29:50,586 [INFO] httpx: HTTP Request: POST https://api.telegram.org/bot8611683567:AAEUSYRNLn-mzLawX3awnTvXJtyTa9x8phg/getUpdates "HTTP/1.1 200 OK"
2026-03-15 08:30:00,625 [INFO] httpx: HTTP Request: POST https://api.telegram.org/bot8611683567:AAEUSYRNLn-mzLawX3awnTvXJtyTa9x8phg/getUpdates "HTTP/1.1 200 OK"
2026-03-15 08:30:10,662 [INFO] httpx: HTTP Request: POST https://api.telegram.org/bot8611683567:AAEUSYRNLn-mzLawX3awnTvXJtyTa9x8phg/getUpdates "HTTP/1.1 200 OK"
2026-03-15 08:30:20,700 [INFO] httpx: HTTP Request: POST https://api.telegram.org/bot8611683567:AAEUSYRNLn-mzLawX3awnTvXJtyTa9x8phg/getUpdates "HTTP/1.1 200 OK"
2026-03-15 08:30:30,735 [INFO] httpx: HTTP Request: POST https://api.telegram.org/bot8611683567:AAEUSYRNLn-mzLawX3awnTvXJtyTa9x8phg/getUpdates "HTTP/1.1 200 OK"
2026-03-15 08:30:40,773 [INFO] httpx: HTTP Request: POST https://api.telegram.org/bot8611683567:AAEUSYRNLn-mzLawX3awnTvXJtyTa9x8phg/getUpdates "HTTP/1.1 200 OK"
2026-03-15 08:30:50,838 [INFO] httpx: HTTP Request: POST https://api.telegram.org/bot8611683567:AAEUSYRNLn-mzLawX3awnTvXJtyTa9x8phg/getUpdates "HTTP/1.1 200 OK"
2026-03-15 08:31:00,873 [INFO] httpx: HTTP Request: POST https://api.telegram.org/bot8611683567:AAEUSYRNLn-mzLawX3awnTvXJtyTa9x8phg/getUpdates "HTTP/1.1 200 OK"
2026-03-15 08:32:31,394 [INFO] __main__: ✅ БД готова
2026-03-15 08:32:31,839 [INFO] apscheduler.scheduler: Adding job tentatively -- it will be properly scheduled when the scheduler starts
2026-03-15 08:32:31,840 [INFO] __main__: 🤖 Бот запущен!
2026-03-15 08:32:32,001 [INFO] httpx: HTTP Request: POST https://api.telegram.org/bot8611683567:AAEUSYRNLn-mzLawX3awnTvXJtyTa9x8phg/getMe "HTTP/1.1 200 OK"
2026-03-15 08:32:32,003 [INFO] apscheduler.scheduler: Added job "main.<locals>.<lambda>" to job store "default"
2026-03-15 08:32:32,003 [INFO] apscheduler.scheduler: Scheduler started
2026-03-15 08:32:32,003 [INFO] __main__: ⏰ Планировщик: каждые 30 мин
2026-03-15 08:32:37,172 [INFO] httpx: HTTP Request: POST https://api.telegram.org/bot8611683567:AAEUSYRNLn-mzLawX3awnTvXJtyTa9x8phg/sendMessage "HTTP/1.1 200 OK"
2026-03-15 08:32:37,174 [INFO] __main__: ▶️  Проверка [15.03.2026 08:32]
2026-03-15 08:32:37,175 [INFO] scrapers.teztour: TEZ API: запрос 15.03.2026–04.04.2026
2026-03-15 08:32:39,364 [INFO] scrapers.teztour: TEZ Tour: 24 туров
2026-03-15 08:32:41,169 [INFO] scrapers.novatours: Novatours: токен получен (03096e2114...)
2026-03-15 08:32:44,560 [INFO] scrapers.delfiin: Delfiin: 95 туров
2026-03-15 08:32:44,735 [INFO] scrapers.novatours: Novatours: 10 отелей с ценами
2026-03-15 08:32:54,094 [INFO] __main__: Novatours: 10 туров до фильтра
2026-03-15 08:32:54,095 [INFO] __main__: TEZ Tour: 24 туров до фильтра
2026-03-15 08:32:54,095 [INFO] __main__: Delfiin: 95 туров до фильтра
2026-03-15 08:32:54,095 [INFO] __main__: Итого до фильтра: 129
2026-03-15 08:32:54,097 [INFO] __main__: ✅ Новых предложений: 75
2026-03-15 08:32:54,256 [INFO] httpx: HTTP Request: POST https://api.telegram.org/bot8611683567:AAEUSYRNLn-mzLawX3awnTvXJtyTa9x8phg/sendPhoto "HTTP/1.1 200 OK"
2026-03-15 08:32:54,396 [INFO] httpx: HTTP Request: POST https://api.telegram.org/bot8611683567:AAEUSYRNLn-mzLawX3awnTvXJtyTa9x8phg/sendMessage "HTTP/1.1 200 OK"
2026-03-15 08:32:54,525 [INFO] httpx: HTTP Request: POST https://api.telegram.org/bot8611683567:AAEUSYRNLn-mzLawX3awnTvXJtyTa9x8phg/sendMessage "HTTP/1.1 200 OK"
2026-03-15 08:32:54,650 [INFO] httpx: HTTP Request: POST https://api.telegram.org/bot8611683567:AAEUSYRNLn-mzLawX3awnTvXJtyTa9x8phg/sendMessage "HTTP/1.1 200 OK"
2026-03-15 08:32:54,770 [INFO] httpx: HTTP Request: POST https://api.telegram.org/bot8611683567:AAEUSYRNLn-mzLawX3awnTvXJtyTa9x8phg/sendMessage "HTTP/1.1 200 OK"
2026-03-15 08:32:54,910 [INFO] httpx: HTTP Request: POST https://api.telegram.org/bot8611683567:AAEUSYRNLn-mzLawX3awnTvXJtyTa9x8phg/sendMessage "HTTP/1.1 200 OK"
2026-03-15 08:32:55,036 [INFO] httpx: HTTP Request: POST https://api.telegram.org/bot8611683567:AAEUSYRNLn-mzLawX3awnTvXJtyTa9x8phg/sendMessage "HTTP/1.1 200 OK"
2026-03-15 08:32:55,166 [INFO] httpx: HTTP Request: POST https://api.telegram.org/bot8611683567:AAEUSYRNLn-mzLawX3awnTvXJtyTa9x8phg/sendMessage "HTTP/1.1 200 OK"
2026-03-15 08:32:55,281 [INFO] httpx: HTTP Request: POST https://api.telegram.org/bot8611683567:AAEUSYRNLn-mzLawX3awnTvXJtyTa9x8phg/sendMessage "HTTP/1.1 200 OK"
2026-03-15 08:32:55,314 [INFO] httpx: HTTP Request: POST https://api.telegram.org/bot8611683567:AAEUSYRNLn-mzLawX3awnTvXJtyTa9x8phg/deleteWebhook "HTTP/1.1 200 OK"
2026-03-15 08:32:55,316 [INFO] apscheduler.scheduler: Scheduler started
2026-03-15 08:32:55,316 [INFO] telegram.ext.Application: Application started
2026-03-15 08:33:05,421 [INFO] httpx: HTTP Request: POST https://api.telegram.org/bot8611683567:AAEUSYRNLn-mzLawX3awnTvXJtyTa9x8phg/getUpdates "HTTP/1.1 200 OK"
2026-03-15 08:33:15,460 [INFO] httpx: HTTP Request: POST https://api.telegram.org/bot8611683567:AAEUSYRNLn-mzLawX3awnTvXJtyTa9x8phg/getUpdates "HTTP/1.1 200 OK"
2026-03-15 08:33:25,496 [INFO] httpx: HTTP Request: POST https://api.telegram.org/bot8611683567:AAEUSYRNLn-mzLawX3awnTvXJtyTa9x8phg/getUpdates "HTTP/1.1 200 OK"
2026-03-15 08:33:35,534 [INFO] httpx: HTTP Request: POST https://api.telegram.org/bot8611683567:AAEUSYRNLn-mzLawX3awnTvXJtyTa9x8phg/getUpdates "HTTP/1.1 200 OK"
2026-03-15 08:33:45,568 [INFO] httpx: HTTP Request: POST https://api.telegram.org/bot8611683567:AAEUSYRNLn-mzLawX3awnTvXJtyTa9x8phg/getUpdates "HTTP/1.1 200 OK"
2026-03-15 08:33:55,606 [INFO] httpx: HTTP Request: POST https://api.telegram.org/bot8611683567:AAEUSYRNLn-mzLawX3awnTvXJtyTa9x8phg/getUpdates "HTTP/1.1 200 OK"
2026-03-15 08:34:05,648 [INFO] httpx: HTTP Request: POST https://api.telegram.org/bot8611683567:AAEUSYRNLn-mzLawX3awnTvXJtyTa9x8phg/getUpdates "HTTP/1.1 200 OK"
2026-03-15 08:34:15,686 [INFO] httpx: HTTP Request: POST https://api.telegram.org/bot8611683567:AAEUSYRNLn-mzLawX3awnTvXJtyTa9x8phg/getUpdates "HTTP/1.1 200 OK"
2026-03-15 08:34:25,724 [INFO] httpx: HTTP Request: POST https://api.telegram.org/bot8611683567:AAEUSYRNLn-mzLawX3awnTvXJtyTa9x8phg/getUpdates "HTTP/1.1 200 OK"
2026-03-15 08:34:35,762 [INFO] httpx: HTTP Request: POST https://api.telegram.org/bot8611683567:AAEUSYRNLn-mzLawX3awnTvXJtyTa9x8phg/getUpdates "HTTP/1.1 200 OK"
2026-03-15 08:34:45,815 [INFO] httpx: HTTP Request: POST https://api.telegram.org/bot8611683567:AAEUSYRNLn-mzLawX3awnTvXJtyTa9x8phg/getUpdates "HTTP/1.1 200 OK"
2026-03-15 08:34:55,853 [INFO] httpx: HTTP Request: POST https://api.telegram.org/bot8611683567:AAEUSYRNLn-mzLawX3awnTvXJtyTa9x8phg/getUpdates "HTTP/1.1 200 OK"
2026-03-15 08:35:05,890 [INFO] httpx: HTTP Request: POST https://api.telegram.org/bot8611683567:AAEUSYRNLn-mzLawX3awnTvXJtyTa9x8phg/getUpdates "HTTP/1.1 200 OK"
2026-03-15 08:35:10,186 [INFO] httpx: HTTP Request: POST https://api.telegram.org/bot8611683567:AAEUSYRNLn-mzLawX3awnTvXJtyTa9x8phg/getUpdates "HTTP/1.1 200 OK"
2026-03-15 08:35:10,187 [INFO] telegram.ext.Application: Application is stopping. This might take a moment.
2026-03-15 08:35:10,188 [INFO] apscheduler.scheduler: Scheduler has been shut down
2026-03-15 08:35:10,211 [INFO] telegram.ext.Application: Application.stop() complete
2026-03-15 08:35:10,213 [INFO] apscheduler.scheduler: Scheduler has been shut down
2026-03-15 08:36:25,423 [INFO] __main__: ✅ БД готова
2026-03-15 08:36:25,867 [INFO] apscheduler.scheduler: Adding job tentatively -- it will be properly scheduled when the scheduler starts
2026-03-15 08:36:25,867 [INFO] __main__: 🤖 Бот запущен!
2026-03-15 08:36:26,057 [INFO] httpx: HTTP Request: POST https://api.telegram.org/bot8611683567:AAEUSYRNLn-mzLawX3awnTvXJtyTa9x8phg/getMe "HTTP/1.1 200 OK"
2026-03-15 08:36:26,059 [INFO] apscheduler.scheduler: Added job "main.<locals>.<lambda>" to job store "default"
2026-03-15 08:36:26,059 [INFO] apscheduler.scheduler: Scheduler started
2026-03-15 08:36:26,060 [INFO] __main__: ⏰ Планировщик: каждые 30 мин
2026-03-15 08:36:31,372 [INFO] httpx: HTTP Request: POST https://api.telegram.org/bot8611683567:AAEUSYRNLn-mzLawX3awnTvXJtyTa9x8phg/sendMessage "HTTP/1.1 200 OK"
2026-03-15 08:36:31,374 [INFO] __main__: ▶️  Проверка [15.03.2026 08:36]
2026-03-15 08:36:31,375 [INFO] scrapers.teztour: TEZ API: запрос 15.03.2026–04.04.2026
2026-03-15 08:36:35,458 [INFO] scrapers.teztour: TEZ Tour: 23 туров
2026-03-15 08:36:35,742 [INFO] scrapers.novatours: Novatours: токен получен (03096e2114...)
2026-03-15 08:36:36,268 [INFO] scrapers.novatours: Novatours: 10 отелей с ценами
2026-03-15 08:36:39,091 [INFO] scrapers.delfiin: Delfiin: 95 туров
2026-03-15 08:36:39,092 [INFO] __main__: Novatours: 10 туров до фильтра
2026-03-15 08:36:39,092 [INFO] __main__: TEZ Tour: 23 туров до фильтра
2026-03-15 08:36:39,092 [INFO] __main__: Delfiin: 95 туров до фильтра
2026-03-15 08:36:39,092 [INFO] __main__: Итого до фильтра: 128
2026-03-15 08:36:39,094 [INFO] __main__: ✅ Новых предложений: 74
2026-03-15 08:36:39,431 [INFO] httpx: HTTP Request: POST https://api.telegram.org/bot8611683567:AAEUSYRNLn-mzLawX3awnTvXJtyTa9x8phg/sendPhoto "HTTP/1.1 200 OK"
2026-03-15 08:36:39,569 [INFO] httpx: HTTP Request: POST https://api.telegram.org/bot8611683567:AAEUSYRNLn-mzLawX3awnTvXJtyTa9x8phg/sendMessage "HTTP/1.1 200 OK"
2026-03-15 08:36:39,718 [INFO] httpx: HTTP Request: POST https://api.telegram.org/bot8611683567:AAEUSYRNLn-mzLawX3awnTvXJtyTa9x8phg/sendMessage "HTTP/1.1 200 OK"
2026-03-15 08:36:39,850 [INFO] httpx: HTTP Request: POST https://api.telegram.org/bot8611683567:AAEUSYRNLn-mzLawX3awnTvXJtyTa9x8phg/sendMessage "HTTP/1.1 200 OK"
2026-03-15 08:36:39,982 [INFO] httpx: HTTP Request: POST https://api.telegram.org/bot8611683567:AAEUSYRNLn-mzLawX3awnTvXJtyTa9x8phg/sendMessage "HTTP/1.1 200 OK"
2026-03-15 08:36:40,120 [INFO] httpx: HTTP Request: POST https://api.telegram.org/bot8611683567:AAEUSYRNLn-mzLawX3awnTvXJtyTa9x8phg/sendMessage "HTTP/1.1 200 OK"
2026-03-15 08:36:40,257 [INFO] httpx: HTTP Request: POST https://api.telegram.org/bot8611683567:AAEUSYRNLn-mzLawX3awnTvXJtyTa9x8phg/sendMessage "HTTP/1.1 200 OK"
2026-03-15 08:36:40,401 [INFO] httpx: HTTP Request: POST https://api.telegram.org/bot8611683567:AAEUSYRNLn-mzLawX3awnTvXJtyTa9x8phg/sendMessage "HTTP/1.1 200 OK"
2026-03-15 08:36:40,526 [INFO] httpx: HTTP Request: POST https://api.telegram.org/bot8611683567:AAEUSYRNLn-mzLawX3awnTvXJtyTa9x8phg/sendMessage "HTTP/1.1 200 OK"
2026-03-15 08:36:40,591 [INFO] httpx: HTTP Request: POST https://api.telegram.org/bot8611683567:AAEUSYRNLn-mzLawX3awnTvXJtyTa9x8phg/deleteWebhook "HTTP/1.1 200 OK"
2026-03-15 08:36:40,594 [INFO] apscheduler.scheduler: Scheduler started
2026-03-15 08:36:40,595 [INFO] telegram.ext.Application: Application started
2026-03-15 08:36:50,762 [INFO] httpx: HTTP Request: POST https://api.telegram.org/bot8611683567:AAEUSYRNLn-mzLawX3awnTvXJtyTa9x8phg/getUpdates "HTTP/1.1 200 OK"
2026-03-15 08:37:00,798 [INFO] httpx: HTTP Request: POST https://api.telegram.org/bot8611683567:AAEUSYRNLn-mzLawX3awnTvXJtyTa9x8phg/getUpdates "HTTP/1.1 200 OK"
2026-03-15 08:37:10,835 [INFO] httpx: HTTP Request: POST https://api.telegram.org/bot8611683567:AAEUSYRNLn-mzLawX3awnTvXJtyTa9x8phg/getUpdates "HTTP/1.1 200 OK"
2026-03-15 08:37:20,872 [INFO] httpx: HTTP Request: POST https://api.telegram.org/bot8611683567:AAEUSYRNLn-mzLawX3awnTvXJtyTa9x8phg/getUpdates "HTTP/1.1 200 OK"
2026-03-15 08:37:30,907 [INFO] httpx: HTTP Request: POST https://api.telegram.org/bot8611683567:AAEUSYRNLn-mzLawX3awnTvXJtyTa9x8phg/getUpdates "HTTP/1.1 200 OK"
2026-03-15 08:37:40,940 [INFO] httpx: HTTP Request: POST https://api.telegram.org/bot8611683567:AAEUSYRNLn-mzLawX3awnTvXJtyTa9x8phg/getUpdates "HTTP/1.1 200 OK"
2026-03-15 08:37:50,975 [INFO] httpx: HTTP Request: POST https://api.telegram.org/bot8611683567:AAEUSYRNLn-mzLawX3awnTvXJtyTa9x8phg/getUpdates "HTTP/1.1 200 OK"
2026-03-15 08:38:01,012 [INFO] httpx: HTTP Request: POST https://api.telegram.org/bot8611683567:AAEUSYRNLn-mzLawX3awnTvXJtyTa9x8phg/getUpdates "HTTP/1.1 200 OK"
2026-03-15 08:38:11,045 [INFO] httpx: HTTP Request: POST https://api.telegram.org/bot8611683567:AAEUSYRNLn-mzLawX3awnTvXJtyTa9x8phg/getUpdates "HTTP/1.1 200 OK"
2026-03-15 08:38:21,081 [INFO] httpx: HTTP Request: POST https://api.telegram.org/bot8611683567:AAEUSYRNLn-mzLawX3awnTvXJtyTa9x8phg/getUpdates "HTTP/1.1 200 OK"
2026-03-15 08:38:31,116 [INFO] httpx: HTTP Request: POST https://api.telegram.org/bot8611683567:AAEUSYRNLn-mzLawX3awnTvXJtyTa9x8phg/getUpdates "HTTP/1.1 200 OK"
2026-03-15 08:38:41,151 [INFO] httpx: HTTP Request: POST https://api.telegram.org/bot8611683567:AAEUSYRNLn-mzLawX3awnTvXJtyTa9x8phg/getUpdates "HTTP/1.1 200 OK"
2026-03-15 08:38:51,191 [INFO] httpx: HTTP Request: POST https://api.telegram.org/bot8611683567:AAEUSYRNLn-mzLawX3awnTvXJtyTa9x8phg/getUpdates "HTTP/1.1 200 OK"
2026-03-15 08:39:01,225 [INFO] httpx: HTTP Request: POST https://api.telegram.org/bot8611683567:AAEUSYRNLn-mzLawX3awnTvXJtyTa9x8phg/getUpdates "HTTP/1.1 200 OK"
2026-03-15 08:39:11,262 [INFO] httpx: HTTP Request: POST https://api.telegram.org/bot8611683567:AAEUSYRNLn-mzLawX3awnTvXJtyTa9x8phg/getUpdates "HTTP/1.1 200 OK"
2026-03-15 08:39:21,296 [INFO] httpx: HTTP Request: POST https://api.telegram.org/bot8611683567:AAEUSYRNLn-mzLawX3awnTvXJtyTa9x8phg/getUpdates "HTTP/1.1 200 OK"
2026-03-15 08:39:31,332 [INFO] httpx: HTTP Request: POST https://api.telegram.org/bot8611683567:AAEUSYRNLn-mzLawX3awnTvXJtyTa9x8phg/getUpdates "HTTP/1.1 200 OK"
2026-03-15 08:39:38,698 [INFO] httpx: HTTP Request: POST https://api.telegram.org/bot8611683567:AAEUSYRNLn-mzLawX3awnTvXJtyTa9x8phg/getUpdates "HTTP/1.1 200 OK"
2026-03-15 08:39:38,699 [INFO] telegram.ext.Application: Application is stopping. This might take a moment.
2026-03-15 08:39:38,700 [INFO] apscheduler.scheduler: Scheduler has been shut down
2026-03-15 08:39:38,712 [INFO] telegram.ext.Application: Application.stop() complete
2026-03-15 08:39:38,713 [INFO] apscheduler.scheduler: Scheduler has been shut down
2026-03-15 08:39:40,241 [INFO] __main__: ✅ БД готова
2026-03-15 08:39:40,721 [INFO] apscheduler.scheduler: Adding job tentatively -- it will be properly scheduled when the scheduler starts
2026-03-15 08:39:40,722 [INFO] __main__: 🤖 Бот запущен!
2026-03-15 08:39:40,895 [INFO] httpx: HTTP Request: POST https://api.telegram.org/bot8611683567:AAEUSYRNLn-mzLawX3awnTvXJtyTa9x8phg/getMe "HTTP/1.1 200 OK"
2026-03-15 08:39:40,896 [INFO] apscheduler.scheduler: Added job "main.<locals>.<lambda>" to job store "default"
2026-03-15 08:39:40,897 [INFO] apscheduler.scheduler: Scheduler started
2026-03-15 08:39:40,897 [INFO] __main__: ⏰ Планировщик: каждые 30 мин
2026-03-15 08:39:46,102 [INFO] httpx: HTTP Request: POST https://api.telegram.org/bot8611683567:AAEUSYRNLn-mzLawX3awnTvXJtyTa9x8phg/sendMessage "HTTP/1.1 200 OK"
2026-03-15 08:39:46,104 [INFO] __main__: ▶️  Проверка [15.03.2026 08:39]
2026-03-15 08:39:46,108 [INFO] scrapers.teztour: TEZ API: запрос 15.03.2026–04.04.2026
2026-03-15 08:39:49,091 [INFO] scrapers.teztour: TEZ Tour: 23 туров
2026-03-15 08:39:50,077 [INFO] scrapers.novatours: Novatours: токен получен (03096e2114...)
2026-03-15 08:39:50,642 [INFO] scrapers.novatours: Novatours: 10 отелей с ценами
2026-03-15 08:39:53,604 [INFO] scrapers.delfiin: Delfiin: 95 туров
2026-03-15 08:39:53,605 [INFO] __main__: Novatours: 10 туров до фильтра
2026-03-15 08:39:53,605 [INFO] __main__: TEZ Tour: 23 туров до фильтра
2026-03-15 08:39:53,605 [INFO] __main__: Delfiin: 95 туров до фильтра
2026-03-15 08:39:53,605 [INFO] __main__: Итого до фильтра: 128
2026-03-15 08:39:53,607 [INFO] __main__: ✅ Новых предложений: 74
2026-03-15 08:39:53,853 [INFO] httpx: HTTP Request: POST https://api.telegram.org/bot8611683567:AAEUSYRNLn-mzLawX3awnTvXJtyTa9x8phg/sendPhoto "HTTP/1.1 200 OK"
2026-03-15 08:39:53,997 [INFO] httpx: HTTP Request: POST https://api.telegram.org/bot8611683567:AAEUSYRNLn-mzLawX3awnTvXJtyTa9x8phg/sendMessage "HTTP/1.1 200 OK"
2026-03-15 08:39:54,148 [INFO] httpx: HTTP Request: POST https://api.telegram.org/bot8611683567:AAEUSYRNLn-mzLawX3awnTvXJtyTa9x8phg/sendMessage "HTTP/1.1 200 OK"
2026-03-15 08:39:54,288 [INFO] httpx: HTTP Request: POST https://api.telegram.org/bot8611683567:AAEUSYRNLn-mzLawX3awnTvXJtyTa9x8phg/sendMessage "HTTP/1.1 200 OK"
2026-03-15 08:39:54,547 [INFO] httpx: HTTP Request: POST https://api.telegram.org/bot8611683567:AAEUSYRNLn-mzLawX3awnTvXJtyTa9x8phg/sendMessage "HTTP/1.1 200 OK"
2026-03-15 08:39:54,690 [INFO] httpx: HTTP Request: POST https://api.telegram.org/bot8611683567:AAEUSYRNLn-mzLawX3awnTvXJtyTa9x8phg/sendMessage "HTTP/1.1 200 OK"
2026-03-15 08:39:54,882 [INFO] httpx: HTTP Request: POST https://api.telegram.org/bot8611683567:AAEUSYRNLn-mzLawX3awnTvXJtyTa9x8phg/sendMessage "HTTP/1.1 200 OK"
2026-03-15 08:39:55,013 [INFO] httpx: HTTP Request: POST https://api.telegram.org/bot8611683567:AAEUSYRNLn-mzLawX3awnTvXJtyTa9x8phg/sendMessage "HTTP/1.1 200 OK"
2026-03-15 08:39:55,133 [INFO] httpx: HTTP Request: POST https://api.telegram.org/bot8611683567:AAEUSYRNLn-mzLawX3awnTvXJtyTa9x8phg/sendMessage "HTTP/1.1 200 OK"
2026-03-15 08:39:55,216 [INFO] httpx: HTTP Request: POST https://api.telegram.org/bot8611683567:AAEUSYRNLn-mzLawX3awnTvXJtyTa9x8phg/deleteWebhook "HTTP/1.1 200 OK"
2026-03-15 08:39:55,219 [INFO] apscheduler.scheduler: Scheduler started
2026-03-15 08:39:55,219 [INFO] telegram.ext.Application: Application started
2026-03-15 08:40:05,385 [INFO] httpx: HTTP Request: POST https://api.telegram.org/bot8611683567:AAEUSYRNLn-mzLawX3awnTvXJtyTa9x8phg/getUpdates "HTTP/1.1 200 OK"
2026-03-15 08:40:15,419 [INFO] httpx: HTTP Request: POST https://api.telegram.org/bot8611683567:AAEUSYRNLn-mzLawX3awnTvXJtyTa9x8phg/getUpdates "HTTP/1.1 200 OK"
2026-03-15 08:40:25,453 [INFO] httpx: HTTP Request: POST https://api.telegram.org/bot8611683567:AAEUSYRNLn-mzLawX3awnTvXJtyTa9x8phg/getUpdates "HTTP/1.1 200 OK"
2026-03-15 08:40:35,509 [INFO] httpx: HTTP Request: POST https://api.telegram.org/bot8611683567:AAEUSYRNLn-mzLawX3awnTvXJtyTa9x8phg/getUpdates "HTTP/1.1 200 OK"
2026-03-15 08:40:45,546 [INFO] httpx: HTTP Request: POST https://api.telegram.org/bot8611683567:AAEUSYRNLn-mzLawX3awnTvXJtyTa9x8phg/getUpdates "HTTP/1.1 200 OK"
2026-03-15 08:40:55,585 [INFO] httpx: HTTP Request: POST https://api.telegram.org/bot8611683567:AAEUSYRNLn-mzLawX3awnTvXJtyTa9x8phg/getUpdates "HTTP/1.1 200 OK"
2026-03-15 08:41:05,624 [INFO] httpx: HTTP Request: POST https://api.telegram.org/bot8611683567:AAEUSYRNLn-mzLawX3awnTvXJtyTa9x8phg/getUpdates "HTTP/1.1 200 OK"
2026-03-15 08:41:15,658 [INFO] httpx: HTTP Request: POST https://api.telegram.org/bot8611683567:AAEUSYRNLn-mzLawX3awnTvXJtyTa9x8phg/getUpdates "HTTP/1.1 200 OK"
2026-03-15 08:41:25,714 [INFO] httpx: HTTP Request: POST https://api.telegram.org/bot8611683567:AAEUSYRNLn-mzLawX3awnTvXJtyTa9x8phg/getUpdates "HTTP/1.1 200 OK"
2026-03-15 08:41:35,750 [INFO] httpx: HTTP Request: POST https://api.telegram.org/bot8611683567:AAEUSYRNLn-mzLawX3awnTvXJtyTa9x8phg/getUpdates "HTTP/1.1 200 OK"
2026-03-15 08:41:45,786 [INFO] httpx: HTTP Request: POST https://api.telegram.org/bot8611683567:AAEUSYRNLn-mzLawX3awnTvXJtyTa9x8phg/getUpdates "HTTP/1.1 200 OK"
2026-03-15 08:41:55,846 [INFO] httpx: HTTP Request: POST https://api.telegram.org/bot8611683567:AAEUSYRNLn-mzLawX3awnTvXJtyTa9x8phg/getUpdates "HTTP/1.1 200 OK"
2026-03-15 08:42:05,885 [INFO] httpx: HTTP Request: POST https://api.telegram.org/bot8611683567:AAEUSYRNLn-mzLawX3awnTvXJtyTa9x8phg/getUpdates "HTTP/1.1 200 OK"
2026-03-15 08:42:15,920 [INFO] httpx: HTTP Request: POST https://api.telegram.org/bot8611683567:AAEUSYRNLn-mzLawX3awnTvXJtyTa9x8phg/getUpdates "HTTP/1.1 200 OK"
2026-03-15 08:42:25,954 [INFO] httpx: HTTP Request: POST https://api.telegram.org/bot8611683567:AAEUSYRNLn-mzLawX3awnTvXJtyTa9x8phg/getUpdates "HTTP/1.1 200 OK"
2026-03-15 08:42:35,987 [INFO] httpx: HTTP Request: POST https://api.telegram.org/bot8611683567:AAEUSYRNLn-mzLawX3awnTvXJtyTa9x8phg/getUpdates "HTTP/1.1 200 OK"
2026-03-15 08:42:46,023 [INFO] httpx: HTTP Request: POST https://api.telegram.org/bot8611683567:AAEUSYRNLn-mzLawX3awnTvXJtyTa9x8phg/getUpdates "HTTP/1.1 200 OK"
2026-03-15 08:42:56,056 [INFO] httpx: HTTP Request: POST https://api.telegram.org/bot8611683567:AAEUSYRNLn-mzLawX3awnTvXJtyTa9x8phg/getUpdates "HTTP/1.1 200 OK"
2026-03-15 08:43:06,097 [INFO] httpx: HTTP Request: POST https://api.telegram.org/bot8611683567:AAEUSYRNLn-mzLawX3awnTvXJtyTa9x8phg/getUpdates "HTTP/1.1 200 OK"
2026-03-15 08:43:16,131 [INFO] httpx: HTTP Request: POST https://api.telegram.org/bot8611683567:AAEUSYRNLn-mzLawX3awnTvXJtyTa9x8phg/getUpdates "HTTP/1.1 200 OK"
2026-03-15 08:43:26,167 [INFO] httpx: HTTP Request: POST https://api.telegram.org/bot8611683567:AAEUSYRNLn-mzLawX3awnTvXJtyTa9x8phg/getUpdates "HTTP/1.1 200 OK"
2026-03-15 08:43:36,201 [INFO] httpx: HTTP Request: POST https://api.telegram.org/bot8611683567:AAEUSYRNLn-mzLawX3awnTvXJtyTa9x8phg/getUpdates "HTTP/1.1 200 OK"
2026-03-15 08:43:46,240 [INFO] httpx: HTTP Request: POST https://api.telegram.org/bot8611683567:AAEUSYRNLn-mzLawX3awnTvXJtyTa9x8phg/getUpdates "HTTP/1.1 200 OK"
2026-03-15 08:43:56,275 [INFO] httpx: HTTP Request: POST https://api.telegram.org/bot8611683567:AAEUSYRNLn-mzLawX3awnTvXJtyTa9x8phg/getUpdates "HTTP/1.1 200 OK"
2026-03-15 08:44:06,312 [INFO] httpx: HTTP Request: POST https://api.telegram.org/bot8611683567:AAEUSYRNLn-mzLawX3awnTvXJtyTa9x8phg/getUpdates "HTTP/1.1 200 OK"
2026-03-15 08:44:16,347 [INFO] httpx: HTTP Request: POST https://api.telegram.org/bot8611683567:AAEUSYRNLn-mzLawX3awnTvXJtyTa9x8phg/getUpdates "HTTP/1.1 200 OK"
2026-03-15 08:44:26,387 [INFO] httpx: HTTP Request: POST https://api.telegram.org/bot8611683567:AAEUSYRNLn-mzLawX3awnTvXJtyTa9x8phg/getUpdates "HTTP/1.1 200 OK"
2026-03-15 08:44:36,425 [INFO] httpx: HTTP Request: POST https://api.telegram.org/bot8611683567:AAEUSYRNLn-mzLawX3awnTvXJtyTa9x8phg/getUpdates "HTTP/1.1 200 OK"
2026-03-15 08:44:46,459 [INFO] httpx: HTTP Request: POST https://api.telegram.org/bot8611683567:AAEUSYRNLn-mzLawX3awnTvXJtyTa9x8phg/getUpdates "HTTP/1.1 200 OK"
2026-03-15 08:44:56,495 [INFO] httpx: HTTP Request: POST https://api.telegram.org/bot8611683567:AAEUSYRNLn-mzLawX3awnTvXJtyTa9x8phg/getUpdates "HTTP/1.1 200 OK"
2026-03-15 08:45:06,535 [INFO] httpx: HTTP Request: POST https://api.telegram.org/bot8611683567:AAEUSYRNLn-mzLawX3awnTvXJtyTa9x8phg/getUpdates "HTTP/1.1 200 OK"
2026-03-15 08:45:16,574 [INFO] httpx: HTTP Request: POST https://api.telegram.org/bot8611683567:AAEUSYRNLn-mzLawX3awnTvXJtyTa9x8phg/getUpdates "HTTP/1.1 200 OK"
2026-03-15 08:45:26,614 [INFO] httpx: HTTP Request: POST https://api.telegram.org/bot8611683567:AAEUSYRNLn-mzLawX3awnTvXJtyTa9x8phg/getUpdates "HTTP/1.1 200 OK"
2026-03-15 08:45:36,669 [INFO] httpx: HTTP Request: POST https://api.telegram.org/bot8611683567:AAEUSYRNLn-mzLawX3awnTvXJtyTa9x8phg/getUpdates "HTTP/1.1 200 OK"
2026-03-15 08:45:46,703 [INFO] httpx: HTTP Request: POST https://api.telegram.org/bot8611683567:AAEUSYRNLn-mzLawX3awnTvXJtyTa9x8phg/getUpdates "HTTP/1.1 200 OK"
2026-03-15 08:45:56,737 [INFO] httpx: HTTP Request: POST https://api.telegram.org/bot8611683567:AAEUSYRNLn-mzLawX3awnTvXJtyTa9x8phg/getUpdates "HTTP/1.1 200 OK"
2026-03-15 08:46:06,772 [INFO] httpx: HTTP Request: POST https://api.telegram.org/bot8611683567:AAEUSYRNLn-mzLawX3awnTvXJtyTa9x8phg/getUpdates "HTTP/1.1 200 OK"
2026-03-15 08:46:16,805 [INFO] httpx: HTTP Request: POST https://api.telegram.org/bot8611683567:AAEUSYRNLn-mzLawX3awnTvXJtyTa9x8phg/getUpdates "HTTP/1.1 200 OK"
2026-03-15 08:46:26,839 [INFO] httpx: HTTP Request: POST https://api.telegram.org/bot8611683567:AAEUSYRNLn-mzLawX3awnTvXJtyTa9x8phg/getUpdates "HTTP/1.1 200 OK"
2026-03-15 08:46:36,877 [INFO] httpx: HTTP Request: POST https://api.telegram.org/bot8611683567:AAEUSYRNLn-mzLawX3awnTvXJtyTa9x8phg/getUpdates "HTTP/1.1 200 OK"
2026-03-15 08:46:46,656 [INFO] httpx: HTTP Request: POST https://api.telegram.org/bot8611683567:AAEUSYRNLn-mzLawX3awnTvXJtyTa9x8phg/getUpdates "HTTP/1.1 200 OK"
2026-03-15 08:46:46,935 [INFO] httpx: HTTP Request: POST https://api.telegram.org/bot8611683567:AAEUSYRNLn-mzLawX3awnTvXJtyTa9x8phg/sendMessage "HTTP/1.1 200 OK"
2026-03-15 08:46:48,494 [INFO] httpx: HTTP Request: POST https://api.telegram.org/bot8611683567:AAEUSYRNLn-mzLawX3awnTvXJtyTa9x8phg/getUpdates "HTTP/1.1 200 OK"
2026-03-15 08:46:48,624 [INFO] httpx: HTTP Request: POST https://api.telegram.org/bot8611683567:AAEUSYRNLn-mzLawX3awnTvXJtyTa9x8phg/answerCallbackQuery "HTTP/1.1 200 OK"
2026-03-15 08:46:48,716 [INFO] httpx: HTTP Request: POST https://api.telegram.org/bot8611683567:AAEUSYRNLn-mzLawX3awnTvXJtyTa9x8phg/editMessageText "HTTP/1.1 200 OK"
2026-03-15 08:46:51,681 [INFO] httpx: HTTP Request: POST https://api.telegram.org/bot8611683567:AAEUSYRNLn-mzLawX3awnTvXJtyTa9x8phg/getUpdates "HTTP/1.1 200 OK"
2026-03-15 08:46:51,734 [INFO] httpx: HTTP Request: POST https://api.telegram.org/bot8611683567:AAEUSYRNLn-mzLawX3awnTvXJtyTa9x8phg/answerCallbackQuery "HTTP/1.1 200 OK"
2026-03-15 08:46:51,817 [INFO] httpx: HTTP Request: POST https://api.telegram.org/bot8611683567:AAEUSYRNLn-mzLawX3awnTvXJtyTa9x8phg/editMessageText "HTTP/1.1 200 OK"
2026-03-15 08:47:01,718 [INFO] httpx: HTTP Request: POST https://api.telegram.org/bot8611683567:AAEUSYRNLn-mzLawX3awnTvXJtyTa9x8phg/getUpdates "HTTP/1.1 200 OK"
2026-03-15 08:47:11,755 [INFO] httpx: HTTP Request: POST https://api.telegram.org/bot8611683567:AAEUSYRNLn-mzLawX3awnTvXJtyTa9x8phg/getUpdates "HTTP/1.1 200 OK"
2026-03-15 08:47:14,841 [INFO] httpx: HTTP Request: POST https://api.telegram.org/bot8611683567:AAEUSYRNLn-mzLawX3awnTvXJtyTa9x8phg/getUpdates "HTTP/1.1 200 OK"
2026-03-15 08:47:14,842 [INFO] telegram.ext.Application: Application is stopping. This might take a moment.
2026-03-15 08:47:14,842 [INFO] apscheduler.scheduler: Scheduler has been shut down
2026-03-15 08:47:14,861 [INFO] telegram.ext.Application: Application.stop() complete
2026-03-15 08:47:14,862 [INFO] apscheduler.scheduler: Scheduler has been shut down
2026-03-15 08:47:17,646 [INFO] __main__: ✅ БД готова
2026-03-15 08:47:18,076 [INFO] apscheduler.scheduler: Adding job tentatively -- it will be properly scheduled when the scheduler starts
2026-03-15 08:47:18,077 [INFO] __main__: 🤖 Бот запущен!
2026-03-15 08:47:18,319 [INFO] httpx: HTTP Request: POST https://api.telegram.org/bot8611683567:AAEUSYRNLn-mzLawX3awnTvXJtyTa9x8phg/getMe "HTTP/1.1 200 OK"
2026-03-15 08:47:18,321 [INFO] apscheduler.scheduler: Added job "main.<locals>.<lambda>" to job store "default"
2026-03-15 08:47:18,321 [INFO] apscheduler.scheduler: Scheduler started
2026-03-15 08:47:18,322 [INFO] __main__: ⏰ Планировщик: каждые 30 мин
2026-03-15 08:47:23,478 [INFO] httpx: HTTP Request: POST https://api.telegram.org/bot8611683567:AAEUSYRNLn-mzLawX3awnTvXJtyTa9x8phg/sendMessage "HTTP/1.1 200 OK"
2026-03-15 08:47:23,479 [INFO] __main__: ▶️  Проверка [15.03.2026 08:47]
2026-03-15 08:47:23,481 [INFO] scrapers.teztour: TEZ API: запрос 15.03.2026–04.04.2026
2026-03-15 08:47:25,993 [INFO] scrapers.teztour: TEZ Tour: 23 туров
2026-03-15 08:47:27,468 [INFO] scrapers.novatours: Novatours: токен получен (03096e2114...)
2026-03-15 08:47:27,796 [INFO] scrapers.novatours: Novatours: 10 отелей с ценами
2026-03-15 08:47:52,971 [INFO] scrapers.delfiin: Delfiin: 95 туров
2026-03-15 08:47:52,972 [INFO] __main__: Novatours: 10 туров до фильтра
2026-03-15 08:47:52,973 [INFO] __main__: TEZ Tour: 23 туров до фильтра
2026-03-15 08:47:52,973 [INFO] __main__: Delfiin: 95 туров до фильтра
2026-03-15 08:47:52,973 [INFO] __main__: Итого до фильтра: 128
2026-03-15 08:47:52,975 [INFO] __main__: ✅ Новых предложений: 74
2026-03-15 08:47:53,206 [INFO] httpx: HTTP Request: POST https://api.telegram.org/bot8611683567:AAEUSYRNLn-mzLawX3awnTvXJtyTa9x8phg/sendPhoto "HTTP/1.1 200 OK"
2026-03-15 08:47:53,338 [INFO] httpx: HTTP Request: POST https://api.telegram.org/bot8611683567:AAEUSYRNLn-mzLawX3awnTvXJtyTa9x8phg/sendMessage "HTTP/1.1 200 OK"
2026-03-15 08:47:53,477 [INFO] httpx: HTTP Request: POST https://api.telegram.org/bot8611683567:AAEUSYRNLn-mzLawX3awnTvXJtyTa9x8phg/sendMessage "HTTP/1.1 200 OK"
2026-03-15 08:47:53,618 [INFO] httpx: HTTP Request: POST https://api.telegram.org/bot8611683567:AAEUSYRNLn-mzLawX3awnTvXJtyTa9x8phg/sendMessage "HTTP/1.1 200 OK"
2026-03-15 08:47:53,763 [INFO] httpx: HTTP Request: POST https://api.telegram.org/bot8611683567:AAEUSYRNLn-mzLawX3awnTvXJtyTa9x8phg/sendMessage "HTTP/1.1 200 OK"
2026-03-15 08:47:53,895 [INFO] httpx: HTTP Request: POST https://api.telegram.org/bot8611683567:AAEUSYRNLn-mzLawX3awnTvXJtyTa9x8phg/sendMessage "HTTP/1.1 200 OK"
2026-03-15 08:47:54,023 [INFO] httpx: HTTP Request: POST https://api.telegram.org/bot8611683567:AAEUSYRNLn-mzLawX3awnTvXJtyTa9x8phg/sendMessage "HTTP/1.1 200 OK"
2026-03-15 08:47:54,185 [INFO] httpx: HTTP Request: POST https://api.telegram.org/bot8611683567:AAEUSYRNLn-mzLawX3awnTvXJtyTa9x8phg/sendMessage "HTTP/1.1 200 OK"
2026-03-15 08:47:54,304 [INFO] httpx: HTTP Request: POST https://api.telegram.org/bot8611683567:AAEUSYRNLn-mzLawX3awnTvXJtyTa9x8phg/sendMessage "HTTP/1.1 200 OK"
2026-03-15 08:47:54,347 [INFO] httpx: HTTP Request: POST https://api.telegram.org/bot8611683567:AAEUSYRNLn-mzLawX3awnTvXJtyTa9x8phg/deleteWebhook "HTTP/1.1 200 OK"
2026-03-15 08:47:54,349 [INFO] apscheduler.scheduler: Scheduler started
2026-03-15 08:47:54,350 [INFO] telegram.ext.Application: Application started
2026-03-15 08:48:04,473 [INFO] httpx: HTTP Request: POST https://api.telegram.org/bot8611683567:AAEUSYRNLn-mzLawX3awnTvXJtyTa9x8phg/getUpdates "HTTP/1.1 200 OK"
2026-03-15 08:48:14,512 [INFO] httpx: HTTP Request: POST https://api.telegram.org/bot8611683567:AAEUSYRNLn-mzLawX3awnTvXJtyTa9x8phg/getUpdates "HTTP/1.1 200 OK"
2026-03-15 08:48:24,547 [INFO] httpx: HTTP Request: POST https://api.telegram.org/bot8611683567:AAEUSYRNLn-mzLawX3awnTvXJtyTa9x8phg/getUpdates "HTTP/1.1 200 OK"
2026-03-15 08:48:34,582 [INFO] httpx: HTTP Request: POST https://api.telegram.org/bot8611683567:AAEUSYRNLn-mzLawX3awnTvXJtyTa9x8phg/getUpdates "HTTP/1.1 200 OK"
2026-03-15 08:48:44,619 [INFO] httpx: HTTP Request: POST https://api.telegram.org/bot8611683567:AAEUSYRNLn-mzLawX3awnTvXJtyTa9x8phg/getUpdates "HTTP/1.1 200 OK"
2026-03-15 08:48:52,080 [INFO] httpx: HTTP Request: POST https://api.telegram.org/bot8611683567:AAEUSYRNLn-mzLawX3awnTvXJtyTa9x8phg/getUpdates "HTTP/1.1 200 OK"
2026-03-15 08:48:52,416 [INFO] httpx: HTTP Request: POST https://api.telegram.org/bot8611683567:AAEUSYRNLn-mzLawX3awnTvXJtyTa9x8phg/sendMessage "HTTP/1.1 200 OK"
2026-03-15 08:49:02,166 [INFO] httpx: HTTP Request: POST https://api.telegram.org/bot8611683567:AAEUSYRNLn-mzLawX3awnTvXJtyTa9x8phg/getUpdates "HTTP/1.1 200 OK"
2026-03-15 08:49:12,211 [INFO] httpx: HTTP Request: POST https://api.telegram.org/bot8611683567:AAEUSYRNLn-mzLawX3awnTvXJtyTa9x8phg/getUpdates "HTTP/1.1 200 OK"
2026-03-15 08:49:22,277 [INFO] httpx: HTTP Request: POST https://api.telegram.org/bot8611683567:AAEUSYRNLn-mzLawX3awnTvXJtyTa9x8phg/getUpdates "HTTP/1.1 200 OK"
2026-03-15 08:49:32,314 [INFO] httpx: HTTP Request: POST https://api.telegram.org/bot8611683567:AAEUSYRNLn-mzLawX3awnTvXJtyTa9x8phg/getUpdates "HTTP/1.1 200 OK"
2026-03-15 08:49:42,349 [INFO] httpx: HTTP Request: POST https://api.telegram.org/bot8611683567:AAEUSYRNLn-mzLawX3awnTvXJtyTa9x8phg/getUpdates "HTTP/1.1 200 OK"
2026-03-15 08:49:50,692 [INFO] httpx: HTTP Request: POST https://api.telegram.org/bot8611683567:AAEUSYRNLn-mzLawX3awnTvXJtyTa9x8phg/getUpdates "HTTP/1.1 200 OK"
2026-03-15 08:49:50,693 [INFO] telegram.ext.Application: Application is stopping. This might take a moment.
2026-03-15 08:49:50,693 [INFO] apscheduler.scheduler: Scheduler has been shut down
2026-03-15 08:49:50,716 [INFO] telegram.ext.Application: Application.stop() complete
2026-03-15 08:49:50,717 [INFO] apscheduler.scheduler: Scheduler has been shut down
2026-03-15 08:55:16,690 [INFO] __main__: ✅ БД готова
2026-03-15 08:55:17,138 [INFO] apscheduler.scheduler: Adding job tentatively -- it will be properly scheduled when the scheduler starts
2026-03-15 08:55:17,139 [INFO] __main__: 🤖 Бот запущен!
2026-03-15 08:55:17,327 [INFO] httpx: HTTP Request: POST https://api.telegram.org/bot8611683567:AAEUSYRNLn-mzLawX3awnTvXJtyTa9x8phg/getMe "HTTP/1.1 200 OK"
2026-03-15 08:55:17,329 [INFO] apscheduler.scheduler: Added job "main.<locals>.<lambda>" to job store "default"
2026-03-15 08:55:17,329 [INFO] apscheduler.scheduler: Scheduler started
2026-03-15 08:55:17,329 [INFO] __main__: ⏰ Планировщик: каждые 30 мин
2026-03-15 08:55:22,476 [INFO] httpx: HTTP Request: POST https://api.telegram.org/bot8611683567:AAEUSYRNLn-mzLawX3awnTvXJtyTa9x8phg/sendMessage "HTTP/1.1 200 OK"
2026-03-15 08:55:22,478 [INFO] __main__: ▶️  Проверка [15.03.2026 08:55]
2026-03-15 08:55:22,479 [INFO] scrapers.teztour: TEZ API: запрос 15.03.2026–04.04.2026
2026-03-15 08:55:26,662 [INFO] scrapers.novatours: Novatours: токен получен (03096e2114...)
2026-03-15 08:55:28,223 [INFO] scrapers.novatours: Novatours: 10 отелей с ценами
2026-03-15 08:55:29,454 [INFO] scrapers.teztour: TEZ Tour: 23 туров
2026-03-15 08:55:29,911 [INFO] scrapers.delfiin: Delfiin: 95 туров
2026-03-15 08:55:34,875 [INFO] __main__: Novatours: 10 туров до фильтра
2026-03-15 08:55:34,876 [INFO] __main__: TEZ Tour: 23 туров до фильтра
2026-03-15 08:55:34,876 [INFO] __main__: Delfiin: 95 туров до фильтра
2026-03-15 08:55:34,877 [INFO] __main__: Итого до фильтра: 128
2026-03-15 08:55:34,878 [INFO] __main__: ✅ Новых предложений: 74
2026-03-15 08:55:35,034 [INFO] httpx: HTTP Request: POST https://api.telegram.org/bot8611683567:AAEUSYRNLn-mzLawX3awnTvXJtyTa9x8phg/sendPhoto "HTTP/1.1 200 OK"
2026-03-15 08:55:35,174 [INFO] httpx: HTTP Request: POST https://api.telegram.org/bot8611683567:AAEUSYRNLn-mzLawX3awnTvXJtyTa9x8phg/sendMessage "HTTP/1.1 200 OK"
2026-03-15 08:55:35,308 [INFO] httpx: HTTP Request: POST https://api.telegram.org/bot8611683567:AAEUSYRNLn-mzLawX3awnTvXJtyTa9x8phg/sendMessage "HTTP/1.1 200 OK"
2026-03-15 08:55:35,439 [INFO] httpx: HTTP Request: POST https://api.telegram.org/bot8611683567:AAEUSYRNLn-mzLawX3awnTvXJtyTa9x8phg/sendMessage "HTTP/1.1 200 OK"
2026-03-15 08:55:35,583 [INFO] httpx: HTTP Request: POST https://api.telegram.org/bot8611683567:AAEUSYRNLn-mzLawX3awnTvXJtyTa9x8phg/sendMessage "HTTP/1.1 200 OK"
2026-03-15 08:55:35,718 [INFO] httpx: HTTP Request: POST https://api.telegram.org/bot8611683567:AAEUSYRNLn-mzLawX3awnTvXJtyTa9x8phg/sendMessage "HTTP/1.1 200 OK"
2026-03-15 08:55:35,853 [INFO] httpx: HTTP Request: POST https://api.telegram.org/bot8611683567:AAEUSYRNLn-mzLawX3awnTvXJtyTa9x8phg/sendMessage "HTTP/1.1 200 OK"
2026-03-15 08:55:35,989 [INFO] httpx: HTTP Request: POST https://api.telegram.org/bot8611683567:AAEUSYRNLn-mzLawX3awnTvXJtyTa9x8phg/sendMessage "HTTP/1.1 200 OK"
2026-03-15 08:55:36,101 [INFO] httpx: HTTP Request: POST https://api.telegram.org/bot8611683567:AAEUSYRNLn-mzLawX3awnTvXJtyTa9x8phg/sendMessage "HTTP/1.1 200 OK"
2026-03-15 08:55:36,138 [INFO] httpx: HTTP Request: POST https://api.telegram.org/bot8611683567:AAEUSYRNLn-mzLawX3awnTvXJtyTa9x8phg/deleteWebhook "HTTP/1.1 200 OK"
2026-03-15 08:55:36,142 [INFO] apscheduler.scheduler: Scheduler started
2026-03-15 08:55:36,143 [INFO] telegram.ext.Application: Application started
2026-03-15 08:55:36,251 [INFO] httpx: HTTP Request: POST https://api.telegram.org/bot8611683567:AAEUSYRNLn-mzLawX3awnTvXJtyTa9x8phg/getUpdates "HTTP/1.1 200 OK"
2026-03-15 08:55:36,315 [INFO] httpx: HTTP Request: POST https://api.telegram.org/bot8611683567:AAEUSYRNLn-mzLawX3awnTvXJtyTa9x8phg/sendMessage "HTTP/1.1 200 OK"
2026-03-15 08:55:36,358 [INFO] httpx: HTTP Request: POST https://api.telegram.org/bot8611683567:AAEUSYRNLn-mzLawX3awnTvXJtyTa9x8phg/answerCallbackQuery "HTTP/1.1 200 OK"
2026-03-15 08:55:36,416 [INFO] httpx: HTTP Request: POST https://api.telegram.org/bot8611683567:AAEUSYRNLn-mzLawX3awnTvXJtyTa9x8phg/editMessageText "HTTP/1.1 200 OK"
2026-03-15 08:55:37,817 [INFO] httpx: HTTP Request: POST https://api.telegram.org/bot8611683567:AAEUSYRNLn-mzLawX3awnTvXJtyTa9x8phg/getUpdates "HTTP/1.1 200 OK"
2026-03-15 08:55:37,860 [INFO] httpx: HTTP Request: POST https://api.telegram.org/bot8611683567:AAEUSYRNLn-mzLawX3awnTvXJtyTa9x8phg/answerCallbackQuery "HTTP/1.1 200 OK"
2026-03-15 08:55:37,916 [INFO] httpx: HTTP Request: POST https://api.telegram.org/bot8611683567:AAEUSYRNLn-mzLawX3awnTvXJtyTa9x8phg/editMessageText "HTTP/1.1 200 OK"
2026-03-15 08:55:38,742 [INFO] httpx: HTTP Request: POST https://api.telegram.org/bot8611683567:AAEUSYRNLn-mzLawX3awnTvXJtyTa9x8phg/getUpdates "HTTP/1.1 200 OK"
2026-03-15 08:55:38,796 [INFO] httpx: HTTP Request: POST https://api.telegram.org/bot8611683567:AAEUSYRNLn-mzLawX3awnTvXJtyTa9x8phg/answerCallbackQuery "HTTP/1.1 200 OK"
2026-03-15 08:55:38,891 [INFO] httpx: HTTP Request: POST https://api.telegram.org/bot8611683567:AAEUSYRNLn-mzLawX3awnTvXJtyTa9x8phg/editMessageText "HTTP/1.1 200 OK"
2026-03-15 08:55:48,782 [INFO] httpx: HTTP Request: POST https://api.telegram.org/bot8611683567:AAEUSYRNLn-mzLawX3awnTvXJtyTa9x8phg/getUpdates "HTTP/1.1 200 OK"
2026-03-15 08:55:58,817 [INFO] httpx: HTTP Request: POST https://api.telegram.org/bot8611683567:AAEUSYRNLn-mzLawX3awnTvXJtyTa9x8phg/getUpdates "HTTP/1.1 200 OK"
2026-03-15 08:56:08,856 [INFO] httpx: HTTP Request: POST https://api.telegram.org/bot8611683567:AAEUSYRNLn-mzLawX3awnTvXJtyTa9x8phg/getUpdates "HTTP/1.1 200 OK"
2026-03-15 08:56:18,936 [INFO] httpx: HTTP Request: POST https://api.telegram.org/bot8611683567:AAEUSYRNLn-mzLawX3awnTvXJtyTa9x8phg/getUpdates "HTTP/1.1 200 OK"
2026-03-15 08:56:28,989 [INFO] httpx: HTTP Request: POST https://api.telegram.org/bot8611683567:AAEUSYRNLn-mzLawX3awnTvXJtyTa9x8phg/getUpdates "HTTP/1.1 200 OK"
2026-03-15 08:56:39,025 [INFO] httpx: HTTP Request: POST https://api.telegram.org/bot8611683567:AAEUSYRNLn-mzLawX3awnTvXJtyTa9x8phg/getUpdates "HTTP/1.1 200 OK"
2026-03-15 08:56:49,064 [INFO] httpx: HTTP Request: POST https://api.telegram.org/bot8611683567:AAEUSYRNLn-mzLawX3awnTvXJtyTa9x8phg/getUpdates "HTTP/1.1 200 OK"
2026-03-15 08:56:59,116 [INFO] httpx: HTTP Request: POST https://api.telegram.org/bot8611683567:AAEUSYRNLn-mzLawX3awnTvXJtyTa9x8phg/getUpdates "HTTP/1.1 200 OK"
2026-03-15 08:57:09,154 [INFO] httpx: HTTP Request: POST https://api.telegram.org/bot8611683567:AAEUSYRNLn-mzLawX3awnTvXJtyTa9x8phg/getUpdates "HTTP/1.1 200 OK"
2026-03-15 08:57:16,098 [INFO] httpx: HTTP Request: POST https://api.telegram.org/bot8611683567:AAEUSYRNLn-mzLawX3awnTvXJtyTa9x8phg/getUpdates "HTTP/1.1 200 OK"
2026-03-15 08:57:16,099 [INFO] telegram.ext.Application: Application is stopping. This might take a moment.
2026-03-15 08:57:16,100 [INFO] apscheduler.scheduler: Scheduler has been shut down
2026-03-15 08:57:16,115 [INFO] telegram.ext.Application: Application.stop() complete
2026-03-15 08:57:16,117 [INFO] apscheduler.scheduler: Scheduler has been shut down
2026-03-15 09:01:56,309 [INFO] __main__: ✅ БД готова
2026-03-15 09:01:56,743 [INFO] apscheduler.scheduler: Adding job tentatively -- it will be properly scheduled when the scheduler starts
2026-03-15 09:01:56,744 [INFO] __main__: 🤖 Бот запущен!
2026-03-15 09:01:56,958 [INFO] httpx: HTTP Request: POST https://api.telegram.org/bot8611683567:AAEUSYRNLn-mzLawX3awnTvXJtyTa9x8phg/getMe "HTTP/1.1 200 OK"
2026-03-15 09:01:56,959 [INFO] apscheduler.scheduler: Added job "main.<locals>.<lambda>" to job store "default"
2026-03-15 09:01:56,960 [INFO] apscheduler.scheduler: Scheduler started
2026-03-15 09:01:56,960 [INFO] __main__: ⏰ Планировщик: каждые 30 мин
2026-03-15 09:02:02,101 [INFO] httpx: HTTP Request: POST https://api.telegram.org/bot8611683567:AAEUSYRNLn-mzLawX3awnTvXJtyTa9x8phg/sendMessage "HTTP/1.1 200 OK"
2026-03-15 09:02:02,103 [INFO] __main__: ▶️  Проверка [15.03.2026 09:02]
2026-03-15 09:02:02,104 [INFO] scrapers.teztour: TEZ API: запрос 15.03.2026–04.04.2026
2026-03-15 09:02:04,313 [INFO] scrapers.teztour: TEZ Tour: 24 туров
2026-03-15 09:02:08,883 [INFO] scrapers.novatours: Novatours: токен получен (03096e2114...)
2026-03-15 09:02:09,471 [INFO] scrapers.novatours: Novatours: 10 отелей с ценами
2026-03-15 09:02:12,896 [INFO] scrapers.delfiin: Delfiin: 95 туров
2026-03-15 09:02:12,897 [INFO] __main__: Novatours: 10 туров до фильтра
2026-03-15 09:02:12,897 [INFO] __main__: TEZ Tour: 24 туров до фильтра
2026-03-15 09:02:12,898 [INFO] __main__: Delfiin: 95 туров до фильтра
2026-03-15 09:02:12,898 [INFO] __main__: Итого до фильтра: 129
2026-03-15 09:02:12,899 [INFO] __main__: ✅ Новых предложений: 75
2026-03-15 09:02:13,088 [INFO] httpx: HTTP Request: POST https://api.telegram.org/bot8611683567:AAEUSYRNLn-mzLawX3awnTvXJtyTa9x8phg/sendPhoto "HTTP/1.1 200 OK"
2026-03-15 09:02:13,280 [INFO] httpx: HTTP Request: POST https://api.telegram.org/bot8611683567:AAEUSYRNLn-mzLawX3awnTvXJtyTa9x8phg/sendMessage "HTTP/1.1 200 OK"
2026-03-15 09:02:13,450 [INFO] httpx: HTTP Request: POST https://api.telegram.org/bot8611683567:AAEUSYRNLn-mzLawX3awnTvXJtyTa9x8phg/sendMessage "HTTP/1.1 200 OK"
2026-03-15 09:02:13,584 [INFO] httpx: HTTP Request: POST https://api.telegram.org/bot8611683567:AAEUSYRNLn-mzLawX3awnTvXJtyTa9x8phg/sendMessage "HTTP/1.1 200 OK"
2026-03-15 09:02:13,770 [INFO] httpx: HTTP Request: POST https://api.telegram.org/bot8611683567:AAEUSYRNLn-mzLawX3awnTvXJtyTa9x8phg/sendMessage "HTTP/1.1 200 OK"
2026-03-15 09:02:13,933 [INFO] httpx: HTTP Request: POST https://api.telegram.org/bot8611683567:AAEUSYRNLn-mzLawX3awnTvXJtyTa9x8phg/sendMessage "HTTP/1.1 200 OK"
2026-03-15 09:02:14,111 [INFO] httpx: HTTP Request: POST https://api.telegram.org/bot8611683567:AAEUSYRNLn-mzLawX3awnTvXJtyTa9x8phg/sendMessage "HTTP/1.1 200 OK"
2026-03-15 09:02:14,246 [INFO] httpx: HTTP Request: POST https://api.telegram.org/bot8611683567:AAEUSYRNLn-mzLawX3awnTvXJtyTa9x8phg/sendMessage "HTTP/1.1 200 OK"
2026-03-15 09:02:14,369 [INFO] httpx: HTTP Request: POST https://api.telegram.org/bot8611683567:AAEUSYRNLn-mzLawX3awnTvXJtyTa9x8phg/sendMessage "HTTP/1.1 200 OK"
2026-03-15 09:02:14,404 [INFO] httpx: HTTP Request: POST https://api.telegram.org/bot8611683567:AAEUSYRNLn-mzLawX3awnTvXJtyTa9x8phg/deleteWebhook "HTTP/1.1 200 OK"
2026-03-15 09:02:14,405 [INFO] apscheduler.scheduler: Scheduler started
2026-03-15 09:02:14,405 [INFO] telegram.ext.Application: Application started
2026-03-15 09:02:24,509 [INFO] httpx: HTTP Request: POST https://api.telegram.org/bot8611683567:AAEUSYRNLn-mzLawX3awnTvXJtyTa9x8phg/getUpdates "HTTP/1.1 200 OK"
2026-03-15 09:02:34,543 [INFO] httpx: HTTP Request: POST https://api.telegram.org/bot8611683567:AAEUSYRNLn-mzLawX3awnTvXJtyTa9x8phg/getUpdates "HTTP/1.1 200 OK"
2026-03-15 09:02:44,579 [INFO] httpx: HTTP Request: POST https://api.telegram.org/bot8611683567:AAEUSYRNLn-mzLawX3awnTvXJtyTa9x8phg/getUpdates "HTTP/1.1 200 OK"
2026-03-15 09:02:54,613 [INFO] httpx: HTTP Request: POST https://api.telegram.org/bot8611683567:AAEUSYRNLn-mzLawX3awnTvXJtyTa9x8phg/getUpdates "HTTP/1.1 200 OK"
2026-03-15 09:03:04,650 [INFO] httpx: HTTP Request: POST https://api.telegram.org/bot8611683567:AAEUSYRNLn-mzLawX3awnTvXJtyTa9x8phg/getUpdates "HTTP/1.1 200 OK"
2026-03-15 09:03:14,689 [INFO] httpx: HTTP Request: POST https://api.telegram.org/bot8611683567:AAEUSYRNLn-mzLawX3awnTvXJtyTa9x8phg/getUpdates "HTTP/1.1 200 OK"
2026-03-15 09:03:24,725 [INFO] httpx: HTTP Request: POST https://api.telegram.org/bot8611683567:AAEUSYRNLn-mzLawX3awnTvXJtyTa9x8phg/getUpdates "HTTP/1.1 200 OK"
2026-03-15 09:03:34,758 [INFO] httpx: HTTP Request: POST https://api.telegram.org/bot8611683567:AAEUSYRNLn-mzLawX3awnTvXJtyTa9x8phg/getUpdates "HTTP/1.1 200 OK"
2026-03-15 09:03:44,795 [INFO] httpx: HTTP Request: POST https://api.telegram.org/bot8611683567:AAEUSYRNLn-mzLawX3awnTvXJtyTa9x8phg/getUpdates "HTTP/1.1 200 OK"
2026-03-15 09:03:54,829 [INFO] httpx: HTTP Request: POST https://api.telegram.org/bot8611683567:AAEUSYRNLn-mzLawX3awnTvXJtyTa9x8phg/getUpdates "HTTP/1.1 200 OK"
2026-03-15 09:04:04,864 [INFO] httpx: HTTP Request: POST https://api.telegram.org/bot8611683567:AAEUSYRNLn-mzLawX3awnTvXJtyTa9x8phg/getUpdates "HTTP/1.1 200 OK"
2026-03-15 09:04:14,898 [INFO] httpx: HTTP Request: POST https://api.telegram.org/bot8611683567:AAEUSYRNLn-mzLawX3awnTvXJtyTa9x8phg/getUpdates "HTTP/1.1 200 OK"
2026-03-15 09:04:24,932 [INFO] httpx: HTTP Request: POST https://api.telegram.org/bot8611683567:AAEUSYRNLn-mzLawX3awnTvXJtyTa9x8phg/getUpdates "HTTP/1.1 200 OK"
2026-03-15 09:04:34,968 [INFO] httpx: HTTP Request: POST https://api.telegram.org/bot8611683567:AAEUSYRNLn-mzLawX3awnTvXJtyTa9x8phg/getUpdates "HTTP/1.1 200 OK"
2026-03-15 09:04:45,003 [INFO] httpx: HTTP Request: POST https://api.telegram.org/bot8611683567:AAEUSYRNLn-mzLawX3awnTvXJtyTa9x8phg/getUpdates "HTTP/1.1 200 OK"
2026-03-15 09:04:55,039 [INFO] httpx: HTTP Request: POST https://api.telegram.org/bot8611683567:AAEUSYRNLn-mzLawX3awnTvXJtyTa9x8phg/getUpdates "HTTP/1.1 200 OK"
2026-03-15 09:05:05,078 [INFO] httpx: HTTP Request: POST https://api.telegram.org/bot8611683567:AAEUSYRNLn-mzLawX3awnTvXJtyTa9x8phg/getUpdates "HTTP/1.1 200 OK"
2026-03-15 09:05:15,124 [INFO] httpx: HTTP Request: POST https://api.telegram.org/bot8611683567:AAEUSYRNLn-mzLawX3awnTvXJtyTa9x8phg/getUpdates "HTTP/1.1 200 OK"
2026-03-15 09:05:25,158 [INFO] httpx: HTTP Request: POST https://api.telegram.org/bot8611683567:AAEUSYRNLn-mzLawX3awnTvXJtyTa9x8phg/getUpdates "HTTP/1.1 200 OK"
2026-03-15 09:05:35,195 [INFO] httpx: HTTP Request: POST https://api.telegram.org/bot8611683567:AAEUSYRNLn-mzLawX3awnTvXJtyTa9x8phg/getUpdates "HTTP/1.1 200 OK"
2026-03-15 09:05:45,233 [INFO] httpx: HTTP Request: POST https://api.telegram.org/bot8611683567:AAEUSYRNLn-mzLawX3awnTvXJtyTa9x8phg/getUpdates "HTTP/1.1 200 OK"
2026-03-15 09:05:55,270 [INFO] httpx: HTTP Request: POST https://api.telegram.org/bot8611683567:AAEUSYRNLn-mzLawX3awnTvXJtyTa9x8phg/getUpdates "HTTP/1.1 200 OK"
2026-03-15 09:06:05,304 [INFO] httpx: HTTP Request: POST https://api.telegram.org/bot8611683567:AAEUSYRNLn-mzLawX3awnTvXJtyTa9x8phg/getUpdates "HTTP/1.1 200 OK"
2026-03-15 09:06:15,342 [INFO] httpx: HTTP Request: POST https://api.telegram.org/bot8611683567:AAEUSYRNLn-mzLawX3awnTvXJtyTa9x8phg/getUpdates "HTTP/1.1 200 OK"
2026-03-15 09:06:25,380 [INFO] httpx: HTTP Request: POST https://api.telegram.org/bot8611683567:AAEUSYRNLn-mzLawX3awnTvXJtyTa9x8phg/getUpdates "HTTP/1.1 200 OK"
2026-03-15 09:06:35,415 [INFO] httpx: HTTP Request: POST https://api.telegram.org/bot8611683567:AAEUSYRNLn-mzLawX3awnTvXJtyTa9x8phg/getUpdates "HTTP/1.1 200 OK"
2026-03-15 09:06:45,489 [INFO] httpx: HTTP Request: POST https://api.telegram.org/bot8611683567:AAEUSYRNLn-mzLawX3awnTvXJtyTa9x8phg/getUpdates "HTTP/1.1 200 OK"
2026-03-15 09:06:55,522 [INFO] httpx: HTTP Request: POST https://api.telegram.org/bot8611683567:AAEUSYRNLn-mzLawX3awnTvXJtyTa9x8phg/getUpdates "HTTP/1.1 200 OK"
2026-03-15 09:07:05,554 [INFO] httpx: HTTP Request: POST https://api.telegram.org/bot8611683567:AAEUSYRNLn-mzLawX3awnTvXJtyTa9x8phg/getUpdates "HTTP/1.1 200 OK"
2026-03-15 09:07:15,592 [INFO] httpx: HTTP Request: POST https://api.telegram.org/bot8611683567:AAEUSYRNLn-mzLawX3awnTvXJtyTa9x8phg/getUpdates "HTTP/1.1 200 OK"
2026-03-15 09:07:25,626 [INFO] httpx: HTTP Request: POST https://api.telegram.org/bot8611683567:AAEUSYRNLn-mzLawX3awnTvXJtyTa9x8phg/getUpdates "HTTP/1.1 200 OK"
2026-03-15 09:07:35,666 [INFO] httpx: HTTP Request: POST https://api.telegram.org/bot8611683567:AAEUSYRNLn-mzLawX3awnTvXJtyTa9x8phg/getUpdates "HTTP/1.1 200 OK"
2026-03-15 09:07:45,701 [INFO] httpx: HTTP Request: POST https://api.telegram.org/bot8611683567:AAEUSYRNLn-mzLawX3awnTvXJtyTa9x8phg/getUpdates "HTTP/1.1 200 OK"
2026-03-15 09:07:55,739 [INFO] httpx: HTTP Request: POST https://api.telegram.org/bot8611683567:AAEUSYRNLn-mzLawX3awnTvXJtyTa9x8phg/getUpdates "HTTP/1.1 200 OK"
2026-03-15 09:08:05,773 [INFO] httpx: HTTP Request: POST https://api.telegram.org/bot8611683567:AAEUSYRNLn-mzLawX3awnTvXJtyTa9x8phg/getUpdates "HTTP/1.1 200 OK"
2026-03-15 09:08:15,806 [INFO] httpx: HTTP Request: POST https://api.telegram.org/bot8611683567:AAEUSYRNLn-mzLawX3awnTvXJtyTa9x8phg/getUpdates "HTTP/1.1 200 OK"
2026-03-15 09:08:25,851 [INFO] httpx: HTTP Request: POST https://api.telegram.org/bot8611683567:AAEUSYRNLn-mzLawX3awnTvXJtyTa9x8phg/getUpdates "HTTP/1.1 200 OK"
2026-03-15 09:08:31,810 [INFO] httpx: HTTP Request: POST https://api.telegram.org/bot8611683567:AAEUSYRNLn-mzLawX3awnTvXJtyTa9x8phg/getUpdates "HTTP/1.1 200 OK"
2026-03-15 09:08:31,811 [INFO] telegram.ext.Application: Application is stopping. This might take a moment.
2026-03-15 09:08:31,812 [INFO] apscheduler.scheduler: Scheduler has been shut down
2026-03-15 09:08:31,825 [INFO] telegram.ext.Application: Application.stop() complete
2026-03-15 09:08:31,827 [INFO] apscheduler.scheduler: Scheduler has been shut down
2026-03-15 09:08:33,825 [INFO] __main__: ✅ БД готова
2026-03-15 09:08:34,263 [INFO] apscheduler.scheduler: Adding job tentatively -- it will be properly scheduled when the scheduler starts
2026-03-15 09:08:34,264 [INFO] __main__: 🤖 Бот запущен!
2026-03-15 09:08:34,445 [INFO] httpx: HTTP Request: POST https://api.telegram.org/bot8611683567:AAEUSYRNLn-mzLawX3awnTvXJtyTa9x8phg/getMe "HTTP/1.1 200 OK"
2026-03-15 09:08:34,447 [INFO] apscheduler.scheduler: Added job "main.<locals>.<lambda>" to job store "default"
2026-03-15 09:08:34,447 [INFO] apscheduler.scheduler: Scheduler started
2026-03-15 09:08:34,447 [INFO] __main__: ⏰ Планировщик: каждые 30 мин
2026-03-15 09:08:39,651 [INFO] httpx: HTTP Request: POST https://api.telegram.org/bot8611683567:AAEUSYRNLn-mzLawX3awnTvXJtyTa9x8phg/sendMessage "HTTP/1.1 200 OK"
2026-03-15 09:08:39,653 [INFO] __main__: ▶️  Проверка [15.03.2026 09:08]
2026-03-15 09:08:39,657 [INFO] scrapers.teztour: TEZ API: запрос 15.03.2026–04.04.2026
2026-03-15 09:08:43,818 [INFO] scrapers.teztour: TEZ Tour: 23 туров
2026-03-15 09:08:46,477 [INFO] scrapers.novatours: Novatours: токен получен (03096e2114...)
2026-03-15 09:08:47,080 [INFO] scrapers.novatours: Novatours: 10 отелей с ценами
2026-03-15 09:13:13,900 [INFO] scrapers.delfiin: Delfiin: 95 туров
2026-03-15 09:13:13,901 [INFO] __main__: Novatours: 10 туров до фильтра
2026-03-15 09:13:13,901 [INFO] __main__: TEZ Tour: 23 туров до фильтра
2026-03-15 09:13:13,901 [INFO] __main__: Delfiin: 95 туров до фильтра
2026-03-15 09:13:13,902 [INFO] __main__: Итого до фильтра: 128
2026-03-15 09:13:13,904 [INFO] __main__: ✅ Новых предложений: 74
2026-03-15 09:13:14,136 [INFO] httpx: HTTP Request: POST https://api.telegram.org/bot8611683567:AAEUSYRNLn-mzLawX3awnTvXJtyTa9x8phg/sendPhoto "HTTP/1.1 200 OK"
2026-03-15 09:13:14,291 [INFO] httpx: HTTP Request: POST https://api.telegram.org/bot8611683567:AAEUSYRNLn-mzLawX3awnTvXJtyTa9x8phg/sendPhoto "HTTP/1.1 200 OK"
2026-03-15 09:13:15,016 [INFO] httpx: HTTP Request: POST https://api.telegram.org/bot8611683567:AAEUSYRNLn-mzLawX3awnTvXJtyTa9x8phg/sendPhoto "HTTP/1.1 200 OK"
2026-03-15 09:13:15,158 [INFO] httpx: HTTP Request: POST https://api.telegram.org/bot8611683567:AAEUSYRNLn-mzLawX3awnTvXJtyTa9x8phg/sendPhoto "HTTP/1.1 200 OK"
2026-03-15 09:13:15,360 [INFO] httpx: HTTP Request: POST https://api.telegram.org/bot8611683567:AAEUSYRNLn-mzLawX3awnTvXJtyTa9x8phg/sendPhoto "HTTP/1.1 200 OK"
2026-03-15 09:13:15,499 [INFO] httpx: HTTP Request: POST https://api.telegram.org/bot8611683567:AAEUSYRNLn-mzLawX3awnTvXJtyTa9x8phg/sendPhoto "HTTP/1.1 200 OK"
2026-03-15 09:13:15,647 [INFO] httpx: HTTP Request: POST https://api.telegram.org/bot8611683567:AAEUSYRNLn-mzLawX3awnTvXJtyTa9x8phg/sendPhoto "HTTP/1.1 200 OK"
2026-03-15 09:13:16,451 [INFO] httpx: HTTP Request: POST https://api.telegram.org/bot8611683567:AAEUSYRNLn-mzLawX3awnTvXJtyTa9x8phg/sendPhoto "HTTP/1.1 200 OK"
2026-03-15 09:13:16,569 [INFO] httpx: HTTP Request: POST https://api.telegram.org/bot8611683567:AAEUSYRNLn-mzLawX3awnTvXJtyTa9x8phg/sendMessage "HTTP/1.1 200 OK"
2026-03-15 09:13:16,603 [INFO] httpx: HTTP Request: POST https://api.telegram.org/bot8611683567:AAEUSYRNLn-mzLawX3awnTvXJtyTa9x8phg/deleteWebhook "HTTP/1.1 200 OK"
2026-03-15 09:13:16,605 [INFO] apscheduler.scheduler: Scheduler started
2026-03-15 09:13:16,605 [INFO] telegram.ext.Application: Application started
2026-03-15 09:13:26,713 [INFO] httpx: HTTP Request: POST https://api.telegram.org/bot8611683567:AAEUSYRNLn-mzLawX3awnTvXJtyTa9x8phg/getUpdates "HTTP/1.1 200 OK"
2026-03-15 09:13:36,748 [INFO] httpx: HTTP Request: POST https://api.telegram.org/bot8611683567:AAEUSYRNLn-mzLawX3awnTvXJtyTa9x8phg/getUpdates "HTTP/1.1 200 OK"
2026-03-15 09:13:46,782 [INFO] httpx: HTTP Request: POST https://api.telegram.org/bot8611683567:AAEUSYRNLn-mzLawX3awnTvXJtyTa9x8phg/getUpdates "HTTP/1.1 200 OK"
2026-03-15 09:13:56,818 [INFO] httpx: HTTP Request: POST https://api.telegram.org/bot8611683567:AAEUSYRNLn-mzLawX3awnTvXJtyTa9x8phg/getUpdates "HTTP/1.1 200 OK"
2026-03-15 09:14:06,882 [INFO] httpx: HTTP Request: POST https://api.telegram.org/bot8611683567:AAEUSYRNLn-mzLawX3awnTvXJtyTa9x8phg/getUpdates "HTTP/1.1 200 OK"
2026-03-15 09:14:16,920 [INFO] httpx: HTTP Request: POST https://api.telegram.org/bot8611683567:AAEUSYRNLn-mzLawX3awnTvXJtyTa9x8phg/getUpdates "HTTP/1.1 200 OK"
2026-03-15 09:14:26,955 [INFO] httpx: HTTP Request: POST https://api.telegram.org/bot8611683567:AAEUSYRNLn-mzLawX3awnTvXJtyTa9x8phg/getUpdates "HTTP/1.1 200 OK"
2026-03-15 09:14:36,993 [INFO] httpx: HTTP Request: POST https://api.telegram.org/bot8611683567:AAEUSYRNLn-mzLawX3awnTvXJtyTa9x8phg/getUpdates "HTTP/1.1 200 OK"
2026-03-15 09:14:47,027 [INFO] httpx: HTTP Request: POST https://api.telegram.org/bot8611683567:AAEUSYRNLn-mzLawX3awnTvXJtyTa9x8phg/getUpdates "HTTP/1.1 200 OK"
2026-03-15 09:14:57,061 [INFO] httpx: HTTP Request: POST https://api.telegram.org/bot8611683567:AAEUSYRNLn-mzLawX3awnTvXJtyTa9x8phg/getUpdates "HTTP/1.1 200 OK"
2026-03-15 09:15:07,099 [INFO] httpx: HTTP Request: POST https://api.telegram.org/bot8611683567:AAEUSYRNLn-mzLawX3awnTvXJtyTa9x8phg/getUpdates "HTTP/1.1 200 OK"
2026-03-15 09:15:17,135 [INFO] httpx: HTTP Request: POST https://api.telegram.org/bot8611683567:AAEUSYRNLn-mzLawX3awnTvXJtyTa9x8phg/getUpdates "HTTP/1.1 200 OK"
2026-03-15 09:15:27,170 [INFO] httpx: HTTP Request: POST https://api.telegram.org/bot8611683567:AAEUSYRNLn-mzLawX3awnTvXJtyTa9x8phg/getUpdates "HTTP/1.1 200 OK"
2026-03-15 09:15:37,205 [INFO] httpx: HTTP Request: POST https://api.telegram.org/bot8611683567:AAEUSYRNLn-mzLawX3awnTvXJtyTa9x8phg/getUpdates "HTTP/1.1 200 OK"
2026-03-15 09:15:47,239 [INFO] httpx: HTTP Request: POST https://api.telegram.org/bot8611683567:AAEUSYRNLn-mzLawX3awnTvXJtyTa9x8phg/getUpdates "HTTP/1.1 200 OK"
2026-03-15 09:15:57,274 [INFO] httpx: HTTP Request: POST https://api.telegram.org/bot8611683567:AAEUSYRNLn-mzLawX3awnTvXJtyTa9x8phg/getUpdates "HTTP/1.1 200 OK"
2026-03-15 09:16:07,310 [INFO] httpx: HTTP Request: POST https://api.telegram.org/bot8611683567:AAEUSYRNLn-mzLawX3awnTvXJtyTa9x8phg/getUpdates "HTTP/1.1 200 OK"
2026-03-15 09:16:17,347 [INFO] httpx: HTTP Request: POST https://api.telegram.org/bot8611683567:AAEUSYRNLn-mzLawX3awnTvXJtyTa9x8phg/getUpdates "HTTP/1.1 200 OK"
2026-03-15 09:16:27,383 [INFO] httpx: HTTP Request: POST https://api.telegram.org/bot8611683567:AAEUSYRNLn-mzLawX3awnTvXJtyTa9x8phg/getUpdates "HTTP/1.1 200 OK"
2026-03-15 09:16:37,419 [INFO] httpx: HTTP Request: POST https://api.telegram.org/bot8611683567:AAEUSYRNLn-mzLawX3awnTvXJtyTa9x8phg/getUpdates "HTTP/1.1 200 OK"
2026-03-15 09:16:47,451 [INFO] httpx: HTTP Request: POST https://api.telegram.org/bot8611683567:AAEUSYRNLn-mzLawX3awnTvXJtyTa9x8phg/getUpdates "HTTP/1.1 200 OK"
2026-03-15 09:16:57,486 [INFO] httpx: HTTP Request: POST https://api.telegram.org/bot8611683567:AAEUSYRNLn-mzLawX3awnTvXJtyTa9x8phg/getUpdates "HTTP/1.1 200 OK"
2026-03-15 09:17:07,524 [INFO] httpx: HTTP Request: POST https://api.telegram.org/bot8611683567:AAEUSYRNLn-mzLawX3awnTvXJtyTa9x8phg/getUpdates "HTTP/1.1 200 OK"
2026-03-15 09:17:17,558 [INFO] httpx: HTTP Request: POST https://api.telegram.org/bot8611683567:AAEUSYRNLn-mzLawX3awnTvXJtyTa9x8phg/getUpdates "HTTP/1.1 200 OK"
2026-03-15 09:17:27,594 [INFO] httpx: HTTP Request: POST https://api.telegram.org/bot8611683567:AAEUSYRNLn-mzLawX3awnTvXJtyTa9x8phg/getUpdates "HTTP/1.1 200 OK"
2026-03-15 09:17:37,632 [INFO] httpx: HTTP Request: POST https://api.telegram.org/bot8611683567:AAEUSYRNLn-mzLawX3awnTvXJtyTa9x8phg/getUpdates "HTTP/1.1 200 OK"
2026-03-15 09:17:47,667 [INFO] httpx: HTTP Request: POST https://api.telegram.org/bot8611683567:AAEUSYRNLn-mzLawX3awnTvXJtyTa9x8phg/getUpdates "HTTP/1.1 200 OK"
2026-03-15 09:17:57,703 [INFO] httpx: HTTP Request: POST https://api.telegram.org/bot8611683567:AAEUSYRNLn-mzLawX3awnTvXJtyTa9x8phg/getUpdates "HTTP/1.1 200 OK"
2026-03-15 09:18:07,738 [INFO] httpx: HTTP Request: POST https://api.telegram.org/bot8611683567:AAEUSYRNLn-mzLawX3awnTvXJtyTa9x8phg/getUpdates "HTTP/1.1 200 OK"
2026-03-15 09:18:17,775 [INFO] httpx: HTTP Request: POST https://api.telegram.org/bot8611683567:AAEUSYRNLn-mzLawX3awnTvXJtyTa9x8phg/getUpdates "HTTP/1.1 200 OK"
2026-03-15 09:18:27,809 [INFO] httpx: HTTP Request: POST https://api.telegram.org/bot8611683567:AAEUSYRNLn-mzLawX3awnTvXJtyTa9x8phg/getUpdates "HTTP/1.1 200 OK"
2026-03-15 09:18:37,845 [INFO] httpx: HTTP Request: POST https://api.telegram.org/bot8611683567:AAEUSYRNLn-mzLawX3awnTvXJtyTa9x8phg/getUpdates "HTTP/1.1 200 OK"
2026-03-15 09:18:47,885 [INFO] httpx: HTTP Request: POST https://api.telegram.org/bot8611683567:AAEUSYRNLn-mzLawX3awnTvXJtyTa9x8phg/getUpdates "HTTP/1.1 200 OK"
2026-03-15 09:18:57,923 [INFO] httpx: HTTP Request: POST https://api.telegram.org/bot8611683567:AAEUSYRNLn-mzLawX3awnTvXJtyTa9x8phg/getUpdates "HTTP/1.1 200 OK"
2026-03-15 09:19:07,956 [INFO] httpx: HTTP Request: POST https://api.telegram.org/bot8611683567:AAEUSYRNLn-mzLawX3awnTvXJtyTa9x8phg/getUpdates "HTTP/1.1 200 OK"
2026-03-15 09:19:17,993 [INFO] httpx: HTTP Request: POST https://api.telegram.org/bot8611683567:AAEUSYRNLn-mzLawX3awnTvXJtyTa9x8phg/getUpdates "HTTP/1.1 200 OK"
2026-03-15 09:19:28,030 [INFO] httpx: HTTP Request: POST https://api.telegram.org/bot8611683567:AAEUSYRNLn-mzLawX3awnTvXJtyTa9x8phg/getUpdates "HTTP/1.1 200 OK"
2026-03-15 09:19:38,066 [INFO] httpx: HTTP Request: POST https://api.telegram.org/bot8611683567:AAEUSYRNLn-mzLawX3awnTvXJtyTa9x8phg/getUpdates "HTTP/1.1 200 OK"
2026-03-15 09:19:48,102 [INFO] httpx: HTTP Request: POST https://api.telegram.org/bot8611683567:AAEUSYRNLn-mzLawX3awnTvXJtyTa9x8phg/getUpdates "HTTP/1.1 200 OK"
2026-03-15 09:19:58,140 [INFO] httpx: HTTP Request: POST https://api.telegram.org/bot8611683567:AAEUSYRNLn-mzLawX3awnTvXJtyTa9x8phg/getUpdates "HTTP/1.1 200 OK"
2026-03-15 09:20:08,174 [INFO] httpx: HTTP Request: POST https://api.telegram.org/bot8611683567:AAEUSYRNLn-mzLawX3awnTvXJtyTa9x8phg/getUpdates "HTTP/1.1 200 OK"
2026-03-15 09:20:18,209 [INFO] httpx: HTTP Request: POST https://api.telegram.org/bot8611683567:AAEUSYRNLn-mzLawX3awnTvXJtyTa9x8phg/getUpdates "HTTP/1.1 200 OK"
2026-03-15 09:20:28,251 [INFO] httpx: HTTP Request: POST https://api.telegram.org/bot8611683567:AAEUSYRNLn-mzLawX3awnTvXJtyTa9x8phg/getUpdates "HTTP/1.1 200 OK"
2026-03-15 09:20:38,284 [INFO] httpx: HTTP Request: POST https://api.telegram.org/bot8611683567:AAEUSYRNLn-mzLawX3awnTvXJtyTa9x8phg/getUpdates "HTTP/1.1 200 OK"
2026-03-15 09:20:48,318 [INFO] httpx: HTTP Request: POST https://api.telegram.org/bot8611683567:AAEUSYRNLn-mzLawX3awnTvXJtyTa9x8phg/getUpdates "HTTP/1.1 200 OK"
2026-03-15 09:20:58,355 [INFO] httpx: HTTP Request: POST https://api.telegram.org/bot8611683567:AAEUSYRNLn-mzLawX3awnTvXJtyTa9x8phg/getUpdates "HTTP/1.1 200 OK"
2026-03-15 09:21:08,391 [INFO] httpx: HTTP Request: POST https://api.telegram.org/bot8611683567:AAEUSYRNLn-mzLawX3awnTvXJtyTa9x8phg/getUpdates "HTTP/1.1 200 OK"
2026-03-15 09:21:18,429 [INFO] httpx: HTTP Request: POST https://api.telegram.org/bot8611683567:AAEUSYRNLn-mzLawX3awnTvXJtyTa9x8phg/getUpdates "HTTP/1.1 200 OK"
2026-03-15 09:21:28,464 [INFO] httpx: HTTP Request: POST https://api.telegram.org/bot8611683567:AAEUSYRNLn-mzLawX3awnTvXJtyTa9x8phg/getUpdates "HTTP/1.1 200 OK"
2026-03-15 09:21:38,499 [INFO] httpx: HTTP Request: POST https://api.telegram.org/bot8611683567:AAEUSYRNLn-mzLawX3awnTvXJtyTa9x8phg/getUpdates "HTTP/1.1 200 OK"
2026-03-15 09:21:48,552 [INFO] httpx: HTTP Request: POST https://api.telegram.org/bot8611683567:AAEUSYRNLn-mzLawX3awnTvXJtyTa9x8phg/getUpdates "HTTP/1.1 200 OK"
2026-03-15 09:21:58,588 [INFO] httpx: HTTP Request: POST https://api.telegram.org/bot8611683567:AAEUSYRNLn-mzLawX3awnTvXJtyTa9x8phg/getUpdates "HTTP/1.1 200 OK"
2026-03-15 09:22:08,625 [INFO] httpx: HTTP Request: POST https://api.telegram.org/bot8611683567:AAEUSYRNLn-mzLawX3awnTvXJtyTa9x8phg/getUpdates "HTTP/1.1 200 OK"
2026-03-15 09:22:18,663 [INFO] httpx: HTTP Request: POST https://api.telegram.org/bot8611683567:AAEUSYRNLn-mzLawX3awnTvXJtyTa9x8phg/getUpdates "HTTP/1.1 200 OK"
2026-03-15 09:22:28,719 [INFO] httpx: HTTP Request: POST https://api.telegram.org/bot8611683567:AAEUSYRNLn-mzLawX3awnTvXJtyTa9x8phg/getUpdates "HTTP/1.1 200 OK"
2026-03-15 09:22:38,754 [INFO] httpx: HTTP Request: POST https://api.telegram.org/bot8611683567:AAEUSYRNLn-mzLawX3awnTvXJtyTa9x8phg/getUpdates "HTTP/1.1 200 OK"
2026-03-15 09:22:48,788 [INFO] httpx: HTTP Request: POST https://api.telegram.org/bot8611683567:AAEUSYRNLn-mzLawX3awnTvXJtyTa9x8phg/getUpdates "HTTP/1.1 200 OK"
2026-03-15 09:22:58,824 [INFO] httpx: HTTP Request: POST https://api.telegram.org/bot8611683567:AAEUSYRNLn-mzLawX3awnTvXJtyTa9x8phg/getUpdates "HTTP/1.1 200 OK"
2026-03-15 09:23:08,865 [INFO] httpx: HTTP Request: POST https://api.telegram.org/bot8611683567:AAEUSYRNLn-mzLawX3awnTvXJtyTa9x8phg/getUpdates "HTTP/1.1 200 OK"
2026-03-15 09:23:18,901 [INFO] httpx: HTTP Request: POST https://api.telegram.org/bot8611683567:AAEUSYRNLn-mzLawX3awnTvXJtyTa9x8phg/getUpdates "HTTP/1.1 200 OK"
2026-03-15 09:23:28,935 [INFO] httpx: HTTP Request: POST https://api.telegram.org/bot8611683567:AAEUSYRNLn-mzLawX3awnTvXJtyTa9x8phg/getUpdates "HTTP/1.1 200 OK"
2026-03-15 09:23:38,970 [INFO] httpx: HTTP Request: POST https://api.telegram.org/bot8611683567:AAEUSYRNLn-mzLawX3awnTvXJtyTa9x8phg/getUpdates "HTTP/1.1 200 OK"
2026-03-15 09:23:49,005 [INFO] httpx: HTTP Request: POST https://api.telegram.org/bot8611683567:AAEUSYRNLn-mzLawX3awnTvXJtyTa9x8phg/getUpdates "HTTP/1.1 200 OK"
2026-03-15 09:23:59,043 [INFO] httpx: HTTP Request: POST https://api.telegram.org/bot8611683567:AAEUSYRNLn-mzLawX3awnTvXJtyTa9x8phg/getUpdates "HTTP/1.1 200 OK"
2026-03-15 09:24:09,079 [INFO] httpx: HTTP Request: POST https://api.telegram.org/bot8611683567:AAEUSYRNLn-mzLawX3awnTvXJtyTa9x8phg/getUpdates "HTTP/1.1 200 OK"
2026-03-15 09:24:19,111 [INFO] httpx: HTTP Request: POST https://api.telegram.org/bot8611683567:AAEUSYRNLn-mzLawX3awnTvXJtyTa9x8phg/getUpdates "HTTP/1.1 200 OK"
2026-03-15 09:24:29,147 [INFO] httpx: HTTP Request: POST https://api.telegram.org/bot8611683567:AAEUSYRNLn-mzLawX3awnTvXJtyTa9x8phg/getUpdates "HTTP/1.1 200 OK"
2026-03-15 09:24:39,181 [INFO] httpx: HTTP Request: POST https://api.telegram.org/bot8611683567:AAEUSYRNLn-mzLawX3awnTvXJtyTa9x8phg/getUpdates "HTTP/1.1 200 OK"
2026-03-15 09:24:49,224 [INFO] httpx: HTTP Request: POST https://api.telegram.org/bot8611683567:AAEUSYRNLn-mzLawX3awnTvXJtyTa9x8phg/getUpdates "HTTP/1.1 200 OK"
2026-03-15 09:24:59,266 [INFO] httpx: HTTP Request: POST https://api.telegram.org/bot8611683567:AAEUSYRNLn-mzLawX3awnTvXJtyTa9x8phg/getUpdates "HTTP/1.1 200 OK"
2026-03-15 09:25:09,302 [INFO] httpx: HTTP Request: POST https://api.telegram.org/bot8611683567:AAEUSYRNLn-mzLawX3awnTvXJtyTa9x8phg/getUpdates "HTTP/1.1 200 OK"
2026-03-15 09:25:19,338 [INFO] httpx: HTTP Request: POST https://api.telegram.org/bot8611683567:AAEUSYRNLn-mzLawX3awnTvXJtyTa9x8phg/getUpdates "HTTP/1.1 200 OK"
2026-03-15 09:25:29,375 [INFO] httpx: HTTP Request: POST https://api.telegram.org/bot8611683567:AAEUSYRNLn-mzLawX3awnTvXJtyTa9x8phg/getUpdates "HTTP/1.1 200 OK"
2026-03-15 09:25:39,410 [INFO] httpx: HTTP Request: POST https://api.telegram.org/bot8611683567:AAEUSYRNLn-mzLawX3awnTvXJtyTa9x8phg/getUpdates "HTTP/1.1 200 OK"
2026-03-15 09:25:49,444 [INFO] httpx: HTTP Request: POST https://api.telegram.org/bot8611683567:AAEUSYRNLn-mzLawX3awnTvXJtyTa9x8phg/getUpdates "HTTP/1.1 200 OK"
2026-03-15 09:25:59,490 [INFO] httpx: HTTP Request: POST https://api.telegram.org/bot8611683567:AAEUSYRNLn-mzLawX3awnTvXJtyTa9x8phg/getUpdates "HTTP/1.1 200 OK"
2026-03-15 09:26:09,551 [INFO] httpx: HTTP Request: POST https://api.telegram.org/bot8611683567:AAEUSYRNLn-mzLawX3awnTvXJtyTa9x8phg/getUpdates "HTTP/1.1 200 OK"
2026-03-15 09:26:19,584 [INFO] httpx: HTTP Request: POST https://api.telegram.org/bot8611683567:AAEUSYRNLn-mzLawX3awnTvXJtyTa9x8phg/getUpdates "HTTP/1.1 200 OK"
